//ID    X        Y        EarlyStart(s)    LateStart(s)    Svc(s)    Vol(m3) Wgt(kg)
//--------------------------------------------------------------------------------------
S0001   18.5     -11.5    47523            59551           300       1.8     326.9  
S0002   12.4     -10.7    35008            55418           300       2.3     100.5  
S0003   16.8     -4.3     36615            54766           300       2.3     329.8  
S0004   -4.0     -6.3     47969            64628           300       2.4     95.4   
S0005   14.2     -19.5    37170            53362           300       1.7     93.2   
S0006   15.9     3.7      27964            43564           300       2.9     62.1   
S0007   -14.7    -5.7     48338            64800           300       1.9     226.5  
S0008   16.6     -4.3     31193            44040           300       1.7     226.1  
S0009   16.1     17.7     55181            63495           300       0.9     285.2  
S0010   8.5      1.9      43063            61792           300       1.8     286.9  
S0011   2.6      -12.3    36074            44642           300       1.4     317.6  
S0012   -4.6     -3.8     22469            42885           300       1.1     293.3  
S0013   3.3      9.0      56249            64800           300       2.5     353.3  
S0014   5.4      -0.8     44159            59859           300       1.5     73.0   
S0015   4.2      -14.1    42878            59819           300       1.9     265.7  
S0016   19.9     1.5      45797            63799           300       2.6     278.1  
S0017   14.9     12.3     24732            41473           300       1.6     180.3  
S0018   -11.9    2.9      35797            56958           300       2.8     342.8  
S0019   -7.2     12.0     46653            57317           300       1.7     136.9  
S0020   5.6      -17.8    35818            51652           300       2.8     354.0  
S0021   8.6      -8.2     22782            41645           300       1.8     292.6  
S0022   4.1      -14.5    46349            64800           300       1.0     271.5  
S0023   -10.3    11.0     39095            60384           300       0.5     395.3  
S0024   11.8     -8.9     27768            44208           300       0.6     230.5  
S0025   -17.8    17.7     35689            47565           300       0.9     207.5  
S0026   7.9      7.9      54122            61328           300       0.6     122.5  
S0027   9.3      9.9      41537            55242           300       2.5     318.2  
S0028   -7.7     -5.0     28036            42810           300       1.6     221.2  
S0029   8.8      3.8      23306            36428           300       1.6     102.0  
S0030   -5.3     -11.2    38339            55093           300       3.0     159.1  
S0031   -16.1    9.8      41264            50026           300       1.2     137.4  
S0032   0.8      -15.3    35192            43070           300       1.7     360.4  
S0033   -1.7     -1.8     54734            64800           300       0.9     200.6  
S0034   -0.3     0.6      56930            64800           300       2.9     260.9  
S0035   -14.3    1.2      54874            64800           300       1.0     55.7   
S0036   -13.2    11.4     36812            57427           300       1.1     150.8  
S0037   4.1      -2.8     57320            64800           300       1.0     180.0  
S0038   -7.8     -1.8     43042            59942           300       1.9     269.8  
S0039   -14.0    15.6     31097            43737           300       1.0     185.6  
S0040   -1.5     11.5     40077            52941           300       2.2     137.4  
S0041   6.8      -12.6    25287            40939           300       1.4     186.6  
S0042   9.5      -12.6    54638            64800           300       0.7     210.2  
S0043   5.4      7.4      28714            37031           300       2.7     237.0  
S0044   15.1     -1.3     23800            32602           300       1.0     275.3  
S0045   -11.4    5.1      33602            47324           300       1.1     296.5  
S0046   -17.8    12.4     30758            43781           300       2.1     283.1  
S0047   -6.9     17.4     44008            60835           300       1.3     213.3  
S0048   3.0      8.3      27452            40326           300       2.3     328.4  
S0049   12.6     -7.0     48174            61635           300       1.2     80.3   
S0050   -9.0     -0.4     45083            56326           300       2.1     113.5  
S0051   -17.7    1.7      36915            49091           300       1.4     187.5  
S0052   11.6     5.5      53917            64800           300       2.6     365.5  
S0053   -20.0    7.6      43428            62291           300       1.7     351.9  
S0054   16.2     19.8     56367            64800           300       1.0     392.7  
S0055   -18.6    17.5     25484            44312           300       1.0     299.0  
S0056   -12.3    12.8     46733            64246           300       1.9     355.1  
S0057   -11.1    16.0     43677            55258           300       2.6     300.6  
S0058   19.4     16.7     41496            51634           300       1.8     300.4  
S0059   -14.7    6.5      39800            58126           300       1.5     256.6  
S0060   -19.2    6.4      34323            44221           300       1.5     244.4  
S0061   9.9      -13.6    47223            57667           300       2.1     353.6  
S0062   12.6     12.9     55868            64800           300       2.3     108.8  
S0063   -3.8     12.2     32123            43054           300       1.0     288.6  
S0064   7.2      11.0     52454            64800           300       1.1     151.3  
S0065   -1.1     -6.3     23503            33587           300       1.7     272.6  
S0066   -0.3     -1.1     22419            36504           300       0.7     325.3  
S0067   17.3     -8.1     50044            57467           300       1.0     57.7   
S0068   8.1      -13.3    37520            44848           300       1.6     347.7  
S0069   -12.5    -19.1    24198            39310           300       2.6     119.9  
S0070   -16.6    -12.6    21961            40681           300       2.0     309.0  
S0071   5.4      -7.1     49828            57301           300       1.8     250.9  
S0072   -16.6    14.8     36140            50374           300       3.0     108.0  
S0073   12.8     5.6      36287            57267           300       2.7     269.9  
S0074   -6.0     -16.9    33435            41267           300       1.5     255.7  
S0075   -10.4    -3.9     50464            64800           300       0.8     113.2  
S0076   3.8      7.7      39946            52348           300       1.0     259.8  
S0077   0.6      12.1     29084            48889           300       0.6     358.9  
S0078   15.6     6.3      23415            37553           300       1.1     88.7   
S0079   -17.6    -5.7     41916            60898           300       1.6     372.0  
S0080   -17.8    -8.9     51912            64800           300       2.5     129.6  
S0081   -13.8    13.1     24198            38202           300       0.5     238.9  
S0082   -17.6    8.8      36063            52031           300       2.8     357.7  
S0083   2.0      19.5     48136            55585           300       2.7     392.8  
S0084   -1.4     -1.0     33240            53036           300       1.6     143.4  
S0085   -12.9    -13.1    31811            51749           300       1.9     206.9  
S0086   -12.1    -18.2    21828            32303           300       3.0     352.2  
S0087   14.1     -14.5    46517            64800           300       0.6     118.0  
S0088   4.5      -2.6     30335            37555           300       0.5     313.7  
S0089   19.9     10.6     52415            64800           300       1.0     182.3  
S0090   1.9      9.5      23276            31797           300       1.0     311.2  
S0091   10.4     16.4     38038            51682           300       2.1     169.2  
S0092   17.4     -2.7     35729            54893           300       2.3     267.8  
S0093   -0.3     -11.2    38310            49078           300       2.7     50.0   
S0094   10.3     -7.4     36366            57533           300       3.0     270.2  
S0095   -0.1     14.1     33345            46873           300       2.7     88.3   
S0096   1.9      5.5      48823            64800           300       2.0     251.6  
S0097   -11.5    -1.0     43110            57964           300       2.7     120.3  
S0098   17.9     15.3     32466            52658           300       1.1     226.5  
S0099   11.4     -5.8     30348            39792           300       0.8     207.1  
S0100   8.4      -1.1     39627            52297           300       1.1     229.6  
S0101   18.2     9.5      34223            41903           300       1.0     336.9  
S0102   -11.4    10.8     39923            60631           300       1.2     119.3  
S0103   -2.3     16.5     29074            44488           300       1.1     263.7  
S0104   1.1      -11.9    30360            48501           300       2.3     338.1  
S0105   -3.8     0.7      31059            48733           300       1.4     180.4  
S0106   13.1     -17.0    49598            64800           300       1.3     219.9  
S0107   5.7      2.8      28430            42366           300       2.6     332.4  
S0108   -5.6     6.0      23420            34059           300       0.6     244.9  
S0109   -9.3     -15.8    32104            50003           300       0.8     131.9  
S0110   1.5      -3.8     26611            40376           300       2.6     305.5  
S0111   2.3      5.0      29212            48617           300       1.4     345.7  
S0112   -13.2    10.6     41224            54166           300       2.6     163.9  
S0113   -11.6    -14.8    52931            64800           300       2.4     59.6   
S0114   -12.2    18.3     42625            60009           300       0.7     294.5  
S0115   10.8     7.2      31676            43743           300       0.8     223.4  
S0116   -15.9    12.2     31580            44894           300       1.1     331.2  
S0117   -0.1     7.6      41852            51747           300       2.1     293.3  
S0118   -9.9     11.1     30571            42522           300       2.8     110.9  
S0119   -7.7     -14.3    27280            47471           300       0.8     266.8  
S0120   6.8      1.3      52044            64800           300       1.3     350.8  
S0121   16.7     -14.1    35662            53056           300       0.9     336.2  
S0122   16.3     7.4      53830            64800           300       0.7     259.6  
S0123   3.0      4.1      32315            47750           300       2.6     146.7  
S0124   -11.4    8.7      23840            32588           300       2.2     285.0  
S0125   14.8     13.5     37942            49190           300       0.7     147.3  
S0126   -9.9     14.7     30426            49848           300       2.5     141.2  
S0127   10.5     16.7     54562            64800           300       2.2     93.8   
S0128   10.9     4.7      22093            37774           300       2.6     281.3  
S0129   -13.2    15.9     42737            59832           300       1.1     147.5  
S0130   -5.4     3.0      50783            64800           300       2.3     210.5  
S0131   1.1      -5.1     33228            52773           300       1.5     202.8  
S0132   -17.2    16.9     30367            46690           300       0.9     296.2  
S0133   -16.8    12.6     35968            53915           300       2.7     70.9   
S0134   -14.2    9.3      29183            42222           300       1.7     288.8  
S0135   15.5     -18.0    36579            57715           300       2.2     377.6  
S0136   -14.8    8.6      24016            34363           300       1.0     357.0  
S0137   5.9      4.7      48901            60173           300       1.2     188.1  
S0138   3.0      -0.2     26200            42317           300       0.7     74.7   
S0139   -8.9     -2.7     28882            44209           300       2.7     230.2  
S0140   16.0     7.6      22287            32424           300       2.0     381.2  
S0141   -13.1    -6.0     31780            48903           300       0.9     78.2   
S0142   -5.3     17.5     54904            64800           300       2.1     162.6  
S0143   7.3      -11.1    28199            39737           300       0.6     247.3  
S0144   -5.9     11.5     48635            62550           300       1.1     360.1  
S0145   19.5     -17.6    50532            64800           300       1.0     118.9  
S0146   18.3     -13.4    42688            60581           300       1.8     323.5  
S0147   3.0      7.8      55312            64800           300       1.4     158.6  
S0148   11.0     13.3     53479            64800           300       2.9     52.3   
S0149   -5.8     3.8      47534            61134           300       1.8     346.4  
S0150   4.0      -17.6    53796            61614           300       0.7     275.8  
S0151   -14.0    -14.9    41119            49198           300       2.6     77.3   
S0152   -7.5     0.6      26006            43117           300       1.5     281.3  
S0153   -5.1     -5.6     51210            64800           300       2.2     215.5  
S0154   0.7      10.4     42983            50945           300       2.9     79.5   
S0155   -18.6    -3.7     48487            62937           300       2.5     333.8  
S0156   -3.3     -6.7     34942            55928           300       1.2     77.0   
S0157   -8.3     6.4      50119            64800           300       2.4     254.3  
S0158   -13.4    11.9     21889            38509           300       2.8     267.2  
S0159   -13.5    4.5      27230            45446           300       1.4     249.5  
S0160   -0.9     5.4      49127            64800           300       2.3     260.1  
S0161   -0.0     -7.6     48337            64800           300       0.9     374.0  
S0162   -10.5    -2.6     50746            64800           300       1.9     143.4  
S0163   19.7     -14.7    37883            48251           300       0.7     379.9  
S0164   13.4     19.6     47562            61847           300       1.1     222.5  
S0165   9.6      -18.2    42938            53555           300       0.9     292.2  
S0166   -3.0     -4.0     33037            45423           300       1.5     321.9  
S0167   7.0      15.9     44247            59574           300       1.0     215.2  
S0168   -5.6     0.1      44212            64800           300       2.7     227.3  
S0169   15.2     4.6      26771            39775           300       0.7     175.1  
S0170   12.1     7.4      53671            64140           300       1.9     346.6  
S0171   18.3     -3.6     56174            64800           300       1.2     147.6  
S0172   16.1     0.9      53250            64800           300       1.3     263.6  
S0173   2.8      4.8      31378            39608           300       1.9     91.5   
S0174   -2.6     -0.3     23944            36081           300       2.0     142.7  
S0175   15.9     3.9      47389            64800           300       1.9     52.2   
S0176   -6.3     -2.6     42307            60252           300       2.9     270.9  
S0177   8.3      12.1     48811            57363           300       2.9     299.6  
S0178   -19.1    8.4      28254            39507           300       2.3     326.2  
S0179   -0.5     14.6     44642            56793           300       2.5     88.3   
S0180   -7.1     14.6     41051            55801           300       2.8     72.4   
S0181   2.7      19.3     57592            64800           300       1.7     258.9  
S0182   -8.1     2.3      52207            64800           300       2.6     62.6   
S0183   -6.4     -1.8     40289            50021           300       3.0     148.9  
S0184   -1.1     7.1      52124            64800           300       1.0     389.0  
S0185   8.0      12.7     39348            52790           300       3.0     74.7   
S0186   2.9      -15.5    40141            49673           300       2.0     306.6  
S0187   -2.4     13.9     21979            29565           300       1.8     228.1  
S0188   7.4      3.5      42573            52402           300       2.3     296.5  
S0189   1.2      -6.5     38297            54551           300       0.6     387.0  
S0190   19.4     1.5      55361            64800           300       1.1     224.8  
S0191   14.1     18.2     31542            41162           300       1.9     334.7  
S0192   18.9     -16.4    48805            58090           300       0.9     127.1  
S0193   6.9      0.8      30535            49195           300       1.6     364.2  
S0194   16.2     5.7      33955            45673           300       2.2     306.6  
S0195   16.3     15.4     53305            64800           300       1.8     155.3  
S0196   -0.6     6.5      48014            57610           300       2.0     315.3  
S0197   1.4      -10.4    27357            41878           300       0.6     51.9   
S0198   4.8      -3.0     30717            40025           300       0.7     145.0  
S0199   -16.3    -9.7     39311            56593           300       2.8     212.4  
S0200   3.7      14.5     40420            49542           300       2.9     88.1   
S0201   10.7     2.9      22751            42069           300       2.9     110.0  
S0202   -2.3     13.4     44333            57134           300       2.1     133.0  
S0203   -5.6     0.4      56801            64800           300       0.9     72.9   
S0204   -6.8     -18.5    23189            40269           300       0.7     58.2   
S0205   -2.7     12.4     39184            55012           300       1.5     245.3  
S0206   -2.2     10.2     55201            64800           300       2.1     359.1  
S0207   -19.2    -15.9    27166            42638           300       2.7     89.5   
S0208   -19.0    14.2     37120            56169           300       1.8     386.8  
S0209   2.4      -1.3     48823            62200           300       1.2     113.7  
S0210   -2.8     8.9      54011            64800           300       1.3     154.3  
S0211   9.3      -10.2    32468            51414           300       1.4     252.4  
S0212   9.6      8.1      48759            64800           300       1.0     100.0  
S0213   17.2     -7.3     26652            45828           300       2.5     325.5  
S0214   17.9     -5.4     35308            46323           300       2.3     244.5  
S0215   -6.3     6.4      47989            63250           300       1.7     237.0  
S0216   19.4     -4.2     52543            64800           300       1.9     313.0  
S0217   -0.3     7.1      30826            43094           300       1.5     87.5   
S0218   -17.9    19.2     53338            64800           300       1.9     138.7  
S0219   0.3      13.1     36245            43855           300       0.7     166.3  
S0220   -12.0    -11.0    44620            56090           300       1.2     140.0  
S0221   12.6     -11.4    22540            35321           300       0.7     360.2  
S0222   17.0     14.1     28892            46531           300       0.7     192.9  
S0223   -18.0    -2.7     48712            64800           300       2.2     147.9  
S0224   9.8      4.1      32807            47889           300       1.7     399.5  
S0225   -5.9     -13.7    44497            53650           300       2.9     291.8  
S0226   7.1      -12.7    37946            47722           300       2.9     178.4  
S0227   -18.0    17.2     24999            39173           300       0.8     61.3   
S0228   -2.9     18.5     37162            49691           300       1.7     256.6  
S0229   -13.8    19.4     56170            64800           300       1.8     271.4  
S0230   -2.1     3.1      41551            60494           300       1.7     299.8  
S0231   -2.8     8.5      54761            62851           300       2.2     250.3  
S0232   -13.3    3.8      44416            59724           300       0.6     134.2  
S0233   9.4      8.6      50632            64624           300       2.0     260.8  
S0234   -6.3     -19.0    39945            52529           300       1.1     106.8  
S0235   8.6      19.4     24843            36874           300       2.4     122.4  
S0236   -19.8    -4.5     30535            44882           300       0.8     319.3  
S0237   3.6      -2.6     42176            57612           300       2.9     228.2  
S0238   18.1     -12.4    46693            56304           300       0.9     71.1   
S0239   -11.8    -12.4    44586            57716           300       2.4     220.7  
S0240   1.5      -14.8    25040            44795           300       0.9     387.8  
S0241   8.7      17.6     52073            64800           300       2.8     160.2  
S0242   13.6     8.8      27317            47941           300       1.1     205.3  
S0243   -0.2     14.1     38373            59315           300       2.0     168.0  
S0244   11.9     -9.1     45243            62155           300       1.3     373.9  
S0245   -19.7    -7.9     24442            33714           300       2.7     175.5  
S0246   18.9     17.3     52667            64800           300       1.7     239.1  
S0247   8.1      8.6      28253            46489           300       2.0     378.2  
S0248   10.1     1.2      27261            44552           300       2.8     120.8  
S0249   -12.5    9.2      34797            53530           300       1.1     253.3  
S0250   -19.3    14.9     40589            60703           300       3.0     133.7  
S0251   -10.8    -2.8     52727            64800           300       2.1     98.9   
S0252   14.7     5.3      56987            64800           300       1.7     357.5  
S0253   -12.4    -10.3    21824            41910           300       1.7     317.4  
S0254   -10.1    -7.9     32721            40804           300       2.7     161.8  
S0255   -13.2    -7.1     49718            64800           300       0.9     130.0  
S0256   6.8      19.6     42733            51773           300       2.9     117.5  
S0257   1.5      5.1      49777            63405           300       2.3     343.2  
S0258   -12.5    3.2      30335            42172           300       2.1     104.2  
S0259   6.3      -0.7     47427            56537           300       2.3     366.1  
S0260   10.6     7.7      29054            43530           300       1.2     385.6  
S0261   -8.2     4.9      33952            51329           300       1.1     268.3  
S0262   -13.4    10.9     39332            48140           300       2.5     123.6  
S0263   7.2      -19.7    45991            59885           300       1.1     124.4  
S0264   5.9      1.9      23944            37576           300       1.1     333.7  
S0265   7.2      -2.1     57198            64800           300       1.2     94.1   
S0266   7.3      2.1      28763            39446           300       0.6     357.2  
S0267   11.9     -10.0    24556            32637           300       2.1     58.2   
S0268   -4.0     -7.8     41691            58344           300       1.6     141.9  
S0269   -11.4    7.4      39777            60752           300       1.1     267.7  
S0270   12.8     5.2      43891            61015           300       2.6     86.4   
S0271   -11.6    14.2     47809            55490           300       0.7     155.8  
S0272   4.4      -5.3     55572            64800           300       2.4     282.5  
S0273   4.0      18.1     52287            64800           300       1.4     172.8  
S0274   -19.4    -0.6     50637            64800           300       1.9     336.5  
S0275   -1.1     4.7      35925            49744           300       0.8     94.3   
S0276   16.9     0.8      47335            57457           300       3.0     188.2  
S0277   -13.0    19.3     44752            60746           300       1.1     243.5  
S0278   -14.4    -12.0    45149            64800           300       1.6     183.0  
S0279   13.6     1.4      22392            32054           300       1.0     353.5  
S0280   -14.2    -15.6    32087            40422           300       1.9     69.8   
S0281   15.2     2.5      35550            50242           300       0.9     390.3  
S0282   -12.7    -19.7    44998            52557           300       2.3     94.9   
S0283   18.6     17.6     35487            43844           300       2.8     200.6  
S0284   -9.6     -8.6     39226            51730           300       2.2     399.3  
S0285   -14.6    -13.4    25718            41392           300       2.9     297.3  
S0286   14.0     18.5     39776            49152           300       0.9     279.0  
S0287   -12.7    -9.7     51999            64800           300       2.5     323.6  
S0288   -0.6     -0.3     32952            42576           300       1.3     127.5  
S0289   17.8     -7.1     32710            46652           300       2.9     207.8  
S0290   -19.6    16.2     29299            42560           300       0.9     253.2  
S0291   -16.9    10.4     26670            43629           300       2.9     132.7  
S0292   -8.5     -1.1     49482            60599           300       1.5     267.1  
S0293   13.3     -0.3     36382            48934           300       1.1     320.6  
S0294   -10.7    -6.7     27354            45140           300       2.2     217.8  
S0295   -1.4     6.5      37159            56015           300       2.2     101.3  
S0296   -4.9     -3.9     50589            58234           300       1.2     232.8  
S0297   16.8     4.8      48529            55855           300       1.5     62.5   
S0298   5.8      -0.9     55619            64797           300       2.8     69.4   
S0299   -15.0    -18.5    49636            64800           300       0.6     293.1  
S0300   9.4      7.3      27758            46794           300       1.0     302.8  
S0301   1.7      8.4      33939            41584           300       3.0     390.0  
S0302   17.3     -14.8    21675            29975           300       2.4     350.8  
S0303   15.2     -7.2     42372            57656           300       1.5     207.0  
S0304   -13.1    -17.1    40653            56016           300       1.0     235.3  
S0305   -4.7     -3.3     34330            53246           300       0.9     303.5  
S0306   2.5      -12.6    36292            55869           300       0.5     265.4  
S0307   5.5      5.3      31844            44940           300       1.1     134.1  
S0308   -6.8     1.6      25115            33908           300       1.2     355.1  
S0309   16.4     -15.4    48127            61518           300       1.1     176.1  
S0310   -7.3     -19.4    33648            41219           300       1.1     293.7  
S0311   -15.2    9.2      49063            62701           300       1.3     288.8  
S0312   6.8      -10.6    31374            48732           300       2.6     105.6  
S0313   -3.7     17.3     32380            40686           300       1.9     216.8  
S0314   7.7      19.5     37349            52156           300       2.6     193.4  
S0315   10.5     -14.3    23695            40006           300       2.5     170.4  
S0316   12.4     -2.2     50729            64800           300       1.4     200.7  
S0317   -3.9     17.5     37805            59142           300       1.6     238.6  
S0318   -16.3    -4.5     34249            42357           300       1.9     233.3  
S0319   -10.4    -18.5    47779            60193           300       1.5     120.7  
S0320   0.9      -9.2     54950            64800           300       2.5     152.7  
S0321   6.1      -17.0    22672            37022           300       3.0     55.6   
S0322   1.2      -19.5    39541            53943           300       0.6     363.4  
S0323   6.6      -6.6     41641            52770           300       2.6     214.0  
S0324   9.3      19.1     53071            64800           300       1.5     148.4  
S0325   -10.4    -3.1     36742            47321           300       0.5     117.7  
S0326   -12.4    1.3      29555            50054           300       1.3     103.1  
S0327   -11.4    15.0     26955            37992           300       1.1     163.2  
S0328   -9.8     8.9      38557            50785           300       0.8     248.2  
S0329   -4.4     -17.3    38162            47797           300       2.4     329.5  
S0330   -5.7     -2.6     55393            64800           300       1.6     90.8   
S0331   -2.6     12.5     39988            49137           300       2.7     183.3  
S0332   -9.3     -4.3     43841            54937           300       2.2     188.7  
S0333   14.9     -12.2    22134            34987           300       2.2     119.2  
S0334   -14.0    -18.1    56717            64800           300       2.0     76.3   
S0335   15.6     19.5     25201            33269           300       2.5     379.7  
S0336   -12.0    9.3      53753            61202           300       2.6     130.1  
S0337   10.6     -19.3    23675            38899           300       2.2     394.2  
S0338   16.9     9.6      44121            63844           300       1.5     58.5   
S0339   -9.1     4.3      37970            58056           300       1.7     124.2  
S0340   -3.6     18.8     39640            47862           300       2.8     155.2  
S0341   -6.1     11.2     54056            64800           300       1.5     127.7  
S0342   0.3      11.0     48150            58738           300       1.7     318.6  
S0343   -13.6    4.2      55944            64800           300       0.7     292.8  
S0344   15.2     -9.7     28960            43781           300       2.9     148.2  
S0345   6.8      -3.0     30503            42653           300       1.1     219.5  
S0346   -12.3    10.0     46442            60813           300       0.7     78.8   
S0347   18.7     13.9     46086            57848           300       0.8     367.3  
S0348   -9.9     -15.2    38185            59010           300       1.5     303.9  
S0349   -14.5    -3.4     41540            57015           300       1.5     71.8   
S0350   15.4     12.8     57324            64800           300       1.5     125.8  
S0351   2.0      8.5      29538            41706           300       2.0     197.6  
S0352   6.9      -15.2    50713            58790           300       1.2     150.6  
S0353   19.3     14.9     28655            37396           300       2.2     202.8  
S0354   -17.9    -18.1    48356            64800           300       0.5     273.8  
S0355   17.7     9.6      25267            37846           300       2.4     386.8  
S0356   -8.4     -1.4     29643            38538           300       1.9     52.6   
S0357   -9.7     -1.3     28151            36695           300       2.8     99.4   
S0358   12.6     -5.0     40078            58529           300       0.8     163.0  
S0359   4.8      5.2      56082            64800           300       1.0     389.4  
S0360   11.1     -9.8     38026            45983           300       2.2     246.7  
S0361   -16.1    -5.8     36271            48798           300       2.2     281.7  
S0362   -17.7    8.0      54677            64800           300       2.0     335.2  
S0363   -4.5     -2.6     33754            41650           300       1.7     259.2  
S0364   15.2     -5.2     25365            41143           300       0.5     62.2   
S0365   11.3     -14.4    28203            48451           300       0.6     362.0  
S0366   0.7      -4.6     44313            62884           300       1.1     55.5   
S0367   10.6     4.9      56010            64800           300       2.1     251.5  
S0368   12.3     8.0      48474            64800           300       1.8     272.1  
S0369   19.2     -18.7    51969            60379           300       2.6     386.2  
S0370   4.2      -1.9     34411            44636           300       2.0     357.2  
S0371   -10.4    4.0      23903            40291           300       2.8     311.6  
S0372   -6.4     5.3      23580            35349           300       2.8     324.9  
S0373   -17.5    -9.9     31721            46491           300       2.4     392.5  
S0374   -15.4    -6.6     45934            58506           300       2.9     122.2  
S0375   -4.8     -2.9     28925            36192           300       2.2     183.0  
S0376   1.4      -12.1    43215            59526           300       2.5     115.7  
S0377   -11.7    -5.9     48639            62928           300       1.7     159.6  
S0378   -15.2    9.5      28694            37601           300       2.7     176.9  
S0379   -17.7    7.6      54212            64800           300       2.6     234.5  
S0380   -7.3     -9.8     56888            64800           300       3.0     317.5  
S0381   -11.2    -9.4     27261            44580           300       0.7     248.5  
S0382   -19.2    6.9      39817            47628           300       1.5     378.7  
S0383   0.1      15.3     57564            64800           300       1.1     337.0  
S0384   4.6      -1.5     42896            55754           300       2.6     358.9  
S0385   5.9      12.4     50755            64800           300       2.2     164.6  
S0386   -13.4    -12.7    38370            48823           300       2.0     193.7  
S0387   -19.7    -8.0     35180            52873           300       2.3     72.5   
S0388   -5.8     1.4      45728            63120           300       1.9     360.5  
S0389   12.2     15.8     32241            48705           300       2.2     81.9   
S0390   0.7      4.4      44587            54983           300       0.7     174.1  
S0391   -8.2     -16.3    47900            64800           300       2.9     375.9  
S0392   -7.1     -1.6     52803            64800           300       2.4     312.7  
S0393   12.8     12.7     52361            64682           300       2.9     228.3  
S0394   0.9      -0.2     22720            34171           300       2.5     74.2   
S0395   1.9      -17.4    23672            37572           300       0.6     342.4  
S0396   15.4     17.4     39432            60578           300       2.4     264.7  
S0397   4.7      17.2     42928            62165           300       1.7     131.7  
S0398   8.9      -4.7     41776            51731           300       1.9     164.2  
S0399   -16.2    12.3     53134            64800           300       0.7     338.1  
S0400   4.3      -9.0     41711            51178           300       1.3     77.2   
S0401   -17.5    -3.0     21739            42582           300       2.0     116.3  
S0402   7.2      14.9     41980            52230           300       1.5     240.7  
S0403   1.1      19.4     51500            59807           300       1.2     368.8  
S0404   19.5     -3.6     31721            49458           300       1.5     181.4  
S0405   -15.4    -15.8    47780            62115           300       2.0     74.9   
S0406   -1.6     -13.4    27512            40749           300       0.5     360.4  
S0407   13.3     16.7     21604            30236           300       2.5     348.1  
S0408   -19.4    -3.6     53210            64800           300       2.8     385.2  
S0409   -19.3    15.4     45860            56135           300       1.2     116.4  
S0410   -9.5     -6.5     54055            64800           300       1.8     275.2  
S0411   9.3      -14.0    37546            49291           300       1.5     311.0  
S0412   6.7      -12.7    40728            53929           300       0.8     263.7  
S0413   15.7     -13.8    22103            39469           300       2.1     258.6  
S0414   10.3     -11.1    23137            44399           300       1.4     331.7  
S0415   -18.9    -9.0     39250            58421           300       1.7     138.4  
S0416   -8.4     2.9      28267            40500           300       0.9     378.5  
S0417   -15.0    -8.1     45869            64124           300       2.1     245.9  
S0418   -5.7     5.0      25422            38850           300       2.3     360.5  
S0419   -13.1    -10.1    37076            58461           300       2.2     195.1  
S0420   1.7      -14.2    47564            55987           300       1.8     379.4  
S0421   -13.6    -2.9     23925            34871           300       0.8     72.2   
S0422   19.1     -19.1    24362            38261           300       1.2     374.5  
S0423   9.2      -10.5    50089            64800           300       2.6     141.9  
S0424   7.4      -7.4     27144            43515           300       1.5     203.1  
S0425   -17.8    12.7     27809            46907           300       1.4     388.8  
S0426   10.0     1.7      30208            40392           300       1.0     66.6   
S0427   3.6      -6.8     54573            64800           300       2.8     201.3  
S0428   -15.9    -5.4     39324            52027           300       1.4     157.7  
S0429   -11.1    4.9      48007            58052           300       1.0     358.5  
S0430   12.1     -5.6     30256            50329           300       1.7     101.8  
S0431   -17.5    4.9      27453            37148           300       1.9     397.0  
S0432   -8.2     -16.9    42424            61950           300       1.0     348.5  
S0433   -6.1     -13.2    38843            49862           300       2.9     251.6  
S0434   0.8      16.8     45035            61602           300       0.9     77.8   
S0435   -19.8    7.4      53335            62073           300       2.2     245.6  
S0436   -19.2    -4.3     53886            64800           300       2.1     85.9   
S0437   -5.9     3.3      31640            43126           300       1.6     397.2  
S0438   2.4      9.9      32660            43480           300       0.8     92.2   
S0439   -10.5    -19.3    42655            54513           300       0.7     248.8  
S0440   19.0     0.2      30401            41480           300       0.8     241.4  
S0441   6.0      -1.5     41942            50785           300       2.3     218.1  
S0442   2.3      2.6      26847            45132           300       1.4     295.1  
S0443   -9.7     14.0     31382            52396           300       1.3     130.4  
S0444   -15.8    -6.8     42024            57553           300       1.1     262.5  
S0445   3.9      -12.8    26482            36305           300       2.6     384.7  
S0446   6.1      4.0      57043            64800           300       1.7     75.5   
S0447   -10.7    2.5      53410            64800           300       1.9     165.3  
S0448   4.7      -17.4    44522            64800           300       2.5     93.5   
S0449   -7.9     1.1      53003            63725           300       2.4     68.5   
S0450   15.3     14.3     53832            64800           300       2.4     83.7   
S0451   15.1     -17.4    26635            34384           300       1.2     227.5  
S0452   16.8     14.5     25969            38964           300       3.0     149.0  
S0453   -5.1     9.3      53889            64800           300       1.6     118.9  
S0454   -18.0    18.2     30027            40654           300       2.0     169.0  
S0455   -1.4     8.6      56761            64800           300       1.5     74.4   
S0456   14.4     -5.9     41945            52314           300       1.0     289.6  
S0457   -11.2    -8.8     50838            64800           300       3.0     317.3  
S0458   15.0     15.6     24503            43640           300       0.9     224.4  
S0459   10.7     9.2      48505            64800           300       1.8     293.8  
S0460   -13.3    8.8      51792            64800           300       2.3     300.5  
S0461   16.6     0.4      46094            55438           300       0.8     87.6   
S0462   -15.9    12.0     36315            50587           300       0.8     218.2  
S0463   -13.4    3.8      51351            64800           300       1.6     268.7  
S0464   0.4      5.9      25685            38072           300       1.0     390.9  
S0465   -10.1    13.9     29936            44105           300       2.9     160.4  
S0466   11.5     -9.4     47673            61137           300       2.9     264.5  
S0467   -1.2     5.7      22786            38837           300       1.1     58.7   
S0468   -8.3     -9.6     28795            48837           300       1.7     143.2  
S0469   17.8     -11.6    34949            44918           300       1.0     394.0  
S0470   -14.4    -10.7    33474            52077           300       2.4     79.4   
S0471   -7.5     15.2     31853            41021           300       0.8     156.3  
S0472   -9.4     0.6      30404            47241           300       2.9     262.8  
S0473   0.2      -2.7     39445            57727           300       2.2     110.4  
S0474   -14.4    -19.9    43740            53508           300       2.2     102.8  
S0475   -18.0    -16.5    23881            36541           300       0.7     57.5   
S0476   19.7     -13.4    43336            58055           300       0.8     304.3  
S0477   -16.4    1.0      53007            64800           300       1.6     393.7  
S0478   5.7      19.4     55838            64800           300       2.8     273.2  
S0479   -9.4     -3.0     41166            49341           300       2.5     379.8  
S0480   -0.8     4.6      56845            64800           300       0.7     329.4  
S0481   -5.1     -13.3    21855            37651           300       1.8     337.2  
S0482   14.8     -14.5    48465            64800           300       1.8     377.5  
S0483   13.7     -16.7    56945            64800           300       2.2     224.6  
S0484   1.6      -4.3     30574            41556           300       2.2     236.2  
S0485   17.3     -13.6    34135            46982           300       1.5     251.3  
S0486   16.2     -16.4    36878            53168           300       2.0     72.9   
S0487   1.0      -19.8    28301            45196           300       2.2     259.8  
S0488   -16.5    18.6     31030            48942           300       1.4     138.4  
S0489   -15.8    -2.2     42888            55720           300       1.3     165.2  
S0490   -5.5     17.9     51428            64800           300       0.6     167.3  
S0491   5.0      -7.7     42524            63128           300       1.0     147.6  
S0492   -15.9    16.9     43268            53911           300       1.8     166.4  
S0493   9.1      16.5     44007            55156           300       1.7     115.3  
S0494   -0.6     8.1      53104            64800           300       2.0     329.4  
S0495   -10.7    15.4     43164            52925           300       1.0     105.5  
S0496   17.2     -8.1     21862            40792           300       2.2     112.1  
S0497   -9.6     -1.6     33099            47169           300       1.5     71.8   
S0498   7.0      17.6     27620            47728           300       2.6     50.7   
S0499   16.8     1.5      48204            64400           300       1.2     69.0   
S0500   -0.7     17.1     23872            36347           300       2.8     389.6  
S0501   -12.7    6.4      52459            64800           300       1.7     395.7  
S0502   16.6     -6.4     21986            41516           300       1.8     222.9  
S0503   -7.2     -14.4    28558            50146           300       1.4     176.9  
S0504   -16.8    -7.3     42019            59936           300       1.8     245.1  
S0505   -2.7     17.5     41890            58754           300       0.5     262.8  
S0506   5.9      19.2     36768            55070           300       1.5     107.1  
S0507   1.1      4.9      55556            64800           300       1.2     62.0   
S0508   18.6     -4.3     23128            32394           300       0.8     108.6  
S0509   12.0     -3.7     42316            59982           300       2.0     66.9   
S0510   -4.7     -16.6    24900            43825           300       0.7     318.9  
S0511   -2.3     14.7     27029            37454           300       2.1     65.7   
S0512   17.3     18.2     53844            64800           300       2.6     98.8   
S0513   18.2     -6.8     27592            45932           300       2.7     142.1  
S0514   7.8      -10.3    55111            64174           300       0.6     380.5  
S0515   -1.0     -7.0     54951            64800           300       2.6     144.2  
S0516   -13.1    -6.9     52515            64800           300       0.8     215.7  
S0517   7.6      9.4      48405            58110           300       2.4     155.5  
S0518   -3.2     -0.9     37139            51740           300       2.7     241.7  
S0519   -15.3    10.7     54947            64800           300       1.1     252.9  
S0520   -14.8    17.3     30816            40025           300       1.3     327.6  
S0521   2.8      16.2     26007            40004           300       1.3     280.5  
S0522   -3.4     12.9     38438            56987           300       0.8     214.2  
S0523   18.7     1.9      54582            64800           300       1.8     327.7  
S0524   -14.7    -16.9    42040            53689           300       1.2     145.9  
S0525   15.5     -10.6    38833            57654           300       1.0     61.9   
S0526   11.5     -13.6    25871            44586           300       2.1     369.3  
S0527   6.4      9.6      55372            64800           300       1.8     337.2  
S0528   4.7      -10.8    25548            36766           300       2.9     112.5  
S0529   -10.8    1.1      38186            52908           300       0.7     172.4  
S0530   -4.5     -11.4    48909            64800           300       1.9     302.8  
S0531   -17.0    10.6     53525            64800           300       1.8     395.8  
S0532   18.5     -3.1     28333            46990           300       2.7     368.1  
S0533   0.8      14.6     48042            59671           300       2.0     347.9  
S0534   -16.4    0.7      27637            36086           300       1.4     237.8  
S0535   15.2     -3.6     46626            56541           300       2.2     65.9   
S0536   -4.5     -8.0     23423            34446           300       2.5     362.7  
S0537   1.7      -16.8    52603            64800           300       1.9     211.3  
S0538   11.1     -19.5    42890            52634           300       1.3     194.1  
S0539   -12.4    8.4      32614            50830           300       2.6     330.6  
S0540   14.5     -3.4     24344            35131           300       1.4     121.7  
S0541   -2.8     -9.9     40170            57221           300       2.7     166.2  
S0542   12.7     13.9     56100            64800           300       2.9     84.3   
S0543   4.6      11.7     44310            61061           300       2.8     287.7  
S0544   7.8      -16.2    37344            48243           300       2.4     234.1  
S0545   -0.2     11.1     44902            55481           300       1.4     299.6  
S0546   3.4      -1.3     27435            35264           300       2.7     162.4  
S0547   0.3      4.6      35755            49607           300       2.9     305.5  
S0548   -7.0     -13.3    56144            64800           300       1.5     389.2  
S0549   -18.8    -4.4     47197            64643           300       1.5     338.5  
S0550   13.3     12.4     43003            61650           300       2.0     140.2  
S0551   1.7      0.1      47869            64800           300       2.3     334.4  
S0552   12.5     -10.9    24181            37272           300       1.2     152.1  
S0553   -0.2     14.5     44803            64707           300       1.9     195.6  
S0554   6.6      14.2     34943            44080           300       0.5     362.0  
S0555   -16.9    1.9      38087            46632           300       2.5     291.8  
S0556   10.4     -17.8    34636            47817           300       0.6     137.1  
S0557   1.5      -9.1     46124            63411           300       2.9     82.2   
S0558   1.2      -11.6    30968            50649           300       2.1     80.3   
S0559   16.4     -13.1    26760            47837           300       3.0     325.4  
S0560   4.8      15.3     43973            59177           300       2.8     111.6  
S0561   14.6     -3.2     41870            55146           300       0.9     140.0  
S0562   15.7     9.0      34389            42308           300       1.0     55.3   
S0563   -13.3    6.4      32029            42628           300       2.2     119.3  
S0564   17.3     -18.7    41410            61280           300       1.4     190.9  
S0565   14.8     -4.7     43970            55194           300       1.1     319.1  
S0566   -13.7    -6.6     43417            64584           300       1.4     64.7   
S0567   -18.6    -18.7    44361            64800           300       2.2     177.7  
S0568   2.8      -8.6     21718            41712           300       2.6     316.6  
S0569   -8.6     -8.0     27778            37712           300       2.2     390.5  
S0570   -16.8    -1.0     55066            64800           300       1.7     150.6  
S0571   18.6     -4.3     26031            45935           300       2.7     215.2  
S0572   16.8     -19.2    23656            32090           300       2.1     151.0  
S0573   12.6     -15.8    25930            39769           300       2.7     339.1  
S0574   -18.8    -3.2     43454            57597           300       0.6     351.8  
S0575   11.7     12.7     38035            52164           300       2.6     139.3  
S0576   14.4     12.3     51087            64800           300       1.9     107.9  
S0577   15.9     -4.9     48953            64800           300       2.3     129.7  
S0578   -0.4     15.0     37182            57380           300       1.6     119.5  
S0579   16.8     16.8     57247            64800           300       0.5     184.5  
S0580   -0.5     3.1      25302            42564           300       2.3     91.9   
S0581   -8.9     -1.7     54958            64800           300       0.9     229.1  
S0582   5.4      18.2     43877            54546           300       2.9     397.3  
S0583   -3.8     -3.7     28218            39212           300       1.7     54.4   
S0584   12.5     -17.6    27607            43566           300       2.1     316.0  
S0585   19.4     6.3      43660            55430           300       0.8     151.4  
S0586   -16.2    -2.1     35183            51655           300       0.7     52.5   
S0587   -12.8    -3.0     32080            50968           300       2.5     182.8  
S0588   -17.2    -7.9     21824            37798           300       3.0     324.6  
S0589   9.2      10.1     53720            64800           300       1.4     214.2  
S0590   14.9     17.0     26827            44929           300       3.0     190.7  
S0591   -9.7     16.5     54190            64800           300       2.3     254.2  
S0592   12.8     1.9      34003            48794           300       1.5     262.2  
S0593   -0.5     17.3     38872            49277           300       2.8     165.6  
S0594   16.1     13.4     53627            64800           300       1.5     149.0  
S0595   18.3     18.9     31012            42142           300       1.2     320.1  
S0596   12.0     7.2      52319            59695           300       2.4     289.4  
S0597   -14.2    -19.5    45812            57320           300       2.1     395.8  
S0598   15.9     -13.9    50224            64800           300       2.0     369.2  
S0599   2.0      -16.2    57251            64800           300       2.2     53.9   
S0600   -6.0     7.6      47658            60905           300       1.8     321.1  
S0601   11.2     -18.8    49494            58590           300       3.0     201.0  
S0602   -19.6    2.1      35056            45014           300       2.3     174.4  
S0603   12.1     -18.9    45183            64800           300       1.2     70.0   
S0604   -11.2    -6.4     42921            53479           300       1.0     186.9  
S0605   -18.9    -7.0     31947            47368           300       2.6     260.4  
S0606   -7.6     -5.0     56018            64570           300       2.4     186.3  
S0607   -19.4    -6.7     24876            39501           300       1.8     77.3   
S0608   14.8     -5.8     45059            58981           300       0.7     391.1  
S0609   -3.3     12.7     25025            35949           300       2.1     271.5  
S0610   -12.2    11.6     55295            64378           300       2.8     106.1  
S0611   -16.6    17.8     42113            58762           300       2.5     97.9   
S0612   5.6      16.4     23091            41498           300       2.1     286.3  
S0613   -4.8     -3.2     40328            48368           300       1.0     217.4  
S0614   8.6      9.3      36432            53947           300       1.8     199.5  
S0615   -18.9    0.6      27322            47355           300       2.1     365.0  
S0616   7.4      -13.3    23460            34265           300       2.0     112.0  
S0617   12.5     1.5      22163            31246           300       1.1     260.2  
S0618   -11.4    -15.6    33780            41023           300       1.1     126.2  
S0619   -13.8    19.2     36911            47704           300       2.2     259.4  
S0620   -7.7     17.3     53173            64800           300       2.2     294.6  
S0621   6.2      -14.4    31414            48418           300       0.5     164.5  
S0622   13.0     9.6      51496            64800           300       2.1     179.1  
S0623   11.6     3.9      54240            64800           300       1.7     309.0  
S0624   -18.9    -11.7    52724            64800           300       0.8     102.2  
S0625   -17.4    -14.9    37287            44771           300       1.9     312.5  
S0626   -15.3    -9.5     53598            64800           300       1.9     306.8  
S0627   -19.0    3.4      32427            51000           300       2.5     206.2  
S0628   12.4     3.1      49605            58780           300       1.6     202.5  
S0629   -17.9    6.2      42238            58082           300       1.3     315.4  
S0630   6.0      -19.8    44121            61131           300       0.6     328.9  
S0631   -0.8     7.0      54097            64800           300       2.5     248.8  
S0632   17.7     18.0     54906            64800           300       1.1     77.2   
S0633   -4.6     3.4      56951            64335           300       1.5     366.4  
S0634   -10.5    -3.4     46669            54264           300       2.4     71.6   
S0635   0.3      -16.8    27222            37726           300       0.6     375.0  
S0636   -5.1     -18.1    33785            45985           300       2.5     262.5  
S0637   9.7      0.1      27629            37043           300       2.8     161.7  
S0638   0.0      -13.1    37121            46801           300       1.1     343.9  
S0639   -0.7     13.1     37887            58651           300       1.4     94.8   
S0640   9.9      -0.8     43419            61111           300       2.4     298.3  
S0641   11.7     2.1      48830            64800           300       2.7     336.3  
S0642   7.4      1.7      47246            61890           300       2.8     54.5   
S0643   -13.5    19.8     52755            63708           300       0.9     173.7  
S0644   -19.6    18.0     40681            49710           300       2.4     293.3  
S0645   12.9     15.0     44459            59480           300       2.1     280.2  
S0646   10.2     17.4     38494            51534           300       0.8     371.5  
S0647   -14.2    -16.9    35325            50402           300       0.9     238.6  
S0648   -13.6    -5.9     42366            52762           300       1.5     289.5  
S0649   -15.1    7.0      26134            41272           300       1.7     104.8  
S0650   -0.5     11.2     48207            64800           300       2.8     313.8  
S0651   0.3      4.1      26246            45991           300       1.2     63.6   
S0652   7.7      -18.2    48521            61003           300       0.8     338.8  
S0653   -15.4    7.9      25060            33715           300       1.9     231.4  
S0654   8.0      -17.3    51440            60030           300       2.8     327.8  
S0655   6.3      -11.6    28093            47750           300       2.8     292.7  
S0656   -6.2     6.7      22378            42413           300       2.0     393.7  
S0657   -1.6     -3.5     27066            45820           300       1.5     312.6  
S0658   8.4      18.2     31712            47159           300       1.9     147.2  
S0659   -8.6     -0.5     27024            39761           300       2.1     327.5  
S0660   17.0     -15.9    43986            64742           300       2.1     250.8  
S0661   -14.2    -3.0     54338            64800           300       1.7     235.5  
S0662   14.1     10.8     30516            44795           300       0.7     57.7   
S0663   19.0     -5.9     52273            64800           300       1.3     392.7  
S0664   -1.1     -12.2    52454            64800           300       1.0     283.4  
S0665   0.7      -7.5     35909            53988           300       1.1     126.1  
S0666   -12.3    6.2      32975            52282           300       0.7     292.3  
S0667   13.3     -13.5    38996            54157           300       1.8     247.9  
S0668   -1.3     12.4     56378            64800           300       1.4     50.6   
S0669   13.3     5.7      34064            46746           300       0.7     398.3  
S0670   2.7      14.9     38025            55393           300       1.0     117.7  
S0671   16.5     -1.6     27565            44274           300       1.5     80.6   
S0672   2.4      5.2      36887            54094           300       1.1     170.9  
S0673   5.5      -19.1    40432            61553           300       1.7     148.1  
S0674   10.3     -1.0     24683            34075           300       2.9     332.3  
S0675   10.9     -17.6    35476            44429           300       1.1     109.5  
S0676   -16.8    18.1     40662            55935           300       2.9     211.8  
S0677   11.5     12.0     23191            37323           300       1.3     95.7   
S0678   15.1     5.0      51854            64800           300       2.1     244.4  
S0679   13.6     -12.6    37443            48577           300       1.5     375.7  
S0680   6.8      -8.4     43076            59441           300       1.4     58.6   
S0681   -4.5     -2.2     21943            38023           300       0.5     176.6  
S0682   -19.6    -5.2     34049            51348           300       1.4     315.5  
S0683   3.0      -2.4     31860            50503           300       2.2     125.9  
S0684   -0.8     -8.1     31070            39315           300       1.4     394.7  
S0685   -9.4     10.9     27012            46976           300       1.2     215.8  
S0686   13.2     -15.7    48897            60691           300       1.6     362.0  
S0687   2.4      11.3     31813            50265           300       0.5     379.3  
S0688   9.6      15.5     51956            64800           300       2.2     149.9  
S0689   17.9     14.8     51987            60458           300       1.3     151.1  
S0690   -17.3    -11.7    47616            64800           300       1.7     285.4  
S0691   11.1     -19.6    22581            30123           300       0.8     278.2  
S0692   18.1     17.5     23176            35439           300       1.7     150.0  
S0693   -16.0    -18.8    47007            61658           300       0.6     192.4  
S0694   11.4     2.6      33953            42677           300       0.9     317.5  
S0695   -6.3     18.2     51685            64800           300       0.9     142.2  
S0696   5.2      -13.8    50542            61813           300       2.4     384.8  
S0697   9.9      19.7     34208            48284           300       2.3     116.5  
S0698   14.6     18.5     41144            54847           300       1.9     253.5  
S0699   13.1     -7.7     31897            47628           300       0.8     242.6  
S0700   -9.4     19.4     51147            64800           300       1.5     298.1  
S0701   -11.0    3.2      24500            38492           300       2.8     53.8   
S0702   -2.4     -15.8    43692            56268           300       0.7     222.0  
S0703   -12.9    14.5     53815            64800           300       2.7     266.5  
S0704   -14.0    -2.6     25207            38795           300       1.6     297.3  
S0705   -16.9    -15.8    42040            58432           300       1.2     370.9  
S0706   15.6     -12.7    26934            40006           300       2.1     86.8   
S0707   15.1     -13.2    27109            39967           300       1.1     68.4   
S0708   13.2     15.1     49916            64800           300       1.2     274.4  
S0709   3.7      -19.0    26733            42827           300       2.6     294.3  
S0710   1.4      5.6      33280            42321           300       1.6     210.9  
S0711   8.8      6.5      42540            59287           300       2.7     348.5  
S0712   -14.3    2.5      46198            64800           300       1.6     133.0  
S0713   3.8      17.3     24661            39930           300       1.3     249.5  
S0714   -2.6     3.7      45640            60529           300       0.9     267.5  
S0715   -19.6    12.1     31225            49302           300       2.4     257.9  
S0716   -8.4     9.4      51027            64800           300       1.5     124.0  
S0717   3.6      -5.5     51700            64800           300       1.2     169.2  
S0718   0.6      18.9     36861            52066           300       1.8     277.7  
S0719   0.1      -7.1     24600            34195           300       3.0     205.2  
S0720   16.8     4.3      54418            64791           300       2.4     399.0  
S0721   18.8     14.0     42065            54507           300       1.4     387.4  
S0722   11.3     -18.6    45215            59070           300       2.2     371.5  
S0723   7.5      -8.7     26456            35171           300       2.9     336.2  
S0724   17.2     -1.6     41958            59925           300       1.5     160.9  
S0725   -8.8     -5.6     31733            42263           300       2.8     345.4  
S0726   4.6      -4.0     26112            41016           300       1.6     217.9  
S0727   -5.9     3.1      22444            43671           300       2.4     218.0  
S0728   3.7      -6.5     48658            64800           300       0.5     258.6  
S0729   -16.0    -1.4     31977            50425           300       2.3     89.8   
S0730   14.6     -16.8    41479            55461           300       2.8     249.0  
S0731   -3.3     0.6      25254            44603           300       0.6     336.3  
S0732   5.3      2.8      45612            63684           300       2.9     148.0  
S0733   -19.3    6.7      33145            40826           300       1.1     181.6  
S0734   -16.1    -8.6     32265            46224           300       1.6     163.3  
S0735   -13.4    -11.2    47771            64800           300       0.9     363.0  
S0736   -15.7    -1.8     37115            50574           300       1.9     171.1  
S0737   5.4      13.1     35988            50147           300       2.4     74.6   
S0738   -6.2     -19.8    22831            33378           300       2.4     227.4  
S0739   18.1     19.6     51140            64800           300       1.7     262.4  
S0740   -9.7     17.0     53146            62684           300       1.9     291.6  
S0741   -6.5     19.2     25419            39702           300       2.9     297.5  
S0742   6.6      -4.5     33621            42754           300       2.0     169.0  
S0743   -5.5     -12.8    27800            45797           300       0.5     383.0  
S0744   -18.5    18.3     44244            57632           300       0.5     259.8  
S0745   8.4      8.7      38544            50640           300       3.0     292.5  
S0746   -14.0    -19.6    50214            64800           300       2.8     245.8  
S0747   -0.8     13.0     49781            57941           300       1.4     383.0  
S0748   6.5      14.4     51816            64800           300       3.0     128.7  
S0749   -14.5    16.4     48950            60844           300       2.9     179.8  
S0750   -10.4    19.9     55907            64800           300       2.2     206.7  
S0751   11.4     -19.2    37590            51317           300       1.2     147.5  
S0752   -3.6     -12.3    50821            64800           300       0.7     336.1  
S0753   -13.5    11.9     43829            55585           300       2.3     115.0  
S0754   15.5     12.0     48187            55659           300       0.8     366.6  
S0755   4.9      18.7     46939            60092           300       1.7     390.3  
S0756   9.9      -4.9     49420            62297           300       2.1     226.6  
S0757   0.5      -4.9     31460            42688           300       1.3     259.9  
S0758   5.8      -16.4    36722            57734           300       0.9     252.7  
S0759   12.3     12.8     27814            41402           300       1.0     381.1  
S0760   -13.4    -2.3     47634            57001           300       2.0     238.4  
S0761   6.0      1.9      22270            34040           300       2.6     219.6  
S0762   8.7      18.7     25723            39756           300       2.4     297.6  
S0763   -9.8     1.5      49113            64800           300       1.8     102.7  
S0764   -10.4    -3.7     52733            64800           300       2.8     149.2  
S0765   13.1     8.0      26527            39188           300       0.9     135.0  
S0766   15.7     -17.0    47007            64077           300       2.3     249.2  
S0767   16.1     3.4      35003            47109           300       0.5     180.8  
S0768   19.5     -14.3    44163            63382           300       2.2     286.4  
S0769   -5.3     -7.2     27174            41882           300       0.8     337.8  
S0770   2.0      11.6     42038            54832           300       2.0     195.2  
S0771   -4.8     7.0      42162            61792           300       1.4     273.1  
S0772   -15.1    -8.5     44976            64800           300       1.1     233.2  
S0773   13.7     7.2      23219            40013           300       0.6     94.2   
S0774   -16.9    14.9     40171            50108           300       0.6     152.2  
S0775   19.6     5.9      22888            30443           300       1.9     78.1   
S0776   4.9      -19.5    35295            45048           300       2.7     336.5  
S0777   -5.4     15.5     36424            44298           300       2.5     69.8   
S0778   8.1      -6.4     23418            40721           300       1.6     208.1  
S0779   5.5      -4.6     54344            64800           300       1.7     53.6   
S0780   15.6     18.6     52605            64800           300       0.7     103.7  
S0781   19.8     -5.9     57385            64800           300       1.9     245.0  
S0782   -15.0    -6.0     48403            55950           300       1.8     369.0  
S0783   -9.6     7.2      53343            62975           300       2.3     240.6  
S0784   16.8     9.8      54891            64800           300       0.9     212.7  
S0785   4.4      -6.8     36317            56649           300       2.5     257.6  
S0786   -5.9     -17.1    35477            54282           300       0.6     156.1  
S0787   -13.9    -10.5    37149            47924           300       2.5     354.7  
S0788   -18.5    4.8      56858            64800           300       0.9     248.2  
S0789   -14.1    -11.5    46252            57652           300       1.8     376.9  
S0790   14.2     -4.3     41845            61309           300       2.5     174.7  
S0791   -6.5     -7.9     47251            55987           300       1.8     295.1  
S0792   -11.3    -18.4    30766            43492           300       3.0     174.5  
S0793   -6.7     -13.3    33217            52188           300       1.5     394.6  
S0794   -3.4     -10.2    47926            64800           300       1.9     128.0  
S0795   12.0     16.6     53940            64800           300       0.9     374.3  
S0796   0.3      5.4      32542            46324           300       1.1     103.4  
S0797   -3.9     -16.5    41415            51242           300       1.0     283.7  
S0798   -14.3    -15.8    44560            60868           300       0.7     184.6  
S0799   17.5     -2.2     47158            62427           300       2.4     341.2  
S0800   11.8     -16.7    24624            40933           300       1.3     170.8  
S0801   -9.5     -19.0    34157            49157           300       1.5     237.8  
S0802   8.0      14.7     33996            53777           300       3.0     70.1   
S0803   -15.9    18.5     23120            37233           300       2.7     210.3  
S0804   18.3     -13.5    47902            62863           300       0.6     197.3  
S0805   12.3     18.6     32260            52272           300       0.6     354.9  
S0806   -15.6    18.5     27363            35840           300       0.5     347.6  
S0807   -3.6     13.7     35035            53385           300       3.0     362.5  
S0808   0.8      11.9     46869            63910           300       1.7     216.0  
S0809   12.7     -7.8     24605            43880           300       0.7     227.4  
S0810   -0.7     -18.9    55172            64800           300       2.6     372.7  
S0811   -6.4     -9.9     25202            34561           300       2.1     156.7  
S0812   -17.4    8.3      56338            64800           300       1.4     228.3  
S0813   -18.8    -2.8     27213            47911           300       0.6     232.8  
S0814   5.5      14.7     48109            58346           300       1.9     62.6   
S0815   12.9     -3.3     35412            43697           300       0.9     229.8  
S0816   17.1     -1.7     24037            44882           300       2.6     112.8  
S0817   -5.7     3.2      48586            63877           300       2.4     303.4  
S0818   12.6     10.6     36750            54300           300       2.1     300.5  
S0819   3.0      19.3     31390            41005           300       1.7     321.1  
S0820   -8.2     -1.1     44944            59226           300       2.2     97.3   
S0821   -6.6     1.5      47277            60981           300       2.6     71.2   
S0822   6.3      -3.2     43563            60254           300       2.4     106.9  
S0823   -1.1     -2.9     34227            44133           300       1.1     127.5  
S0824   -7.0     -1.0     42087            57909           300       2.2     333.1  
S0825   -19.0    10.2     21776            42147           300       0.9     299.5  
S0826   -11.3    15.2     28919            47810           300       0.9     302.0  
S0827   6.8      -9.9     30742            46534           300       1.6     90.7   
S0828   11.7     -4.8     23983            32321           300       2.2     149.1  
S0829   -1.3     -8.6     25999            44987           300       0.8     268.3  
S0830   18.2     17.5     23516            43350           300       2.0     205.1  
S0831   18.0     1.2      37580            55321           300       1.1     273.6  
S0832   7.9      -0.8     38784            50649           300       1.9     356.0  
S0833   14.7     -13.5    33417            53219           300       0.9     279.1  
S0834   4.9      -7.1     42127            58050           300       2.6     315.6  
S0835   1.2      0.9      48284            64800           300       1.4     207.7  
S0836   -7.4     -19.3    28325            45046           300       1.8     116.2  
S0837   -10.9    19.7     26974            35134           300       1.5     182.4  
S0838   0.3      17.3     33662            49006           300       2.4     151.9  
S0839   -12.1    -8.9     32080            49278           300       0.8     289.1  
S0840   -0.3     19.2     40952            61002           300       1.4     299.1  
S0841   -13.8    -14.5    39727            50985           300       1.4     318.4  
S0842   5.7      -18.2    31716            43608           300       0.6     284.8  
S0843   -15.5    0.4      46996            64800           300       2.6     156.2  
S0844   -3.5     16.9     45384            53733           300       2.6     193.9  
S0845   14.4     -10.7    52514            64800           300       1.1     279.5  
S0846   2.2      -14.5    40209            49056           300       2.4     241.3  
S0847   -13.7    4.4      42355            54634           300       0.9     62.1   
S0848   1.4      -11.2    52564            60081           300       0.8     217.4  
S0849   -13.1    11.1     27069            46390           300       0.6     376.8  
S0850   2.9      0.0      36997            58271           300       1.1     74.4   
S0851   17.9     -7.9     22878            34180           300       1.3     98.4   
S0852   -9.5     18.4     27343            36856           300       0.7     65.8   
S0853   3.5      -12.9    57352            64800           300       2.4     346.2  
S0854   17.0     -8.0     45618            62440           300       1.0     342.6  
S0855   17.6     -5.5     34151            45519           300       1.1     186.9  
S0856   7.5      -18.2    42012            53916           300       0.6     281.9  
S0857   15.1     16.2     33005            47919           300       2.4     283.7  
S0858   8.6      -15.3    31711            42928           300       1.5     274.6  
S0859   -10.9    10.9     34591            48532           300       2.4     235.5  
S0860   13.1     8.6      52016            64800           300       2.0     184.7  
S0861   13.9     -1.2     33401            52841           300       0.9     142.3  
S0862   -7.2     -8.8     44737            52193           300       2.3     198.9  
S0863   5.0      16.0     52893            63614           300       1.3     149.9  
S0864   -19.8    15.0     33973            52883           300       2.8     235.5  
S0865   -13.1    -2.9     51578            64800           300       1.2     308.2  
S0866   15.9     -1.3     45313            56102           300       2.3     211.0  
S0867   7.7      2.4      50680            62864           300       1.2     356.1  
S0868   -8.7     -15.8    51619            59610           300       1.3     251.2  
S0869   -17.3    18.8     54689            64800           300       1.7     201.1  
S0870   3.2      -10.9    25371            34821           300       2.1     114.0  
S0871   -14.9    -6.1     41737            54636           300       1.0     216.5  
S0872   -1.2     -16.1    42150            55523           300       2.9     114.1  
S0873   9.0      4.8      29951            42862           300       0.7     65.0   
S0874   -9.1     18.2     50107            59711           300       2.4     71.0   
S0875   14.5     -11.6    41452            59725           300       1.4     323.6  
S0876   14.2     8.6      53149            64800           300       0.9     70.1   
S0877   -16.2    -19.9    43144            56945           300       1.1     225.6  
S0878   -13.7    14.2     27551            39664           300       2.8     229.7  
S0879   9.4      -17.2    22782            40332           300       0.9     115.1  
S0880   2.5      -0.8     37335            51734           300       1.7     106.5  
S0881   2.5      -17.0    57365            64800           300       1.4     247.3  
S0882   12.9     -10.9    53465            64800           300       2.1     141.7  
S0883   -5.2     -11.3    25438            36509           300       1.4     239.7  
S0884   2.3      0.0      37813            47955           300       2.9     354.0  
S0885   2.4      19.0     30043            45145           300       1.6     316.2  
S0886   -9.8     -17.5    47852            64800           300       1.0     181.9  
S0887   -10.5    -7.4     54253            61968           300       2.8     299.2  
S0888   -8.4     -3.1     51788            64800           300       2.6     314.2  
S0889   15.1     -9.8     41399            50430           300       0.6     217.2  
S0890   -15.4    6.6      48492            64800           300       2.8     391.8  
S0891   -3.3     -16.5    56463            64800           300       1.5     159.8  
S0892   -3.0     14.0     50338            64800           300       1.3     77.0   
S0893   12.3     -1.3     43268            58194           300       2.1     201.6  
S0894   -2.7     -1.8     53408            64800           300       2.7     315.0  
S0895   11.4     -10.4    22089            38667           300       1.5     107.6  
S0896   -4.3     -14.2    36846            58067           300       0.6     210.1  
S0897   10.7     17.9     44544            51899           300       2.7     317.0  
S0898   -11.5    4.4      53217            64156           300       2.9     220.8  
S0899   5.5      6.4      31235            51168           300       2.0     374.5  
S0900   -10.8    -11.3    21882            37308           300       2.7     372.8  
S0901   -12.5    -13.9    27245            36318           300       0.8     133.0  
S0902   4.1      0.3      38650            60134           300       1.1     116.2  
S0903   14.8     8.1      31397            50833           300       0.6     178.6  
S0904   13.8     -15.4    48545            64800           300       2.2     134.3  
S0905   14.4     -16.7    36587            45559           300       2.6     358.2  
S0906   13.5     -11.3    30919            39494           300       0.9     380.7  
S0907   13.9     -8.5     52572            64800           300       0.7     205.6  
S0908   13.0     11.0     56499            64800           300       2.0     207.9  
S0909   12.5     -12.4    47552            61089           300       0.6     189.1  
S0910   8.1      -3.9     24632            43930           300       2.0     125.2  
S0911   -17.5    0.1      55892            64800           300       1.9     113.4  
S0912   16.4     -6.3     46222            56705           300       2.1     247.9  
S0913   -18.6    5.4      57426            64800           300       2.6     176.5  
S0914   -13.8    -15.9    47148            62585           300       1.9     69.4   
S0915   0.3      6.0      25884            35860           300       1.0     357.0  
S0916   2.2      10.9     31300            38860           300       1.5     295.7  
S0917   -16.2    16.2     45096            59165           300       1.1     77.0   
S0918   -0.0     12.3     25560            44314           300       0.6     356.0  
S0919   -2.7     -18.8    22151            36681           300       1.5     320.4  
S0920   -7.2     -7.4     38265            55274           300       2.4     159.5  
S0921   7.1      5.4      31278            45616           300       0.5     183.9  
S0922   12.1     -14.9    52096            63503           300       1.6     126.0  
S0923   14.7     -10.3    30342            41407           300       2.9     294.5  
S0924   -3.7     3.8      49604            64800           300       1.5     308.7  
S0925   6.7      16.8     53104            61846           300       2.3     201.3  
S0926   -8.6     -15.4    26938            39300           300       1.4     259.5  
S0927   10.0     -2.1     29233            38720           300       2.0     259.1  
S0928   -5.1     8.6      32011            42777           300       1.5     71.3   
S0929   -11.8    0.3      32604            46838           300       2.1     282.7  
S0930   19.7     -18.6    25583            35075           300       2.2     252.3  
S0931   -16.2    15.2     31677            46223           300       0.5     68.4   
S0932   12.8     8.5      38696            48507           300       1.9     80.9   
S0933   -0.2     -16.9    42818            50192           300       1.3     311.8  
S0934   -2.3     16.4     38555            46641           300       2.8     91.7   
S0935   16.3     14.7     39685            59438           300       1.7     90.9   
S0936   -19.7    -11.3    33320            48631           300       2.8     182.7  
S0937   12.5     -11.5    45109            57252           300       2.2     145.4  
S0938   13.8     10.2     55978            64800           300       1.7     315.0  
S0939   15.7     8.8      36003            47288           300       0.5     329.0  
S0940   -6.6     18.2     53192            64800           300       2.4     180.4  
S0941   -8.3     10.0     38504            49355           300       1.3     175.9  
S0942   -15.0    7.6      24826            45021           300       0.5     138.8  
S0943   -12.7    -12.2    45397            62726           300       1.2     231.8  
S0944   -14.6    17.3     49945            64800           300       1.0     73.9   
S0945   4.4      18.6     39059            46493           300       1.7     101.9  
S0946   -8.5     4.2      28829            36113           300       2.0     128.6  
S0947   -5.1     5.6      28250            43467           300       1.9     323.2  
S0948   0.7      14.7     55803            64800           300       1.2     120.3  
S0949   1.1      -2.6     36654            50157           300       2.8     162.9  
S0950   1.1      -16.0    48342            64800           300       2.5     289.1  
S0951   -10.9    1.9      31091            41945           300       0.8     387.1  
S0952   12.5     -4.5     40866            53969           300       1.8     232.3  
S0953   7.0      -1.0     47250            59495           300       1.4     213.2  
S0954   -14.4    7.7      41881            58465           300       2.9     248.8  
S0955   -11.5    -19.9    47589            64800           300       2.9     398.3  
S0956   12.3     -17.8    22325            29854           300       0.9     262.8  
S0957   6.3      9.3      27453            36119           300       1.0     60.3   
S0958   -0.2     -11.7    54829            64800           300       2.2     79.7   
S0959   18.5     -2.6     50131            64252           300       1.6     89.5   
S0960   -19.3    -17.6    42604            56484           300       2.9     271.1  
S0961   6.4      19.4     44684            62946           300       1.7     96.0   
S0962   -10.2    -9.7     46443            64800           300       1.6     99.9   
S0963   -5.2     -15.4    28806            49694           300       2.1     225.6  
S0964   -9.6     10.3     33647            42873           300       2.2     260.0  
S0965   -4.8     -17.9    39360            60557           300       1.9     134.0  
S0966   -1.0     3.7      55230            64800           300       1.9     130.7  
S0967   9.4      -14.3    35623            48546           300       0.7     395.7  
S0968   -15.1    13.8     29787            39377           300       2.6     374.5  
S0969   18.1     3.3      52956            64800           300       2.3     54.6   
S0970   11.0     10.3     35586            46395           300       1.2     343.3  
S0971   14.2     17.6     40993            48709           300       2.7     143.7  
S0972   -8.0     -16.4    45886            62525           300       1.5     261.2  
S0973   19.7     7.8      50082            64800           300       2.5     128.3  
S0974   19.9     -9.8     35143            53946           300       1.4     371.7  
S0975   -3.7     18.3     24129            42366           300       2.3     186.8  
S0976   -7.3     19.9     55992            64800           300       2.3     345.8  
S0977   3.2      -0.1     50459            64800           300       2.2     308.7  
S0978   -17.9    16.5     37805            47483           300       1.1     382.7  
S0979   -5.8     13.1     25750            34593           300       0.7     161.7  
S0980   18.8     6.7      40698            55543           300       1.2     353.8  
S0981   -11.4    -14.0    43213            53192           300       2.2     392.3  
S0982   -10.1    5.0      39750            53747           300       1.3     348.1  
S0983   -9.5     -12.1    41747            49985           300       2.5     204.5  
S0984   3.1      -2.6     26183            40527           300       1.7     168.4  
S0985   -6.4     -2.9     54884            64800           300       1.2     97.6   
S0986   0.6      -17.3    41721            58038           300       2.0     190.9  
S0987   8.2      -4.8     32106            41033           300       2.3     344.9  
S0988   -7.7     2.9      54679            64800           300       2.8     94.9   
S0989   -18.9    9.2      53291            64800           300       0.8     303.1  
S0990   -4.4     -12.5    35003            48622           300       2.3     334.9  
S0991   14.5     -11.9    25457            35553           300       2.4     391.3  
S0992   17.6     -3.3     41201            60532           300       2.2     130.5  
S0993   12.2     -17.0    30578            45700           300       0.9     276.3  
S0994   7.5      1.0      56533            64800           300       2.4     327.7  
S0995   -0.1     7.3      47678            56525           300       0.9     99.4   
S0996   12.1     14.5     48206            58836           300       0.8     74.1   
S0997   -5.1     15.8     50248            59798           300       2.7     97.7   
S0998   8.4      -0.2     24419            34244           300       1.6     323.1  
S0999   -8.6     8.5      22124            34030           300       0.9     342.6  
S1000   -12.7    19.8     42491            56130           300       2.7     396.8  
S1001   -10.7    -3.5     46015            62471           300       2.8     157.2  
S1002   -9.8     9.6      27729            47048           300       1.4     57.5   
S1003   -6.7     -0.4     54294            64800           300       1.4     253.2  
S1004   -16.3    -16.6    27988            40750           300       1.2     189.9  
S1005   11.5     15.9     52877            64800           300       1.2     60.5   
S1006   9.4      3.7      37630            53489           300       1.8     331.1  
S1007   -6.5     -7.6     46488            57374           300       1.8     165.1  
S1008   -13.8    10.7     40043            60643           300       0.7     355.4  
S1009   1.3      -2.9     57063            64800           300       1.2     88.7   
S1010   5.6      0.9      25050            34263           300       0.9     213.6  
S1011   -0.4     -13.2    49778            64800           300       1.5     373.6  
S1012   -6.6     -0.3     46433            55465           300       2.6     255.7  
S1013   -6.2     4.2      26373            37199           300       1.9     199.9  
S1014   15.2     -16.2    45961            64783           300       1.1     329.0  
S1015   7.4      14.9     26342            43810           300       1.5     172.2  
S1016   -6.0     11.9     32425            40963           300       2.4     248.1  
S1017   11.1     -8.3     43586            58495           300       1.3     349.5  
S1018   6.2      6.3      43711            50956           300       1.4     390.7  
S1019   -18.4    -2.6     46295            64800           300       1.7     296.6  
S1020   17.3     17.5     51113            61327           300       2.5     242.2  
S1021   -4.0     3.9      45147            64800           300       2.8     139.2  
S1022   -6.4     -0.4     36899            52090           300       2.1     255.4  
S1023   -19.5    -13.5    23594            34029           300       2.8     387.0  
S1024   0.2      11.3     55290            64800           300       2.4     334.4  
S1025   17.9     -10.5    28077            49113           300       1.3     324.7  
S1026   -15.7    2.2      21678            31203           300       1.0     88.5   
S1027   6.1      -13.0    24646            32412           300       2.4     229.8  
S1028   0.3      5.2      56069            64800           300       2.8     347.2  
S1029   -17.3    17.1     56249            64800           300       1.9     79.3   
S1030   -11.7    -4.5     37483            47469           300       2.0     339.7  
S1031   4.6      -18.3    43925            62963           300       2.8     209.2  
S1032   -8.9     10.8     32166            40072           300       2.8     275.8  
S1033   15.0     4.0      50016            64800           300       1.1     267.5  
S1034   -0.5     14.3     55126            64800           300       2.4     213.4  
S1035   5.6      18.0     44994            62414           300       0.6     181.5  
S1036   -5.1     -10.8    33834            52940           300       1.8     125.7  
S1037   -2.1     -14.2    50217            64800           300       2.0     281.7  
S1038   -17.9    10.1     55358            64257           300       2.1     282.0  
S1039   -16.6    17.6     56282            64800           300       3.0     89.9   
S1040   -7.7     -17.8    35954            55716           300       2.8     114.5  
S1041   3.8      11.5     34968            43415           300       2.3     337.4  
S1042   -16.4    -15.0    41061            60867           300       2.8     384.8  
S1043   -20.0    16.8     28045            40303           300       1.3     252.3  
S1044   12.6     19.3     47024            64800           300       2.2     194.7  
S1045   18.5     -2.3     29206            42530           300       1.1     106.9  
S1046   -1.0     -4.2     48893            64800           300       1.3     131.3  
S1047   18.1     0.5      45804            58905           300       1.6     146.8  
S1048   -11.4    -18.8    31942            49739           300       0.6     107.4  
S1049   2.5      -14.7    25454            41025           300       2.3     94.5   
S1050   -13.6    -19.8    36331            43652           300       1.0     178.8  
S1051   -1.8     -8.2     45099            63058           300       2.1     265.9  
S1052   19.5     13.4     45387            64800           300       1.3     320.9  
S1053   -5.3     -18.2    37611            57663           300       1.6     180.5  
S1054   -6.5     -10.4    40677            49087           300       2.1     188.8  
S1055   -1.6     7.6      33693            41952           300       0.7     188.8  
S1056   -7.4     -14.9    52232            64800           300       1.3     265.2  
S1057   -3.1     16.6     21725            40674           300       2.9     314.4  
S1058   19.0     1.5      44788            53905           300       1.5     281.8  
S1059   11.9     2.2      33308            42154           300       2.0     101.6  
S1060   -10.1    10.7     31924            47235           300       1.4     383.1  
S1061   -8.3     -11.6    29938            38027           300       2.7     146.8  
S1062   8.3      -14.9    43732            57566           300       1.0     149.7  
S1063   13.9     -0.1     45952            55662           300       2.8     106.6  
S1064   -14.6    -13.6    22205            43556           300       1.6     181.9  
S1065   -6.9     19.5     27071            36412           300       0.6     329.9  
S1066   17.3     -1.4     22609            43240           300       2.6     309.9  
S1067   -19.0    -17.0    27077            35626           300       0.9     79.3   
S1068   -14.2    11.1     47777            64281           300       1.1     288.1  
S1069   -5.4     -2.6     41782            49995           300       1.4     307.1  
S1070   7.4      -12.9    57194            64800           300       1.2     237.7  
S1071   11.6     -5.0     35944            47670           300       1.9     374.3  
S1072   19.8     4.8      25358            39020           300       2.2     181.0  
S1073   18.8     11.5     50318            61329           300       1.3     287.8  
S1074   -19.0    8.8      54959            64800           300       2.2     292.5  
S1075   -17.4    13.8     55399            64800           300       2.2     135.5  
S1076   0.3      -10.7    28871            42982           300       0.9     260.8  
S1077   -8.8     10.4     38945            59649           300       2.9     128.5  
S1078   7.5      19.9     35300            50755           300       0.7     170.5  
S1079   15.6     15.2     31237            40809           300       2.3     392.9  
S1080   -10.1    12.7     31744            40362           300       0.8     336.7  
S1081   12.7     7.7      47623            57799           300       2.5     302.1  
S1082   -7.1     -1.0     49277            62589           300       2.3     301.4  
S1083   -17.3    -1.9     53317            64800           300       1.9     114.6  
S1084   -9.4     1.7      42302            54808           300       0.7     210.8  
S1085   -5.1     -10.1    27581            36335           300       2.4     345.1  
S1086   13.5     -11.0    28737            48031           300       1.2     283.4  
S1087   -5.3     18.3     35884            57148           300       2.7     196.1  
S1088   17.2     16.0     37849            51273           300       1.8     322.8  
S1089   -10.7    19.3     43778            62143           300       2.4     118.5  
S1090   -7.4     -4.9     57257            64800           300       2.5     147.8  
S1091   3.4      0.6      47490            63640           300       2.0     90.2   
S1092   18.1     -5.7     44316            56632           300       0.9     120.9  
S1093   1.2      -18.8    45493            53464           300       1.2     61.4   
S1094   1.0      -11.7    48032            60474           300       1.4     126.5  
S1095   -6.2     -10.9    31087            50434           300       2.5     274.6  
S1096   16.7     -16.3    54497            64800           300       2.9     322.2  
S1097   -1.4     15.0     30298            49915           300       1.9     193.8  
S1098   -11.2    16.7     33410            45306           300       0.6     105.4  
S1099   -15.0    -11.0    42303            56086           300       0.8     66.1   
S1100   -16.4    10.8     46423            61842           300       0.9     334.9  
S1101   1.8      1.3      54708            63584           300       2.9     305.9  
S1102   -6.9     12.0     56063            64800           300       2.3     87.1   
S1103   -5.7     17.8     25248            41581           300       2.1     312.7  
S1104   14.3     10.9     22877            30520           300       1.6     173.7  
S1105   7.2      -4.2     33482            41344           300       0.7     281.7  
S1106   5.6      20.0     27447            41012           300       1.1     204.2  
S1107   14.1     8.2      42848            59291           300       2.2     244.7  
S1108   12.3     -12.4    56486            64800           300       1.4     365.9  
S1109   -11.4    9.0      53764            64800           300       2.1     369.1  
S1110   11.7     4.2      47580            60987           300       2.2     126.5  
S1111   -19.7    1.9      44786            64800           300       3.0     170.8  
S1112   -2.2     -13.7    38197            46366           300       2.1     316.9  
S1113   1.1      -18.9    53996            64800           300       2.3     104.6  
S1114   -13.3    -12.6    43445            60568           300       1.4     280.1  
S1115   -1.4     -8.1     34535            55482           300       1.4     339.9  
S1116   -1.3     15.3     24320            39104           300       1.7     177.0  
S1117   11.6     0.4      22704            37690           300       2.0     299.5  
S1118   13.3     -15.9    54743            64800           300       2.2     309.7  
S1119   15.3     19.6     29911            43232           300       1.5     230.6  
S1120   13.4     9.3      54159            63378           300       1.7     132.9  
S1121   17.1     -1.7     37724            47183           300       0.5     125.4  
S1122   12.4     -11.8    35244            50915           300       3.0     250.0  
S1123   0.7      -17.5    53367            64800           300       1.4     345.1  
S1124   -14.8    -5.4     29531            39754           300       2.4     279.6  
S1125   3.1      5.8      44097            62320           300       2.0     266.3  
S1126   8.6      0.7      57197            64800           300       0.6     191.2  
S1127   -14.0    -8.1     44001            64800           300       1.1     63.1   
S1128   -10.3    9.0      27473            48701           300       0.6     219.6  
S1129   -18.7    12.2     22546            33182           300       2.7     175.8  
S1130   -6.2     5.7      22249            33358           300       1.8     171.9  
S1131   7.5      -19.2    23185            43090           300       2.3     360.4  
S1132   -15.4    -15.6    23661            31353           300       2.3     228.4  
S1133   13.1     10.8     29379            38033           300       1.1     187.0  
S1134   14.2     -5.0     54494            64800           300       1.7     159.6  
S1135   -1.7     18.2     23300            33164           300       1.8     59.7   
S1136   -18.6    -11.1    30849            51531           300       1.2     173.9  
S1137   3.4      -13.2    46379            62946           300       1.9     79.8   
S1138   17.9     18.2     48092            64800           300       1.7     84.3   
S1139   11.8     18.8     40793            50481           300       1.6     312.6  
S1140   -19.2    -8.9     52078            64800           300       2.9     81.4   
S1141   -12.8    -2.7     47649            62817           300       1.6     304.8  
S1142   18.2     -17.7    39527            54141           300       0.6     231.3  
S1143   -17.8    -13.6    30929            41519           300       0.8     262.2  
S1144   14.9     10.4     44775            62857           300       2.1     342.6  
S1145   -14.9    -3.4     36831            52220           300       1.7     202.8  
S1146   10.2     -12.2    47347            64800           300       2.3     60.2   
S1147   2.0      16.4     27664            40117           300       2.8     148.7  
S1148   16.5     -3.0     38419            52119           300       0.6     379.5  
S1149   -8.2     -11.9    31331            47264           300       2.3     338.3  
S1150   -12.2    14.9     30727            40106           300       1.6     269.3  
S1151   -9.7     19.8     50812            64800           300       1.2     158.4  
S1152   6.8      -2.2     45545            64800           300       2.8     341.9  
S1153   9.8      -1.6     38123            46322           300       1.8     291.5  
S1154   -13.1    -16.0    32541            43462           300       0.6     294.7  
S1155   -6.3     -4.8     44859            64800           300       0.7     110.9  
S1156   4.0      -3.9     22643            42266           300       1.2     139.1  
S1157   -1.0     -9.2     54390            64800           300       2.1     163.0  
S1158   -2.3     -4.5     32477            45934           300       1.6     92.6   
S1159   6.7      -17.6    47798            64800           300       1.0     151.3  
S1160   -0.8     19.8     40012            55418           300       2.8     181.0  
S1161   -5.9     2.7      35784            52005           300       2.9     309.3  
S1162   -16.9    -2.3     30855            44292           300       1.0     86.6   
S1163   1.5      -9.9     32634            52158           300       0.8     97.8   
S1164   -12.8    15.7     50372            64800           300       1.6     138.3  
S1165   -5.0     -16.1    35300            43775           300       2.6     172.2  
S1166   11.0     -17.2    41767            63109           300       0.7     127.7  
S1167   10.7     -14.1    38483            58164           300       2.3     245.4  
S1168   1.5      -12.0    23417            34564           300       2.8     114.3  
S1169   6.0      -6.1     37073            50232           300       3.0     57.2   
S1170   -9.5     10.7     53056            64800           300       2.8     257.7  
S1171   -15.3    12.1     51632            64800           300       2.7     347.6  
S1172   -10.4    -8.1     48157            64800           300       2.3     313.1  
S1173   -14.7    -19.0    56758            64800           300       1.3     253.5  
S1174   10.5     -0.6     53668            63241           300       0.7     192.8  
S1175   13.1     17.7     37636            48167           300       1.8     333.2  
S1176   -16.6    9.1      24821            45545           300       2.9     333.9  
S1177   -7.5     -0.6     45120            60174           300       0.6     59.7   
S1178   9.5      17.6     52920            64800           300       1.3     345.6  
S1179   5.0      -16.8    46049            64800           300       1.6     169.1  
S1180   -1.1     17.3     39125            56794           300       2.6     120.4  
S1181   -1.1     17.4     22552            37315           300       2.2     250.9  
S1182   -10.1    3.4      41234            49911           300       1.2     390.7  
S1183   -10.9    16.6     36092            54653           300       0.7     250.1  
S1184   8.2      -9.4     40199            47827           300       2.4     300.6  
S1185   -19.8    -3.1     28303            42474           300       0.7     332.1  
S1186   10.0     -15.5    54332            64156           300       1.1     188.1  
S1187   8.4      16.4     45230            64577           300       1.5     285.1  
S1188   1.0      9.7      44162            53031           300       1.6     309.3  
S1189   6.8      -7.3     48405            61860           300       0.7     325.0  
S1190   5.7      14.1     21775            41351           300       1.0     125.7  
S1191   4.2      12.0     56622            64800           300       1.2     304.8  
S1192   -8.8     -3.9     56372            64800           300       0.7     51.5   
S1193   -9.2     -0.7     44347            58032           300       2.8     382.3  
S1194   6.0      -17.9    39578            49275           300       2.9     210.8  
S1195   11.7     -18.5    26873            40440           300       2.0     86.1   
S1196   -5.3     19.1     39515            59890           300       1.0     82.6   
S1197   -3.8     -4.6     45173            53479           300       1.2     57.0   
S1198   17.6     -7.3     53275            64800           300       1.0     97.0   
S1199   -0.9     -5.0     43917            64800           300       1.6     280.0  
S1200   13.0     12.0     25669            35714           300       1.7     306.0  
S1201   -1.8     -13.4    40924            59714           300       2.4     388.4  
S1202   17.8     16.5     29602            51024           300       1.6     60.8   
S1203   5.0      -9.1     34823            46620           300       1.8     85.5   
S1204   -0.1     2.3      44949            53477           300       2.9     164.0  
S1205   14.5     -17.8    40005            48560           300       0.7     132.3  
S1206   18.9     8.7      50003            64800           300       1.9     307.0  
S1207   -10.6    -1.9     43370            63446           300       1.6     234.9  
S1208   11.3     -0.9     35231            49247           300       1.8     384.1  
S1209   -14.7    4.9      44461            55170           300       2.9     81.5   
S1210   -13.5    16.3     36002            55124           300       1.4     221.8  
S1211   9.5      4.4      37720            46140           300       2.8     349.2  
S1212   10.6     -17.5    44712            59725           300       2.8     328.3  
S1213   6.5      19.1     42671            55394           300       2.9     375.8  
S1214   4.3      -7.2     51543            58941           300       1.9     163.3  
S1215   4.8      -9.8     27224            42520           300       2.7     228.0  
S1216   2.4      -7.7     49641            58156           300       0.5     384.1  
S1217   9.4      1.6      54025            63446           300       2.5     348.6  
S1218   -3.7     -0.2     37641            51458           300       1.0     131.3  
S1219   -17.0    8.8      51120            62030           300       2.4     114.5  
S1220   5.7      3.0      39370            58259           300       2.1     336.5  
S1221   -2.5     15.4     38652            49503           300       1.4     249.5  
S1222   16.6     -12.3    21604            41738           300       1.6     187.4  
S1223   -14.1    3.8      30826            42718           300       1.8     369.6  
S1224   -5.2     -17.3    51560            64800           300       1.8     157.0  
S1225   -5.6     16.6     47562            55934           300       2.5     61.2   
S1226   7.4      18.1     43332            52917           300       1.2     56.9   
S1227   -6.9     -10.2    27856            44131           300       0.8     397.8  
S1228   -12.3    12.4     30834            49091           300       1.2     356.1  
S1229   -13.4    19.0     34840            54411           300       0.5     308.6  
S1230   0.2      15.7     29497            49890           300       2.4     383.7  
S1231   -18.6    2.3      33234            53561           300       1.7     244.7  
S1232   6.6      3.8      32613            39910           300       1.7     302.7  
S1233   18.1     -1.8     25708            43263           300       2.9     318.5  
S1234   -4.8     1.6      53059            60649           300       1.6     79.6   
S1235   8.6      13.5     48253            56113           300       1.2     279.8  
S1236   -15.1    -9.5     40117            51944           300       2.1     184.4  
S1237   1.9      -15.9    33709            41321           300       1.7     52.7   
S1238   2.4      17.0     37300            53374           300       1.9     207.3  
S1239   4.0      3.2      41122            57019           300       0.9     341.2  
S1240   8.8      15.9     35045            50314           300       2.8     346.8  
S1241   -8.2     4.5      27623            48378           300       2.8     386.0  
S1242   0.6      3.6      51731            60694           300       2.9     116.3  
S1243   -9.3     13.9     56087            64800           300       3.0     393.6  
S1244   4.1      -7.2     31595            46572           300       1.7     180.3  
S1245   -16.9    17.8     34950            49596           300       0.6     292.8  
S1246   -9.3     -4.4     26453            37340           300       1.3     258.8  
S1247   -10.2    -14.2    53230            64800           300       1.4     151.5  
S1248   -13.0    -7.5     37871            46923           300       0.8     199.9  
S1249   2.7      -0.5     52056            62677           300       0.6     144.6  
S1250   4.9      -11.9    40100            54971           300       2.3     102.0  
S1251   14.3     -16.5    47265            63995           300       1.5     278.4  
S1252   11.2     1.1      34442            47676           300       1.8     246.9  
S1253   1.9      -0.2     44717            60967           300       1.1     395.6  
S1254   6.7      8.0      33594            41526           300       1.8     319.2  
S1255   -3.9     -1.4     40808            48584           300       1.3     304.1  
S1256   3.3      -19.5    54793            64436           300       2.1     234.2  
S1257   -5.1     -18.1    31415            40304           300       1.3     154.1  
S1258   -5.6     -2.7     46788            62928           300       2.6     241.7  
S1259   -0.3     -14.2    24350            41918           300       1.4     150.6  
S1260   -12.8    -0.1     44361            62690           300       1.3     295.6  
S1261   -13.4    -0.4     51180            62188           300       2.2     101.8  
S1262   -14.9    -9.5     24128            44326           300       2.3     329.4  
S1263   -14.7    14.8     54914            64800           300       0.8     69.8   
S1264   -10.7    -0.6     47545            64800           300       1.1     302.3  
S1265   -0.4     -1.2     52001            64800           300       1.5     322.4  
S1266   -10.8    -16.0    25985            38194           300       1.0     276.2  
S1267   6.8      -17.5    44177            55781           300       1.3     228.3  
S1268   -4.8     -13.8    38109            47048           300       0.6     109.7  
S1269   1.4      5.2      28590            40398           300       2.6     303.4  
S1270   18.6     1.2      41064            53064           300       0.6     151.3  
S1271   -10.7    12.4     26894            40537           300       2.5     224.7  
S1272   15.0     11.3     41543            52939           300       1.4     208.4  
S1273   10.5     1.7      23183            41975           300       2.8     358.6  
S1274   -18.9    5.8      44842            64800           300       1.5     296.0  
S1275   11.0     -1.7     46012            55105           300       1.0     287.3  
S1276   6.7      -9.8     48702            64800           300       2.5     111.8  
S1277   -13.8    8.8      36030            53906           300       0.5     52.3   
S1278   17.0     12.5     48814            64800           300       1.1     339.6  
S1279   -20.0    6.6      28832            40964           300       2.2     339.0  
S1280   -18.2    4.9      42713            50447           300       0.9     383.5  
S1281   15.0     -5.2     39547            56327           300       1.5     378.1  
S1282   14.3     5.7      49389            59269           300       1.9     124.7  
S1283   13.2     -5.6     26241            45223           300       2.0     109.3  
S1284   4.4      -2.9     31842            51107           300       2.3     78.7   
S1285   -12.4    -16.6    41574            57817           300       0.8     111.1  
S1286   0.5      8.6      49810            64800           300       1.4     288.3  
S1287   -17.0    9.5      47306            54698           300       2.1     298.2  
S1288   -14.6    8.3      37045            46728           300       0.9     197.5  
S1289   17.1     15.9     56993            64800           300       3.0     109.9  
S1290   13.8     15.6     26490            40845           300       2.3     328.8  
S1291   -17.1    -7.3     31588            50857           300       3.0     174.9  
S1292   6.8      -14.1    46944            64800           300       1.6     283.9  
S1293   6.7      14.8     31985            50792           300       0.6     341.9  
S1294   -2.4     -13.1    34994            43108           300       2.3     353.9  
S1295   18.9     -12.8    45181            63388           300       1.4     201.6  
S1296   -1.7     12.6     28034            49536           300       1.7     185.9  
S1297   -17.6    19.0     38363            58580           300       2.5     151.4  
S1298   16.6     -11.7    48125            64800           300       1.4     301.5  
S1299   -13.0    3.9      52421            64800           300       2.1     287.9  
S1300   -6.1     -4.2     35949            55365           300       2.0     185.3  
S1301   -4.3     -15.6    33896            45087           300       1.6     369.8  
S1302   5.2      -5.4     38413            46171           300       2.7     294.9  
S1303   -11.0    9.0      54605            64800           300       2.5     219.4  
S1304   14.1     -0.6     39366            52418           300       2.1     200.1  
S1305   2.5      17.3     57315            64800           300       1.3     396.1  
S1306   -10.8    -5.8     34535            42816           300       0.7     152.9  
S1307   -16.7    -0.6     44681            56940           300       0.9     207.6  
S1308   -0.8     16.5     47809            61365           300       2.7     362.8  
S1309   -13.6    5.4      37496            48804           300       1.3     92.6   
S1310   2.4      -19.2    51297            63882           300       1.5     105.1  
S1311   -9.7     -4.1     50445            64800           300       0.9     327.9  
S1312   7.2      -3.3     56551            64800           300       2.5     281.3  
S1313   -13.6    17.3     45844            55470           300       2.8     302.2  
S1314   -13.0    6.9      44421            61346           300       0.6     277.3  
S1315   11.5     -18.3    48177            64800           300       0.7     151.5  
S1316   6.2      -7.8     54738            62055           300       2.3     200.3  
S1317   -14.8    -10.2    41065            55064           300       0.7     196.4  
S1318   16.3     16.3     31437            44524           300       2.8     305.3  
S1319   -3.6     7.3      57294            64800           300       1.8     280.3  
S1320   -12.5    15.1     32333            47537           300       1.6     294.1  
S1321   -0.9     3.7      25736            41887           300       1.5     155.6  
S1322   19.2     -4.0     26118            41324           300       1.6     256.8  
S1323   0.6      13.1     32064            41507           300       0.6     169.3  
S1324   15.8     -3.2     51927            64800           300       2.9     340.0  
S1325   -3.5     7.6      45927            61215           300       1.8     125.8  
S1326   9.6      -0.4     37998            48541           300       0.6     245.0  
S1327   9.8      10.1     35460            55467           300       2.1     255.9  
S1328   4.6      8.8      29630            47477           300       2.8     395.2  
S1329   13.2     2.6      48251            64800           300       0.7     117.6  
S1330   -5.8     10.9     27992            39578           300       2.4     247.0  
S1331   -15.8    -4.3     43544            57965           300       1.4     276.5  
S1332   -17.9    8.1      39461            59649           300       2.8     129.4  
S1333   -12.2    -5.0     34332            44412           300       2.4     142.2  
S1334   10.3     -17.5    51525            64800           300       1.7     54.9   
S1335   0.5      10.1     27104            35038           300       1.6     271.5  
S1336   2.1      14.0     23840            36623           300       2.3     295.9  
S1337   14.6     -14.4    47557            64800           300       1.4     237.1  
S1338   9.9      -8.4     28010            46792           300       2.7     377.0  
S1339   4.7      4.4      33853            54534           300       1.5     172.4  
S1340   2.5      1.3      25973            46527           300       2.5     313.4  
S1341   -18.1    15.7     31410            45393           300       2.5     193.5  
S1342   -8.5     13.4     48750            62039           300       1.9     75.9   
S1343   -1.3     -9.4     36501            56848           300       2.3     372.4  
S1344   -6.4     -12.3    43386            59178           300       0.6     270.8  
S1345   7.5      -18.9    21794            34601           300       2.6     143.3  
S1346   -15.9    13.6     39306            47759           300       2.6     86.5   
S1347   -2.3     -13.8    36560            54912           300       2.2     256.4  
S1348   1.4      6.9      47163            57546           300       0.9     317.1  
S1349   -14.1    8.5      21685            37379           300       2.4     305.2  
S1350   -17.6    11.7     21673            30869           300       3.0     80.0   
S1351   -5.1     -4.3     57270            64800           300       2.3     211.3  
