//ID    X        Y        EarlyStart(s)    LateStart(s)    Svc(s)    Vol(m3) Wgt(kg)
//--------------------------------------------------------------------------------------
S0001   2.1      -15.9    46104            62321           300       1.5     67.4   
S0002   15.6     -10.1    47390            61009           300       2.6     264.8  
S0003   -11.8    7.5      27516            40911           300       2.8     308.7  
S0004   -11.4    -18.2    36701            44388           300       1.9     71.9   
S0005   13.8     -7.0     25087            38034           300       2.3     343.1  
S0006   -10.4    16.2     40775            58389           300       1.9     134.9  
S0007   -1.3     4.6      47988            64800           300       2.9     271.2  
S0008   -6.9     -6.6     30441            39195           300       1.5     279.3  
S0009   -13.2    12.4     25856            40170           300       1.3     209.7  
S0010   17.2     2.6      44566            64800           300       0.9     281.5  
S0011   -12.0    -7.6     24585            43296           300       2.1     364.1  
S0012   -9.0     -1.7     54238            64800           300       0.5     392.1  
S0013   -16.5    -5.9     29370            44623           300       2.2     213.5  
S0014   -2.2     -7.9     43052            60313           300       1.3     151.3  
S0015   -12.3    15.6     33875            49256           300       1.0     324.0  
S0016   7.0      -8.9     25438            38032           300       1.7     98.8   
S0017   -10.5    -18.3    36591            57041           300       0.7     92.1   
S0018   3.0      12.9     53502            64800           300       1.0     376.6  
S0019   18.1     3.8      24910            42384           300       1.2     193.6  
S0020   1.3      -9.0     48318            56757           300       2.6     109.2  
S0021   -18.4    -7.4     32545            53211           300       2.7     398.4  
S0022   -2.9     -18.5    31730            49601           300       2.6     142.7  
S0023   -8.5     3.4      24852            43137           300       2.2     266.2  
S0024   18.9     -10.2    32006            43083           300       1.3     382.2  
S0025   -14.1    -6.6     30071            45015           300       2.5     208.8  
S0026   -15.8    4.2      29854            49226           300       2.1     215.2  
S0027   -19.5    -18.0    55301            64800           300       2.3     248.7  
S0028   -0.7     -7.7     32365            40824           300       0.7     254.2  
S0029   5.8      -13.6    47703            55048           300       1.5     362.1  
S0030   -8.4     -10.0    48430            61080           300       0.6     258.4  
S0031   -9.3     -15.9    49857            57941           300       1.7     365.3  
S0032   12.8     -9.8     36703            49444           300       2.6     54.1   
S0033   3.3      -6.2     25514            32974           300       2.1     115.7  
S0034   -8.0     -2.1     48445            61341           300       0.8     173.6  
S0035   15.2     4.3      24395            36954           300       1.3     197.7  
S0036   19.0     14.7     26041            42992           300       0.5     206.7  
S0037   18.6     -18.3    40413            50152           300       1.5     68.4   
S0038   1.9      -18.2    39096            47368           300       2.1     295.7  
S0039   4.4      -2.8     39173            47496           300       2.3     389.8  
S0040   1.1      6.2      54089            64800           300       1.4     260.6  
S0041   11.9     -12.8    55228            63948           300       2.4     122.8  
S0042   16.5     17.8     30592            39718           300       2.7     394.5  
S0043   10.6     3.4      31383            49848           300       2.9     105.9  
S0044   -15.0    15.0     45328            57880           300       1.6     299.6  
S0045   -17.0    -19.4    35031            44112           300       1.7     207.5  
S0046   -8.9     14.2     48774            64800           300       1.5     144.8  
S0047   -18.6    -3.0     29482            48317           300       0.6     94.5   
S0048   -15.7    -8.0     54562            64800           300       1.1     95.3   
S0049   15.8     -12.3    27326            38562           300       2.9     287.5  
S0050   -4.8     -5.8     56079            64800           300       1.8     197.7  
S0051   10.2     -7.9     50343            64800           300       0.7     157.4  
S0052   -16.8    -1.4     36417            50730           300       1.5     235.3  
S0053   -19.3    -0.9     23718            34481           300       1.4     372.8  
S0054   -16.5    -6.9     32975            44100           300       1.8     213.6  
S0055   19.4     -16.1    51930            64800           300       0.8     220.2  
S0056   9.9      0.1      47591            57149           300       1.8     373.7  
S0057   -9.7     -2.7     27716            41732           300       2.5     128.1  
S0058   1.6      12.5     43311            62092           300       2.2     92.3   
S0059   -17.4    5.6      52019            64800           300       2.6     84.1   
S0060   -1.6     10.3     50235            58340           300       0.8     134.5  
S0061   -17.5    9.2      52558            64800           300       0.7     50.7   
S0062   13.0     17.6     45353            56100           300       1.1     275.4  
S0063   -14.3    -7.8     32768            53655           300       2.7     316.2  
S0064   10.2     3.7      38392            47716           300       2.3     270.4  
S0065   0.7      -13.2    26815            43044           300       1.6     114.6  
S0066   -3.6     -1.4     29000            39487           300       1.1     329.8  
S0067   -5.2     -19.6    49142            64800           300       0.5     256.8  
S0068   4.0      7.1      34059            50622           300       1.4     274.7  
S0069   11.6     -13.9    35057            45549           300       2.6     373.4  
S0070   -9.6     12.1     34346            54538           300       2.1     169.8  
S0071   -16.1    -3.0     33735            54115           300       2.2     284.0  
S0072   -12.0    -18.1    32179            42768           300       2.7     71.2   
S0073   8.6      -12.8    31490            52533           300       2.9     131.6  
S0074   -7.1     -14.6    37919            51348           300       1.2     169.9  
S0075   -5.3     -2.0     44491            62341           300       0.9     177.9  
S0076   18.8     19.1     23585            37108           300       0.7     216.3  
S0077   12.3     12.4     51250            64079           300       1.2     124.1  
S0078   -16.7    -4.9     52457            64800           300       1.5     274.9  
S0079   -1.4     15.9     45209            53052           300       2.1     377.3  
S0080   10.0     -0.7     42807            52287           300       1.4     280.7  
S0081   1.9      8.2      39969            52812           300       2.1     343.3  
S0082   -19.9    -8.0     29179            43863           300       2.2     372.7  
S0083   -16.1    15.9     33229            49947           300       0.7     356.0  
S0084   -5.4     13.4     35115            46818           300       0.6     198.0  
S0085   -17.3    2.7      30994            50486           300       3.0     217.9  
S0086   18.9     -19.1    28764            45012           300       3.0     105.5  
S0087   -18.3    9.9      48417            64327           300       2.8     79.9   
S0088   -2.4     -18.2    36962            53898           300       2.9     360.8  
S0089   13.9     -9.1     52972            62041           300       1.3     182.4  
S0090   -6.8     1.4      38820            46900           300       2.0     314.1  
S0091   6.5      11.7     26581            43498           300       0.7     327.7  
S0092   9.7      8.4      47895            61313           300       0.5     72.5   
S0093   -16.4    18.9     42901            55063           300       1.6     174.6  
S0094   4.0      4.7      27451            38446           300       2.4     130.6  
S0095   14.2     -2.6     31433            39558           300       1.5     222.4  
S0096   -5.4     17.5     23219            40589           300       1.5     116.7  
S0097   6.9      11.6     23479            34353           300       2.5     368.3  
S0098   15.8     7.2      55902            64800           300       1.3     112.3  
S0099   -6.2     3.6      31838            47575           300       2.8     380.7  
S0100   13.2     -7.1     22676            43758           300       2.5     242.7  
S0101   3.5      -0.8     54141            64800           300       2.2     280.7  
S0102   11.7     8.1      29115            50521           300       2.4     89.8   
S0103   -14.0    7.2      32027            44922           300       1.9     184.1  
S0104   0.5      -14.7    54600            64800           300       2.6     180.6  
S0105   6.6      4.1      46548            58502           300       1.6     348.3  
S0106   4.6      -5.5     27762            49094           300       2.9     389.2  
S0107   -7.3     13.6     25092            32581           300       1.7     269.0  
S0108   12.8     15.4     49520            60163           300       1.6     391.4  
S0109   -8.0     13.0     32620            46350           300       0.8     131.2  
S0110   -10.5    13.9     49139            64800           300       1.1     127.6  
S0111   6.9      -17.4    35554            44873           300       2.6     316.7  
S0112   -9.6     0.0      22015            29637           300       0.8     235.1  
S0113   3.5      -2.6     49526            64800           300       2.4     95.7   
S0114   18.1     8.1      23396            38385           300       2.1     78.2   
S0115   -3.8     15.3     53408            64800           300       2.0     199.8  
S0116   13.5     -18.2    36762            58330           300       2.3     291.1  
S0117   19.7     2.9      24966            35820           300       2.8     75.4   
S0118   -2.6     -12.7    26394            37266           300       2.6     299.2  
S0119   13.6     4.4      32297            41524           300       1.7     210.5  
S0120   -10.1    17.4     34808            45265           300       1.5     350.6  
S0121   -14.1    -4.6     40623            53557           300       2.6     232.4  
S0122   3.4      -10.0    42717            56386           300       1.3     126.9  
S0123   3.6      -6.1     32204            39756           300       1.2     356.8  
S0124   18.8     -16.1    50081            62225           300       0.6     61.8   
S0125   18.7     -13.6    27723            35150           300       1.4     280.6  
S0126   13.1     -6.1     49318            62678           300       2.5     392.1  
S0127   3.5      4.3      39706            52479           300       2.9     313.9  
S0128   5.0      -12.9    56080            64800           300       1.1     54.0   
S0129   1.2      -4.1     34834            47829           300       1.5     133.1  
S0130   0.9      1.0      57057            64800           300       2.7     382.4  
S0131   -10.2    -19.9    55876            64800           300       1.7     215.4  
S0132   -18.6    -2.0     46002            61375           300       0.8     137.5  
S0133   1.2      19.7     29056            37513           300       0.8     263.5  
S0134   -10.5    -9.3     44013            59095           300       2.6     343.0  
S0135   -19.1    -5.0     23871            36716           300       0.5     153.7  
S0136   16.1     -3.7     34246            44941           300       2.3     329.1  
S0137   -9.1     17.0     26385            40959           300       2.7     56.1   
S0138   19.9     8.7      51897            64800           300       2.1     131.3  
S0139   -8.6     5.0      34082            42168           300       0.7     389.5  
S0140   -3.7     -4.0     32029            52547           300       2.5     235.9  
S0141   -10.2    -5.4     21926            30478           300       2.0     78.2   
S0142   -15.9    -0.6     50982            64800           300       2.2     217.3  
S0143   -12.6    10.9     43972            64064           300       2.3     141.3  
S0144   16.4     13.6     37625            52276           300       2.0     189.3  
S0145   -4.6     5.4      29375            49285           300       2.7     132.4  
S0146   7.8      -3.9     38313            49440           300       2.9     258.3  
S0147   7.3      17.8     40864            53268           300       2.6     389.5  
S0148   1.0      7.4      50480            63253           300       2.0     215.6  
S0149   18.2     -8.6     24576            34481           300       2.3     235.6  
S0150   -14.6    -19.8    43080            59230           300       2.7     208.3  
S0151   0.5      4.6      53746            64800           300       0.8     386.3  
S0152   3.6      15.1     34151            41520           300       1.4     198.7  
S0153   14.2     -3.3     30062            47642           300       2.8     331.5  
S0154   -16.7    -7.5     55578            64800           300       2.4     170.9  
S0155   -16.4    14.0     29657            37345           300       2.0     107.6  
S0156   18.5     -3.1     52057            62257           300       2.7     190.5  
S0157   14.5     -0.4     34768            44901           300       2.4     317.8  
S0158   -5.6     14.5     52905            64800           300       2.9     146.3  
S0159   13.7     -7.9     41076            60708           300       0.5     179.1  
S0160   4.3      2.4      30607            47068           300       2.9     208.0  
S0161   16.8     -18.2    36048            51058           300       0.9     361.8  
S0162   17.2     1.7      55728            64800           300       1.8     226.4  
S0163   -0.8     -5.0     30823            49636           300       1.4     333.5  
S0164   -13.6    -7.1     25575            44691           300       1.6     161.9  
S0165   -13.3    -12.1    21882            41822           300       2.7     188.3  
S0166   6.9      14.1     51903            64800           300       0.8     200.1  
S0167   -19.8    -6.2     30261            40155           300       2.0     138.3  
S0168   -18.4    -6.5     46703            61746           300       2.5     355.7  
S0169   11.0     -10.8    27193            41471           300       2.8     299.9  
S0170   -8.1     10.4     27636            39676           300       1.7     186.8  
S0171   -17.8    -12.3    41189            60991           300       2.3     142.7  
S0172   -13.0    -5.9     54408            64800           300       0.8     211.1  
S0173   -17.5    -3.3     27871            44013           300       2.9     85.2   
S0174   -4.1     -13.9    33345            42557           300       2.8     337.9  
S0175   -4.1     2.8      54719            64800           300       2.9     358.6  
S0176   4.2      -1.9     51270            64800           300       1.4     124.4  
S0177   3.7      17.5     34235            51926           300       1.3     379.5  
S0178   2.3      -11.3    33802            51654           300       0.9     61.4   
S0179   14.0     3.9      31341            42166           300       2.0     284.9  
S0180   -17.0    -11.7    28140            44594           300       2.2     289.7  
S0181   -17.3    14.0     26401            38726           300       1.6     173.8  
S0182   -1.2     10.9     25766            45592           300       0.6     51.9   
S0183   -17.7    -12.0    51932            64800           300       1.3     232.3  
S0184   -12.7    -2.8     44785            61451           300       2.5     130.8  
S0185   -19.7    -12.1    52040            64800           300       0.5     210.8  
S0186   -11.2    7.7      23483            36590           300       0.6     337.7  
S0187   10.0     -10.2    26074            45482           300       0.8     90.3   
S0188   13.8     -9.7     28383            46564           300       2.8     124.5  
S0189   -19.6    7.2      32069            50780           300       1.9     221.6  
S0190   -12.3    -17.4    38468            57918           300       2.1     290.9  
S0191   -15.8    -15.8    48312            64800           300       1.9     103.1  
S0192   4.7      -1.4     34864            54082           300       1.9     212.1  
S0193   -1.6     10.8     45746            55847           300       1.3     235.8  
S0194   6.8      7.0      41420            58110           300       1.8     85.5   
S0195   14.9     -16.6    40551            55488           300       0.9     345.9  
S0196   15.4     15.1     44146            55240           300       2.9     198.9  
S0197   -14.4    12.6     53419            64800           300       0.6     145.4  
S0198   9.6      8.8      38929            48890           300       1.3     180.8  
S0199   5.4      15.0     50556            64800           300       1.3     100.1  
S0200   -18.7    7.6      35426            52753           300       2.5     62.6   
S0201   -18.5    -3.3     42060            49447           300       0.5     265.4  
S0202   -18.1    -5.2     29251            38496           300       0.9     259.8  
S0203   2.1      -8.5     48301            64346           300       2.0     183.8  
S0204   0.6      -10.0    30930            45848           300       1.5     304.4  
S0205   -13.4    -4.4     23254            40331           300       2.7     170.3  
S0206   13.4     19.6     50020            64791           300       0.7     99.5   
S0207   -5.2     2.9      41363            60403           300       1.1     338.1  
S0208   -13.8    6.2      53796            62002           300       2.3     358.9  
S0209   8.3      5.2      35114            46238           300       1.4     178.1  
S0210   15.4     -6.1     50120            64800           300       2.4     363.1  
S0211   -7.4     -16.6    55336            64800           300       0.6     260.3  
S0212   -17.4    -15.8    24077            31887           300       2.3     296.6  
S0213   -10.4    1.8      55434            64555           300       1.8     124.6  
S0214   -9.1     -17.7    25844            42208           300       1.9     363.6  
S0215   7.2      -9.6     26024            36225           300       1.0     104.4  
S0216   -4.4     -1.1     44501            61118           300       2.1     301.5  
S0217   -15.9    -17.9    46940            63483           300       1.9     251.8  
S0218   -10.0    18.4     53600            64800           300       2.9     165.8  
S0219   5.4      13.8     37745            58727           300       3.0     92.0   
S0220   -3.8     -20.0    40948            54601           300       1.7     76.1   
S0221   -14.6    12.7     29224            40659           300       2.8     283.9  
S0222   -11.2    12.0     33015            46079           300       2.6     267.4  
S0223   11.0     7.7      38020            49202           300       0.7     394.5  
S0224   3.9      -2.6     41236            58163           300       2.0     188.0  
S0225   -10.6    19.2     30166            40434           300       2.3     83.9   
S0226   -0.4     12.3     52243            64800           300       2.7     72.5   
S0227   -5.3     11.1     56868            64800           300       1.9     251.6  
S0228   -17.6    -18.9    45203            60415           300       2.6     103.4  
S0229   -14.3    7.6      44243            60791           300       1.3     316.1  
S0230   -1.9     -5.4     38819            50304           300       2.5     207.0  
S0231   -12.1    10.5     49652            58635           300       0.8     242.4  
S0232   15.2     -14.7    48191            61994           300       2.3     218.1  
S0233   11.6     5.5      37163            46776           300       3.0     394.8  
S0234   13.5     14.3     29606            44137           300       2.2     106.9  
S0235   -16.5    -16.5    48410            64800           300       2.1     267.0  
S0236   -9.4     -15.2    25977            41165           300       1.4     342.9  
S0237   -0.3     -17.0    22285            34761           300       0.5     314.2  
S0238   19.6     -7.9     53839            64800           300       0.6     254.2  
S0239   15.3     3.4      28800            39469           300       2.8     130.9  
S0240   11.8     -8.4     34036            54942           300       2.6     122.2  
S0241   15.5     -14.1    31404            48350           300       1.5     196.5  
S0242   -1.4     -17.7    33377            54386           300       1.2     377.7  
S0243   11.7     0.6      25775            37189           300       1.0     299.0  
S0244   1.7      -5.7     57013            64800           300       1.6     170.1  
S0245   -9.5     12.4     53594            64800           300       1.3     292.8  
S0246   10.3     -13.2    50674            64800           300       1.6     188.8  
S0247   -3.3     -7.3     30164            44796           300       1.2     305.4  
S0248   11.3     16.6     33811            47596           300       2.6     90.3   
S0249   -1.0     -4.9     31596            42518           300       1.7     96.1   
S0250   10.2     0.5      32330            43217           300       1.9     374.1  
S0251   7.6      1.1      33565            55032           300       2.2     67.1   
S0252   8.3      14.3     28022            37535           300       2.6     112.1  
S0253   -16.7    -1.8     54522            64800           300       1.9     212.2  
S0254   -10.5    14.6     23554            34590           300       0.7     129.2  
S0255   -6.9     -16.8    33178            41659           300       0.6     99.0   
S0256   10.8     -1.6     49241            63660           300       2.2     63.9   
S0257   9.4      -17.0    56958            64800           300       0.6     189.2  
S0258   15.1     2.4      54790            64800           300       1.8     127.7  
S0259   19.0     5.0      43582            57380           300       2.1     125.4  
S0260   -4.5     -10.9    47882            59416           300       2.0     80.9   
S0261   -14.2    17.6     43506            54203           300       2.0     228.7  
S0262   -9.1     -16.5    45141            59188           300       1.2     293.6  
S0263   -2.2     4.1      31709            52333           300       2.6     269.1  
S0264   -12.2    -17.3    32806            49980           300       2.1     146.2  
S0265   -15.0    19.2     40628            54895           300       1.4     340.7  
S0266   16.7     -7.0     30110            46137           300       2.9     63.9   
S0267   15.3     1.6      23469            44140           300       2.4     179.1  
S0268   -2.5     6.5      48799            59477           300       0.9     393.9  
S0269   -8.7     15.0     36931            57224           300       1.5     262.1  
S0270   -2.2     7.7      42082            61828           300       1.8     258.3  
S0271   8.3      -1.9     38535            46100           300       2.9     277.7  
S0272   18.2     -15.2    37303            48437           300       2.1     67.7   
S0273   20.0     13.1     47297            58805           300       2.1     231.4  
S0274   -13.1    3.5      21815            29466           300       2.4     306.5  
S0275   -4.4     -9.3     42596            53939           300       1.1     73.2   
S0276   13.4     -16.0    43715            54032           300       2.5     66.8   
S0277   -14.1    2.1      31633            43139           300       2.1     152.8  
S0278   8.3      14.3     29184            48375           300       2.9     269.1  
S0279   19.3     17.5     49602            60500           300       1.6     390.2  
S0280   19.8     7.0      53355            64800           300       1.5     285.3  
S0281   16.7     -2.0     26551            35578           300       2.6     142.7  
S0282   -5.5     -18.0    37303            53659           300       0.9     281.7  
S0283   -5.8     -11.8    35998            44092           300       1.8     65.5   
S0284   18.4     -16.1    34599            53319           300       2.5     248.0  
S0285   9.8      18.6     47100            58239           300       1.7     374.5  
S0286   -11.9    -9.1     40421            48634           300       2.1     248.2  
S0287   9.1      -15.9    57273            64800           300       1.2     350.8  
S0288   1.1      -0.1     44897            60912           300       0.7     380.0  
S0289   -18.6    -6.4     37865            54034           300       2.3     383.7  
S0290   13.3     -6.7     41862            56361           300       2.8     260.2  
S0291   19.0     14.8     35957            55883           300       2.1     242.0  
S0292   -6.6     -8.5     45015            62130           300       1.9     104.5  
S0293   14.3     -4.7     30761            39471           300       1.9     200.4  
S0294   -3.3     12.8     40839            52758           300       1.4     277.0  
S0295   3.0      -5.6     32087            41994           300       1.2     133.8  
S0296   -14.2    9.1      32791            43816           300       1.4     304.6  
S0297   -10.1    -3.0     41609            59791           300       0.8     157.3  
S0298   -18.4    -9.5     37930            49518           300       0.6     260.2  
S0299   13.2     17.9     28804            43458           300       2.1     61.7   
S0300   -11.6    3.8      31170            45773           300       1.8     204.0  
S0301   -15.6    -8.9     27705            41446           300       1.1     113.6  
S0302   -13.7    -1.6     38558            48311           300       1.5     122.9  
S0303   -13.1    7.3      26278            35846           300       1.1     303.4  
S0304   -8.8     -0.4     45740            54998           300       1.5     320.9  
S0305   17.6     17.1     23113            40740           300       2.9     245.4  
S0306   16.0     -7.1     49096            58645           300       1.1     224.2  
S0307   16.9     5.3      34246            44100           300       1.2     163.4  
S0308   4.0      3.0      40504            51796           300       2.1     177.0  
S0309   9.1      6.4      23823            38039           300       2.1     285.0  
S0310   16.9     -9.7     42975            50921           300       2.1     364.5  
S0311   15.1     -3.1     25841            40616           300       1.3     307.3  
S0312   11.5     15.6     50685            64800           300       2.6     104.6  
S0313   1.8      -0.2     22237            40741           300       2.1     333.1  
S0314   9.1      -7.1     23817            41067           300       1.8     216.1  
S0315   -1.1     1.0      55540            64800           300       1.8     247.6  
S0316   5.2      2.1      57029            64800           300       1.2     280.1  
S0317   -12.1    -14.8    53773            64800           300       2.9     333.6  
S0318   9.2      10.4     25409            45973           300       2.9     58.8   
S0319   -15.5    -13.7    51137            64800           300       0.6     111.3  
S0320   3.5      -10.1    55115            64800           300       2.8     381.9  
S0321   -10.5    -17.7    55639            64800           300       2.3     79.7   
S0322   16.5     4.1      28274            48120           300       2.1     178.3  
S0323   -5.4     3.1      56842            64800           300       2.0     238.8  
S0324   -7.0     -3.0     42810            60718           300       1.9     118.7  
S0325   -2.5     -12.7    44694            52691           300       2.6     68.0   
S0326   -2.4     -11.9    32794            41766           300       2.7     330.5  
S0327   -0.9     -13.9    55010            64771           300       2.1     174.9  
S0328   6.8      0.7      22802            36686           300       2.1     399.2  
S0329   -1.2     -18.7    24616            39158           300       2.5     179.2  
S0330   2.7      -3.5     56713            64800           300       1.1     270.5  
S0331   0.1      11.8     28449            45676           300       1.9     119.6  
S0332   -12.9    -8.3     23972            34392           300       2.9     124.5  
S0333   -13.7    3.0      34189            47396           300       0.7     299.5  
S0334   -16.4    -10.9    42593            59016           300       1.5     251.1  
S0335   17.8     -7.5     47999            60485           300       2.5     100.0  
S0336   16.2     -11.1    53234            64800           300       2.9     367.3  
S0337   -12.6    14.4     44133            62700           300       2.6     92.8   
S0338   7.8      -11.3    25110            35656           300       2.1     102.1  
S0339   -0.2     8.2      43733            53785           300       1.3     213.9  
S0340   -14.9    -7.9     29202            42649           300       2.1     272.3  
S0341   -0.6     12.2     55092            64800           300       2.8     99.5   
S0342   16.2     -16.2    31981            41575           300       1.9     162.6  
S0343   9.6      9.0      27648            39990           300       2.1     228.4  
S0344   -4.3     -5.0     36906            56271           300       2.9     255.3  
S0345   17.1     -19.4    45471            64800           300       0.5     73.7   
S0346   9.9      -16.4    24543            42497           300       1.2     158.7  
S0347   -3.3     13.2     56671            64800           300       1.3     287.0  
S0348   12.0     -5.7     28242            46475           300       1.7     55.5   
S0349   -15.6    20.0     32781            43115           300       2.0     267.2  
S0350   14.4     2.4      27860            36940           300       1.6     389.2  
S0351   7.7      -12.2    52082            64800           300       2.0     395.7  
S0352   -4.9     -12.2    27127            39445           300       1.0     50.9   
S0353   -14.0    16.2     40552            55984           300       2.9     139.4  
S0354   1.0      -1.3     57002            64800           300       2.0     57.0   
S0355   2.5      6.5      47355            61221           300       1.7     115.6  
S0356   -13.9    3.0      26132            40460           300       0.9     330.8  
S0357   -1.1     11.0     25723            47046           300       0.8     105.7  
S0358   -18.9    16.3     31053            48004           300       2.6     167.9  
S0359   -12.0    -7.4     34271            54808           300       1.1     289.2  
S0360   17.8     3.9      27544            41806           300       0.8     386.9  
S0361   -1.7     -4.9     42771            64005           300       2.6     287.0  
S0362   12.2     15.0     45277            60713           300       2.7     253.7  
S0363   -3.2     13.3     34083            52202           300       2.3     68.2   
S0364   13.0     6.2      48324            64800           300       2.0     374.9  
S0365   9.8      13.9     22592            37409           300       0.5     246.8  
S0366   -15.9    13.4     39181            50103           300       2.7     313.5  
S0367   -16.6    -19.5    47696            64800           300       2.2     346.5  
S0368   18.7     11.0     47947            58708           300       1.0     76.1   
S0369   4.3      8.8      47155            64800           300       2.6     382.8  
S0370   -12.2    -1.6     51680            64800           300       0.5     269.7  
S0371   -7.1     1.4      32657            46866           300       1.7     326.5  
S0372   15.6     1.0      28947            40576           300       1.5     390.6  
S0373   6.1      -1.1     27424            40334           300       2.6     198.1  
S0374   12.2     -14.6    55756            64800           300       1.6     275.9  
S0375   18.7     5.4      40625            48992           300       0.7     115.6  
S0376   -16.3    -6.0     55632            64800           300       1.9     129.0  
S0377   -1.8     -6.4     23451            36916           300       2.3     345.7  
S0378   -18.1    -4.8     47193            64668           300       2.1     227.9  
S0379   -0.8     -5.3     29440            50913           300       2.0     261.7  
S0380   11.9     18.1     38797            54952           300       2.2     179.2  
S0381   -4.1     19.3     56444            64800           300       2.5     376.7  
S0382   -18.1    -3.8     44736            64800           300       1.5     280.6  
S0383   17.6     18.1     44557            64800           300       1.0     186.3  
S0384   7.7      15.0     46469            64800           300       1.7     122.1  
S0385   -11.1    3.0      57596            64800           300       2.0     281.5  
S0386   -2.1     -2.7     45165            64800           300       0.6     342.1  
S0387   -5.9     -13.7    41898            51448           300       2.3     271.4  
S0388   6.7      18.2     40003            59339           300       2.2     190.3  
S0389   -13.0    -19.4    46903            54218           300       2.1     279.9  
S0390   -16.4    -11.3    40511            53550           300       1.0     84.1   
S0391   7.6      7.7      28716            39752           300       0.7     242.3  
S0392   -17.3    9.3      36071            52487           300       1.6     165.4  
S0393   9.5      -9.8     53609            64800           300       2.6     311.7  
S0394   4.8      -1.5     35909            57200           300       0.5     79.9   
S0395   2.5      -3.3     55242            64800           300       1.3     67.1   
S0396   -9.0     -11.1    45986            64800           300       2.2     394.2  
S0397   -15.8    -13.1    36915            56478           300       1.1     280.4  
S0398   -17.2    -1.2     50145            58468           300       2.8     310.6  
S0399   -7.0     -1.5     43035            50979           300       2.7     216.8  
S0400   -4.5     5.9      33750            51345           300       1.7     112.4  
S0401   1.3      -19.4    42453            59713           300       0.9     279.7  
S0402   -9.1     -4.6     47654            61454           300       2.5     212.6  
S0403   12.5     0.8      40730            60654           300       1.9     91.4   
S0404   -6.2     15.5     46777            64296           300       2.8     209.6  
S0405   2.1      -10.2    42227            52209           300       1.2     272.8  
S0406   4.7      15.1     30363            47693           300       1.9     176.2  
S0407   2.0      -12.1    50852            63016           300       1.2     75.2   
S0408   -17.7    -4.2     57457            64800           300       2.5     336.4  
S0409   18.6     -1.7     36082            55766           300       1.8     302.3  
S0410   7.6      17.6     40759            51805           300       1.2     199.2  
S0411   0.6      9.8      32181            40532           300       1.6     231.0  
S0412   -18.4    -7.0     42038            57431           300       1.0     358.4  
S0413   -15.1    -11.9    37082            50389           300       2.0     383.1  
S0414   -2.7     11.7     40420            56981           300       1.0     192.9  
S0415   19.8     -1.9     34992            43351           300       0.8     134.4  
S0416   3.1      -3.6     29525            37409           300       1.3     90.3   
S0417   9.2      6.1      33299            45453           300       2.5     75.3   
S0418   4.9      -1.4     50110            61289           300       1.0     243.3  
S0419   -16.4    9.4      44310            56623           300       2.0     229.8  
S0420   8.0      14.7     51657            64800           300       2.5     255.2  
S0421   14.6     3.9      43754            54941           300       0.6     292.2  
S0422   -17.4    13.8     56562            64800           300       1.8     333.3  
S0423   10.9     -12.0    22539            36469           300       1.4     67.1   
S0424   -18.3    -4.9     40769            50138           300       1.5     50.8   
S0425   -3.2     4.6      46858            54426           300       2.1     175.2  
S0426   -9.1     -7.8     50177            64800           300       1.7     294.7  
S0427   -15.0    -16.6    51382            64800           300       2.0     342.1  
S0428   -9.1     2.2      25374            43394           300       2.6     378.7  
S0429   -3.1     -15.4    26917            38459           300       2.8     112.7  
S0430   -9.4     -17.1    31517            45230           300       1.9     323.1  
S0431   5.0      18.4     48127            64800           300       1.5     74.2   
S0432   15.0     -19.0    54580            64800           300       1.6     336.5  
S0433   -18.3    7.9      54858            64800           300       1.7     291.0  
S0434   18.1     6.5      33384            46753           300       1.6     259.2  
S0435   15.2     -17.9    32689            48719           300       1.9     155.8  
S0436   19.6     -5.3     38566            59666           300       0.7     256.3  
S0437   -12.8    -6.2     41614            55684           300       1.3     242.5  
S0438   4.4      0.6      30426            37717           300       1.8     66.7   
S0439   -12.0    -4.3     29815            50250           300       2.9     100.2  
S0440   -3.1     6.9      53676            64800           300       2.0     77.8   
S0441   4.4      -16.9    54501            64800           300       1.7     254.0  
S0442   -13.5    19.9     48889            57508           300       1.7     163.3  
S0443   12.7     5.4      55040            64800           300       1.4     251.6  
S0444   -13.6    0.7      30158            39225           300       2.0     285.1  
S0445   6.3      -16.5    42439            59849           300       1.2     159.7  
S0446   -6.9     -0.1     45664            61735           300       2.7     399.2  
S0447   -6.8     9.3      55452            64800           300       2.5     398.8  
S0448   -0.7     -8.9     32039            42229           300       2.1     153.1  
S0449   -11.6    10.3     27566            37728           300       2.2     373.0  
S0450   -12.2    -8.8     47098            54767           300       0.6     163.5  
S0451   -14.1    -0.8     50943            64800           300       1.0     250.6  
S0452   -10.7    10.7     39972            59695           300       1.6     296.3  
S0453   7.3      8.7      37236            51264           300       1.1     59.8   
S0454   -0.5     -19.6    52005            64302           300       0.6     244.9  
S0455   -4.9     4.8      51419            60573           300       2.2     199.0  
S0456   18.9     -19.2    31589            49447           300       1.9     292.6  
S0457   -10.9    10.0     54422            64800           300       0.7     119.4  
S0458   1.1      8.3      30353            48653           300       1.2     370.7  
S0459   1.6      -4.5     55207            64800           300       1.7     193.8  
S0460   -2.5     14.3     53785            62708           300       1.7     108.5  
S0461   -15.9    -2.7     27350            36120           300       1.0     221.2  
S0462   19.6     17.9     38529            51894           300       2.0     349.4  
S0463   18.5     -8.8     51100            62066           300       2.6     54.5   
S0464   -11.2    7.6      54403            64800           300       1.5     390.6  
S0465   2.1      -4.3     52946            64800           300       2.8     243.2  
S0466   2.9      7.7      25286            40842           300       1.5     204.1  
S0467   1.2      -3.4     49876            62611           300       2.7     380.0  
S0468   6.2      -1.3     57081            64800           300       2.2     55.3   
S0469   -17.9    -3.5     26479            47526           300       1.8     76.8   
S0470   -18.4    -14.7    56201            64800           300       1.9     391.4  
S0471   7.7      -17.3    24939            44903           300       2.0     249.6  
S0472   4.8      -4.1     23040            43035           300       0.9     202.4  
S0473   19.1     17.8     42515            57331           300       2.1     190.7  
S0474   3.6      -11.4    52767            63504           300       2.5     222.0  
S0475   -9.1     9.9      31456            43734           300       0.7     130.2  
S0476   -4.9     -5.7     36339            56715           300       0.9     255.9  
S0477   -17.2    -11.0    52836            61055           300       2.6     103.9  
S0478   19.8     -6.4     40276            61845           300       2.1     167.3  
S0479   7.6      13.5     50546            64800           300       1.9     322.1  
S0480   6.3      -6.0     31131            49714           300       2.1     91.0   
S0481   -14.1    16.4     49963            64800           300       1.8     278.7  
S0482   12.0     15.4     33922            52171           300       0.9     366.6  
S0483   4.8      16.2     31109            42599           300       1.6     230.2  
S0484   13.6     2.7      30646            52212           300       1.7     288.3  
S0485   1.8      19.0     26101            41714           300       2.3     282.9  
S0486   12.2     10.7     38872            55490           300       2.8     227.0  
S0487   -18.9    6.2      24508            37377           300       1.8     299.7  
S0488   0.8      10.9     38739            50702           300       0.6     326.1  
S0489   8.7      10.0     55278            63695           300       1.6     322.3  
S0490   19.6     -9.6     39510            51845           300       0.6     196.5  
S0491   9.4      19.5     36318            49767           300       2.8     244.9  
S0492   9.3      13.7     24881            42167           300       0.7     310.6  
S0493   -8.1     -17.4    56325            64800           300       1.6     162.4  
S0494   -1.8     7.0      55757            64800           300       1.2     230.9  
S0495   -4.9     11.9     40114            59114           300       3.0     135.6  
S0496   11.6     -13.0    25988            46245           300       1.6     373.4  
S0497   4.0      16.9     36781            56308           300       1.7     144.7  
S0498   -12.4    -8.5     39201            46794           300       0.6     118.9  
S0499   7.3      16.9     41797            53595           300       1.4     180.6  
S0500   -17.3    6.1      28146            41484           300       1.6     214.1  
S0501   -8.1     2.1      54072            64800           300       1.0     57.7   
S0502   -17.2    -14.0    54504            64800           300       2.3     382.4  
S0503   -0.9     -15.8    55041            62882           300       0.8     215.3  
S0504   18.7     1.6      34255            49430           300       2.9     54.1   
S0505   -1.1     -3.7     37660            51053           300       2.6     141.6  
S0506   -11.4    17.8     57258            64800           300       1.6     270.3  
S0507   9.1      -19.3    32565            50373           300       0.6     313.7  
S0508   -16.3    -1.2     51943            64495           300       1.5     128.7  
S0509   11.8     -1.6     54767            64800           300       1.1     194.8  
S0510   5.1      -12.3    45184            53698           300       0.7     177.9  
S0511   -10.5    -17.5    31953            39912           300       1.7     294.7  
S0512   11.7     -13.2    35282            49307           300       1.5     336.2  
S0513   16.2     -13.4    49388            56940           300       1.2     155.0  
S0514   -16.3    -4.7     44183            56605           300       0.9     81.9   
S0515   -9.2     -10.8    40680            56648           300       1.8     88.4   
S0516   -6.1     -12.3    34750            54715           300       1.6     89.5   
S0517   -5.2     1.8      36749            50996           300       2.9     299.9  
S0518   -1.9     3.2      25163            44452           300       2.7     356.4  
S0519   2.7      -11.0    23694            42465           300       1.6     267.5  
S0520   4.6      -11.5    51211            64800           300       2.0     212.4  
S0521   11.5     -12.7    41040            51652           300       2.7     251.4  
S0522   8.7      -12.5    28302            38882           300       2.6     253.9  
S0523   5.9      18.6     53657            64800           300       0.9     223.9  
S0524   -11.3    14.1     53800            64800           300       1.3     260.1  
S0525   7.7      -5.9     33557            47345           300       2.7     124.4  
S0526   16.4     -10.6    24993            37279           300       1.7     364.6  
S0527   -9.3     14.1     55586            64800           300       2.6     295.6  
S0528   -7.2     -13.7    34456            41930           300       0.7     201.9  
S0529   16.7     -17.9    48091            64800           300       2.3     86.0   
S0530   -9.8     3.9      26775            39646           300       1.1     201.3  
S0531   -10.1    -7.2     22466            42310           300       2.8     361.6  
S0532   5.6      -19.3    23121            37019           300       1.9     395.5  
S0533   19.7     4.4      53192            64731           300       3.0     78.6   
S0534   19.2     -19.0    38903            53566           300       2.2     193.8  
S0535   1.6      14.3     49975            61590           300       2.7     376.5  
S0536   0.1      12.2     37848            53579           300       0.6     355.7  
S0537   17.1     -10.2    43520            62414           300       0.6     273.0  
S0538   -15.4    7.7      35960            45499           300       1.5     217.7  
S0539   5.9      -16.9    31455            50152           300       2.3     67.6   
S0540   10.9     0.8      33416            42661           300       1.4     117.5  
S0541   1.1      -10.2    54826            64800           300       0.9     189.3  
S0542   5.0      -10.4    46948            62028           300       0.8     131.7  
S0543   19.4     -2.3     53753            64800           300       1.1     205.9  
S0544   16.5     -1.1     42635            64013           300       2.2     327.9  
S0545   16.5     0.1      24176            37061           300       0.9     167.6  
S0546   1.4      20.0     27959            49540           300       0.6     196.6  
S0547   9.3      15.7     37896            51853           300       1.5     243.2  
S0548   10.8     -4.0     43133            53540           300       1.8     257.8  
S0549   1.8      3.1      34109            47974           300       1.3     230.6  
S0550   -13.5    -14.2    45439            55284           300       2.4     108.0  
S0551   -14.2    -18.8    44593            64800           300       2.8     285.5  
S0552   -3.3     -1.1     40941            61128           300       2.6     66.0   
S0553   -2.9     -18.1    56926            64800           300       1.3     205.1  
S0554   -17.7    18.6     43003            59141           300       1.3     132.0  
S0555   19.4     -2.8     54042            64800           300       1.6     336.7  
S0556   -18.5    -10.3    33404            52658           300       3.0     368.2  
S0557   1.3      0.1      31843            44013           300       1.4     116.5  
S0558   -19.0    -4.0     29565            37792           300       2.9     53.2   
S0559   17.1     -5.9     45194            60255           300       2.3     57.5   
S0560   16.9     -14.9    47870            63513           300       0.9     110.5  
S0561   9.6      0.1      35133            46519           300       1.4     228.3  
S0562   0.2      -9.7     28650            41065           300       2.6     360.6  
S0563   -2.3     -2.8     39085            53909           300       0.8     133.3  
S0564   1.4      -10.4    30294            40077           300       1.0     178.6  
S0565   10.3     8.5      30879            46157           300       2.6     80.4   
S0566   3.8      -11.4    45526            64800           300       1.9     324.5  
S0567   -0.1     12.5     53679            64800           300       2.9     141.7  
S0568   -17.7    13.5     55900            64800           300       1.2     229.7  
S0569   -0.6     8.8      30847            41144           300       1.8     372.7  
S0570   -12.5    14.4     23179            33689           300       1.8     295.5  
S0571   19.6     18.5     44094            51326           300       2.0     290.8  
S0572   -18.2    8.1      30712            40365           300       1.6     274.8  
S0573   -4.9     -10.7    47828            59803           300       2.8     255.5  
S0574   -16.8    -0.0     23649            30901           300       2.2     292.8  
S0575   -1.6     -0.8     27594            39864           300       2.2     83.0   
S0576   1.5      18.7     46693            59399           300       2.3     105.1  
S0577   -16.2    17.6     30295            48887           300       2.4     317.0  
S0578   -2.6     -4.2     26564            41794           300       3.0     85.8   
S0579   18.3     -7.2     52550            63415           300       2.6     73.4   
S0580   -0.4     13.4     54449            64800           300       2.4     154.8  
S0581   5.3      14.9     22851            35944           300       2.6     55.8   
S0582   1.4      -1.2     41842            59729           300       2.4     269.4  
S0583   -2.4     -6.5     42213            63219           300       2.9     257.4  
S0584   0.7      3.1      30105            37724           300       2.4     269.8  
S0585   8.3      18.1     22198            37510           300       1.1     141.5  
S0586   10.2     -13.4    34108            47855           300       3.0     278.4  
S0587   -10.5    -6.8     53727            61028           300       2.9     276.1  
S0588   6.3      19.8     47919            55211           300       1.4     308.6  
S0589   15.8     -6.9     37008            57544           300       1.8     295.9  
S0590   0.4      -5.0     51682            61632           300       2.9     142.7  
S0591   -6.0     6.0      40524            48092           300       2.5     221.6  
S0592   -5.6     -9.0     25910            44978           300       0.6     188.4  
S0593   -5.6     -12.5    37041            56380           300       1.9     178.6  
S0594   -14.3    13.2     44665            60457           300       2.0     241.9  
S0595   -4.9     -18.1    47269            56264           300       1.2     167.8  
S0596   18.2     10.3     54241            64800           300       1.5     355.8  
S0597   3.6      -18.0    39549            47822           300       0.6     225.9  
S0598   19.8     -5.8     29318            47785           300       1.0     77.3   
S0599   18.6     1.5      23528            36693           300       2.0     228.2  
S0600   3.8      7.8      40089            50147           300       0.7     257.3  
S0601   8.3      16.1     41113            58632           300       2.3     122.8  
S0602   -5.7     8.8      53154            64800           300       0.8     52.8   
S0603   -6.2     -17.4    56114            64800           300       1.0     118.8  
S0604   -16.7    -0.0     56022            64800           300       0.8     61.4   
S0605   -9.1     -14.9    49260            64800           300       2.2     293.6  
S0606   2.1      3.2      57333            64800           300       1.6     320.5  
S0607   5.2      -14.1    38436            58850           300       1.0     117.3  
S0608   -17.8    -5.3     49154            63181           300       2.1     238.0  
S0609   2.7      17.0     56929            64800           300       0.8     207.5  
S0610   -10.6    -12.1    50557            57909           300       1.5     129.6  
S0611   16.7     18.2     56320            64800           300       1.1     317.8  
S0612   7.1      -6.7     27739            44505           300       2.7     337.9  
S0613   -6.3     11.1     26561            44089           300       2.1     185.4  
S0614   14.1     -12.4    55110            63549           300       2.2     395.2  
S0615   -13.9    -18.1    47307            61510           300       1.9     380.9  
S0616   -3.9     -18.3    50160            64234           300       2.2     377.4  
S0617   -18.7    3.1      30010            41555           300       1.0     344.1  
S0618   -8.2     2.8      32081            40701           300       2.4     339.1  
S0619   17.9     2.2      26410            43808           300       0.6     68.1   
S0620   -6.0     3.5      32416            45077           300       2.4     380.6  
S0621   -11.1    -11.8    33693            47844           300       2.5     332.6  
S0622   -19.5    7.1      31278            42300           300       0.8     147.9  
S0623   -9.6     6.0      30598            40963           300       2.4     136.2  
S0624   2.6      6.3      45343            64800           300       2.3     353.5  
S0625   17.7     9.6      30169            38169           300       0.9     203.2  
S0626   -10.8    -1.7     49924            57599           300       1.4     386.5  
S0627   15.2     -16.8    42250            51807           300       1.9     142.6  
S0628   8.3      -12.0    22227            32660           300       1.2     118.8  
S0629   18.8     16.9     51746            64256           300       2.1     110.9  
S0630   -2.5     9.2      43782            54916           300       1.5     305.9  
S0631   -13.7    13.5     28610            37246           300       3.0     129.0  
S0632   12.0     2.3      42897            57798           300       1.3     374.6  
S0633   18.4     -10.2    25102            35617           300       2.5     159.4  
S0634   -17.3    6.1      29148            48806           300       1.5     239.1  
S0635   -6.9     -6.2     37211            44933           300       0.9     264.1  
S0636   -11.9    7.0      26370            42993           300       1.8     102.9  
S0637   4.7      11.6     57588            64800           300       2.3     394.2  
S0638   -17.9    7.9      39618            48958           300       1.8     287.9  
S0639   -17.7    -14.9    44839            63607           300       2.2     78.0   
S0640   -4.6     7.0      36481            55772           300       2.7     95.3   
S0641   2.4      18.5     52142            64800           300       1.1     304.6  
S0642   -18.3    11.9     53858            64800           300       0.6     118.1  
S0643   2.5      1.1      28728            38996           300       0.9     313.0  
S0644   18.7     -0.4     48636            56103           300       1.7     138.5  
S0645   10.0     -5.6     26422            38395           300       1.3     363.6  
S0646   -13.9    -13.8    52122            64800           300       1.3     197.0  
S0647   9.0      19.5     37857            48148           300       2.1     57.9   
S0648   -13.8    8.5      34960            43952           300       0.9     203.2  
S0649   5.3      -6.3     40265            54056           300       1.0     75.8   
S0650   0.0      0.9      38009            50321           300       2.4     384.8  
S0651   -11.6    -10.0    32378            42287           300       1.5     306.0  
S0652   17.9     -15.0    46159            62225           300       1.4     160.3  
S0653   -15.8    -7.7     36872            56159           300       1.4     261.6  
S0654   -10.6    -8.9     24131            42839           300       1.9     364.4  
S0655   -3.3     -13.0    36346            50871           300       2.0     304.6  
S0656   -3.4     3.7      45116            53151           300       2.2     64.4   
S0657   3.2      -9.7     46259            64800           300       1.1     77.5   
S0658   -5.4     11.8     38123            49579           300       1.2     331.2  
S0659   2.4      18.0     46877            64442           300       2.0     222.0  
S0660   19.7     -16.9    23850            41290           300       1.6     280.7  
S0661   -12.6    -19.4    42159            57441           300       2.9     163.7  
S0662   2.6      18.4     36117            48011           300       2.3     299.5  
S0663   9.8      -12.1    44317            56898           300       1.4     217.1  
S0664   16.1     8.0      57122            64800           300       1.9     306.2  
S0665   -18.7    -4.7     49695            62050           300       1.2     70.0   
S0666   19.6     4.7      30620            49046           300       2.1     224.7  
S0667   -11.6    11.5     54810            64800           300       3.0     144.0  
S0668   9.5      0.5      57468            64800           300       1.6     185.2  
S0669   -12.4    2.9      43820            61365           300       1.4     333.7  
S0670   -7.3     17.2     54663            62272           300       2.9     388.5  
S0671   -6.7     -8.5     46996            64665           300       1.7     213.8  
S0672   14.6     7.6      45154            53460           300       2.8     50.3   
S0673   4.2      -0.5     22398            33977           300       2.5     128.8  
S0674   -3.2     -4.2     56883            64800           300       2.2     193.4  
S0675   20.0     2.6      37645            56105           300       2.7     217.9  
S0676   -4.4     -1.4     34706            56150           300       2.2     229.5  
S0677   10.4     12.2     29857            37195           300       2.3     61.6   
S0678   1.6      -9.9     38029            54716           300       1.4     322.0  
S0679   -6.6     -1.5     27369            38719           300       1.1     393.0  
S0680   -3.1     13.8     27035            47794           300       1.2     299.9  
S0681   -7.2     -5.2     55043            64069           300       1.8     170.2  
S0682   -4.5     1.7      33655            48395           300       1.4     125.2  
S0683   -2.1     -3.3     50927            58194           300       0.6     372.3  
S0684   12.4     8.3      35324            42815           300       1.2     388.5  
S0685   -8.1     -16.9    40531            52378           300       1.9     372.2  
S0686   -7.4     19.8     40992            56111           300       0.8     219.2  
S0687   -13.5    3.1      25959            33238           300       0.8     180.4  
S0688   9.8      -7.3     32810            43093           300       2.1     219.8  
S0689   4.2      -7.8     37313            54106           300       0.5     124.8  
S0690   3.5      -13.6    43438            63884           300       2.0     293.8  
S0691   -14.1    -10.3    22044            37624           300       0.6     175.0  
S0692   -1.4     8.6      43272            61251           300       1.6     287.2  
S0693   17.1     17.5     24898            40882           300       2.0     330.9  
S0694   13.6     18.5     52917            62177           300       1.2     354.8  
S0695   18.5     -2.0     21977            42978           300       0.8     87.7   
S0696   10.3     8.4      37262            58040           300       1.4     86.7   
S0697   -19.9    -11.3    57578            64800           300       2.9     328.6  
S0698   -19.7    16.1     31423            48779           300       1.1     59.2   
S0699   12.7     -15.5    52878            64800           300       2.6     345.9  
S0700   -14.2    -6.8     53188            64800           300       1.7     136.0  
S0701   -8.1     17.4     50930            64800           300       2.1     208.7  
S0702   -8.0     9.5      55652            64095           300       0.9     379.9  
S0703   9.4      -2.7     55433            64800           300       2.4     141.4  
S0704   -4.0     12.3     38182            52119           300       0.9     273.8  
S0705   18.9     -19.6    38641            46025           300       0.7     387.3  
S0706   -3.3     -8.2     44944            60209           300       2.3     130.0  
S0707   18.8     -13.1    36830            49920           300       1.3     176.0  
S0708   2.0      -18.3    30303            47303           300       2.6     378.4  
S0709   12.5     -16.1    40452            58508           300       2.7     357.7  
S0710   10.4     -1.2     23041            44113           300       1.5     68.9   
S0711   -15.5    -17.5    36418            46085           300       2.4     129.2  
S0712   4.6      -1.5     38416            57485           300       1.3     73.5   
S0713   -1.1     6.8      55528            64800           300       2.1     109.7  
S0714   -9.6     -13.2    35688            55403           300       2.0     310.7  
S0715   -3.3     9.4      45449            62057           300       2.7     247.6  
S0716   -16.6    -18.2    29576            39839           300       3.0     397.5  
S0717   -19.6    17.7     41245            52629           300       1.2     135.4  
S0718   -1.5     -15.1    53765            64800           300       0.6     208.6  
S0719   -12.2    4.4      44941            58689           300       0.7     249.8  
S0720   5.1      15.6     37802            58388           300       2.0     245.4  
S0721   -14.0    -13.3    48290            56222           300       2.9     241.5  
S0722   1.1      19.0     46733            56451           300       1.5     147.0  
S0723   -17.6    3.5      27816            36634           300       2.2     331.9  
S0724   1.1      -2.6     36332            43549           300       2.8     213.6  
S0725   -14.6    -19.4    43933            63827           300       1.5     251.9  
S0726   -10.4    -14.6    56997            64800           300       2.9     235.7  
S0727   18.7     8.0      38679            59039           300       1.4     137.4  
S0728   -12.1    17.5     46612            64800           300       0.6     319.1  
S0729   -5.4     -10.9    54449            64506           300       2.9     118.0  
S0730   -2.9     -16.6    43398            61541           300       0.8     166.3  
S0731   6.1      9.2      44470            64788           300       1.4     280.2  
S0732   -4.8     -11.7    41243            61790           300       1.6     95.0   
S0733   -12.9    -8.9     48423            62681           300       2.2     105.6  
S0734   17.2     9.0      24889            35228           300       1.6     165.3  
S0735   -13.7    -8.4     24520            36639           300       0.9     271.8  
S0736   14.2     -18.3    47115            59331           300       1.3     315.0  
S0737   -5.6     -1.0     53640            64800           300       1.1     293.7  
S0738   14.5     -2.2     49561            58267           300       1.2     101.7  
S0739   1.0      -18.0    46509            64800           300       2.8     264.8  
S0740   -18.3    17.7     22562            39386           300       1.9     89.6   
S0741   14.7     16.4     22303            39709           300       1.4     305.2  
S0742   -19.8    -10.5    32373            52883           300       1.2     90.9   
S0743   5.5      8.3      55468            64800           300       2.4     71.2   
S0744   -5.5     17.4     36142            54689           300       1.4     185.9  
S0745   -8.3     3.2      53017            64800           300       2.3     92.4   
S0746   -17.8    -16.5    52269            64800           300       1.9     371.8  
S0747   -1.1     5.8      39913            60469           300       1.1     307.5  
S0748   -12.6    -6.3     28145            36432           300       2.3     173.5  
S0749   -3.0     -7.8     54086            64800           300       2.8     368.1  
S0750   13.2     -7.1     44818            58489           300       2.4     72.5   
S0751   5.6      1.5      26125            44664           300       0.6     352.4  
S0752   15.3     -6.2     21789            29661           300       1.3     168.2  
S0753   18.1     -5.3     51798            63257           300       3.0     60.1   
S0754   13.7     -3.4     50920            64800           300       2.5     229.4  
S0755   -10.8    12.7     56034            64800           300       2.2     177.2  
S0756   15.8     19.8     29654            50297           300       1.7     50.3   
S0757   -16.5    -7.4     26654            45442           300       2.9     220.2  
S0758   -12.1    13.1     30918            50262           300       2.5     169.9  
S0759   -2.6     0.4      50837            64800           300       2.4     81.5   
S0760   3.5      -10.8    43060            56081           300       2.0     71.4   
S0761   -4.0     -18.6    33363            40946           300       1.0     139.7  
S0762   -1.2     -8.7     35217            49445           300       2.0     77.1   
S0763   -8.2     18.0     53076            64800           300       1.0     121.1  
S0764   -0.1     19.9     43775            61647           300       1.2     170.7  
S0765   6.4      -18.1    47116            64800           300       0.6     210.1  
S0766   -15.3    5.9      28806            48726           300       0.8     112.5  
S0767   -9.1     9.9      45104            63524           300       1.5     174.6  
S0768   8.1      -8.2     54387            64800           300       2.7     169.3  
S0769   12.7     16.4     34594            42257           300       2.2     224.6  
S0770   15.8     -10.8    26223            39611           300       1.1     136.5  
S0771   19.8     10.5     53082            64800           300       1.2     183.9  
S0772   -14.3    -4.9     28187            48495           300       2.8     383.0  
S0773   4.1      11.1     34576            47229           300       2.1     387.4  
S0774   20.0     19.7     41802            61508           300       1.4     286.6  
S0775   6.3      18.3     47655            57701           300       2.1     245.7  
S0776   -10.5    12.9     25975            47119           300       1.7     144.5  
S0777   -8.1     -1.6     56020            64800           300       2.7     385.0  
S0778   17.8     -1.7     34055            44924           300       1.4     345.4  
S0779   -17.0    7.6      34125            44627           300       2.9     156.4  
S0780   1.1      -3.5     24345            42835           300       1.4     58.6   
S0781   -0.7     10.0     34030            46601           300       1.3     235.6  
S0782   6.0      10.8     44392            54187           300       0.8     208.0  
S0783   -7.3     -0.3     25061            32859           300       1.3     187.7  
S0784   14.5     -16.4    46337            64800           300       2.6     328.3  
S0785   -3.1     -3.7     52510            64800           300       1.0     249.6  
S0786   14.2     -6.4     28992            42387           300       1.2     144.2  
S0787   -12.8    -5.5     41609            52266           300       2.6     181.3  
S0788   -4.8     -9.4     33126            50582           300       1.4     126.0  
S0789   9.5      17.7     54375            64800           300       0.9     132.3  
S0790   11.8     -19.0    37878            46965           300       2.1     184.0  
S0791   -2.7     -6.9     22325            37898           300       1.4     357.9  
S0792   7.3      15.5     56366            64800           300       2.4     110.2  
S0793   12.1     -11.2    35408            43858           300       0.6     261.3  
S0794   19.0     4.6      32033            49004           300       0.7     50.6   
S0795   -18.6    -2.5     33575            47426           300       1.5     383.8  
S0796   1.1      2.7      48274            57555           300       2.3     185.3  
S0797   -17.9    -16.4    32575            42718           300       1.4     302.0  
S0798   -19.4    7.3      23883            42606           300       2.4     60.0   
S0799   17.9     -6.3     55136            64020           300       2.0     178.5  
S0800   16.8     15.8     34204            42360           300       2.3     383.8  
S0801   17.5     -8.1     51006            64800           300       2.6     263.9  
S0802   10.0     1.1      51632            64800           300       0.8     359.1  
S0803   -12.8    -9.6     53635            64800           300       1.9     79.0   
S0804   8.8      14.6     48682            59781           300       0.7     61.0   
S0805   15.7     0.3      32280            52877           300       2.9     110.6  
S0806   -8.1     -19.7    31550            47490           300       2.2     228.4  
S0807   -16.9    2.3      36019            50174           300       0.6     300.0  
S0808   7.9      18.7     41611            60888           300       0.6     180.2  
S0809   -17.1    5.3      29691            49573           300       0.8     64.8   
S0810   -12.4    1.9      29300            38124           300       0.8     89.3   
S0811   2.5      -16.5    40503            49766           300       1.0     349.2  
S0812   1.4      -18.0    41470            54343           300       2.2     188.3  
S0813   16.5     0.9      53333            64800           300       1.1     291.1  
S0814   4.5      0.8      27973            46234           300       1.6     368.7  
S0815   -7.5     -15.8    23158            37096           300       0.7     261.2  
S0816   -1.9     2.7      42072            53516           300       1.6     128.5  
S0817   17.8     11.2     27192            39993           300       2.0     54.1   
S0818   -1.2     -1.6     42260            57644           300       1.5     94.9   
S0819   -6.1     15.5     24957            41527           300       1.9     218.4  
S0820   18.4     -13.1    52700            64800           300       2.4     217.5  
S0821   -7.9     2.7      53367            61811           300       2.9     274.2  
S0822   -11.7    -7.8     32470            51777           300       0.5     225.0  
S0823   0.4      -14.2    34325            42168           300       0.7     119.4  
S0824   8.0      15.2     27426            37937           300       2.0     271.7  
S0825   1.8      -4.0     54472            62425           300       0.8     51.3   
S0826   -4.3     18.0     52853            64800           300       1.5     331.4  
S0827   10.3     17.1     25871            41814           300       1.1     190.2  
S0828   3.4      -8.1     40690            60584           300       2.2     206.8  
S0829   -7.3     -10.5    38082            53232           300       1.5     389.4  
S0830   0.3      17.5     25481            38853           300       1.9     161.3  
S0831   16.7     -19.6    48730            64800           300       1.5     260.9  
S0832   -14.8    -5.0     32360            50914           300       0.9     151.1  
S0833   -8.6     8.2      53118            64800           300       0.8     234.3  
S0834   12.1     19.4     39998            52828           300       1.7     270.5  
S0835   12.0     6.0      54665            64800           300       1.3     54.2   
S0836   -2.7     -8.5     40144            50494           300       2.8     111.9  
S0837   0.7      13.4     55352            64800           300       0.9     234.2  
S0838   14.5     -1.4     21907            33070           300       2.1     377.8  
S0839   -12.5    -10.3    40112            57811           300       2.7     337.4  
S0840   -8.1     13.6     56328            64800           300       0.9     61.9   
S0841   -9.7     3.2      26508            35783           300       1.3     397.4  
S0842   -10.8    2.9      57046            64800           300       1.0     334.0  
S0843   -13.8    2.9      26341            44619           300       1.5     350.7  
S0844   14.1     6.3      29730            46414           300       1.6     367.8  
S0845   0.1      -9.7     49819            57436           300       2.0     352.6  
S0846   -0.1     -13.3    33642            48166           300       1.6     203.1  
S0847   9.8      -5.9     22785            42307           300       2.6     116.1  
S0848   -5.5     -13.8    55105            64800           300       1.9     370.9  
S0849   -2.3     -11.2    45541            64412           300       1.0     167.8  
S0850   -6.1     10.1     24803            35961           300       1.7     209.4  
S0851   6.5      -12.2    37821            56295           300       2.4     172.7  
S0852   -17.3    15.1     55288            63126           300       0.6     147.8  
S0853   -15.3    -11.0    51054            60178           300       2.4     95.6   
S0854   -4.3     -18.5    22695            39644           300       1.4     370.0  
S0855   -17.2    -2.1     47639            63011           300       2.8     213.4  
S0856   6.0      -7.3     29488            42055           300       2.9     70.9   
S0857   -20.0    1.2      45499            64800           300       1.9     101.9  
S0858   19.7     15.4     48716            58377           300       1.0     145.4  
S0859   -16.4    -13.1    44621            53278           300       1.1     171.9  
S0860   -10.7    13.0     40417            50352           300       2.2     118.8  
S0861   -1.8     -13.3    47892            56097           300       3.0     379.1  
S0862   19.2     -11.5    51934            64800           300       0.7     65.9   
S0863   8.2      -17.8    23422            39385           300       2.0     73.8   
S0864   -19.9    -0.3     44598            57877           300       1.0     389.0  
S0865   -16.4    6.5      36545            53150           300       0.6     167.2  
S0866   13.6     3.1      40344            50557           300       2.9     215.6  
S0867   -12.1    -11.3    29229            37298           300       2.4     122.3  
S0868   -14.7    -12.2    32075            50807           300       0.8     152.0  
S0869   -14.7    -6.3     46895            59005           300       0.8     188.4  
S0870   15.2     11.4     50343            64800           300       1.7     239.3  
S0871   -14.3    11.4     38815            59268           300       1.2     90.7   
S0872   -13.9    -15.4    38383            51860           300       1.7     99.6   
S0873   12.4     -4.7     42473            55826           300       1.7     253.7  
S0874   -18.6    12.4     28748            50048           300       3.0     321.7  
S0875   -10.8    -1.0     29465            48229           300       1.2     81.9   
S0876   14.6     -15.7    42436            54791           300       3.0     385.6  
S0877   5.2      18.1     46081            64800           300       2.2     267.8  
S0878   -18.2    8.9      29272            50161           300       2.7     229.2  
S0879   13.2     7.4      52101            64800           300       1.0     154.1  
S0880   5.2      -7.4     47452            59235           300       1.4     81.5   
S0881   -12.7    -11.5    23334            31735           300       1.7     98.0   
S0882   -8.0     -14.7    53647            63933           300       2.9     300.7  
S0883   -5.4     -5.3     42828            58077           300       3.0     282.1  
S0884   -13.9    -11.3    45627            60921           300       1.9     121.3  
S0885   8.3      -6.7     48653            62082           300       1.6     221.0  
S0886   -18.7    13.3     55943            64800           300       1.5     73.4   
S0887   18.3     -4.8     30010            40874           300       3.0     298.1  
S0888   17.0     -13.6    40185            57720           300       2.0     97.4   
S0889   -7.1     -0.4     26730            43807           300       1.4     288.6  
S0890   -6.3     18.6     37544            48160           300       2.3     282.9  
S0891   11.1     -13.5    33279            50970           300       1.9     210.6  
S0892   -16.0    -18.1    31230            48425           300       1.8     327.3  
S0893   -13.4    -0.1     40021            53235           300       2.4     185.1  
S0894   -7.1     -19.5    47212            56938           300       1.3     288.5  
S0895   11.6     -3.8     25642            43372           300       0.6     107.7  
S0896   15.6     0.6      31302            43250           300       0.5     259.5  
S0897   -12.9    11.8     43591            59869           300       2.4     158.9  
S0898   4.5      -4.4     56030            64800           300       2.5     137.8  
S0899   -8.6     7.7      41134            58304           300       2.9     241.6  
S0900   2.2      -5.0     32060            43826           300       1.6     204.7  
S0901   -1.0     4.5      24796            32187           300       3.0     129.4  
S0902   13.4     -12.1    57308            64800           300       2.4     100.8  
S0903   8.1      -7.7     44062            60880           300       1.4     282.5  
S0904   5.5      1.1      23073            43562           300       1.4     133.6  
S0905   -0.7     -3.5     46673            56101           300       1.0     363.1  
S0906   8.2      18.1     57174            64800           300       1.6     82.9   
S0907   12.6     -17.9    36434            54995           300       1.5     154.4  
S0908   -3.6     15.2     54052            64800           300       1.1     64.3   
S0909   -18.1    -12.7    23237            37231           300       2.4     66.0   
S0910   -16.1    10.1     33582            51962           300       2.1     97.3   
S0911   -13.4    -4.8     23521            32186           300       2.0     392.4  
S0912   -3.9     -19.9    39177            54268           300       1.0     71.7   
S0913   13.6     9.8      43898            52394           300       2.4     166.1  
S0914   18.2     -5.1     29975            50391           300       1.9     65.8   
S0915   -16.2    -13.3    42183            63637           300       2.9     169.0  
S0916   -1.2     -4.8     28516            46942           300       1.3     96.6   
S0917   -14.1    19.6     44946            61857           300       1.0     348.9  
S0918   9.3      -10.1    38488            53050           300       2.3     301.3  
S0919   -6.7     -13.2    48254            57645           300       1.5     247.6  
S0920   -14.9    -12.6    23515            33026           300       1.1     349.4  
S0921   -17.5    15.3     56723            64800           300       0.6     217.5  
S0922   -18.5    -12.8    36488            45053           300       1.8     168.4  
S0923   -7.0     2.8      26470            44137           300       1.3     65.6   
S0924   9.5      -5.5     52905            60116           300       0.9     105.8  
S0925   10.3     -14.7    50981            64800           300       1.9     274.4  
S0926   -13.1    12.6     23538            36378           300       2.2     165.3  
S0927   -19.0    -16.1    56159            63595           300       1.7     142.8  
S0928   9.4      10.0     54744            64800           300       2.1     73.6   
S0929   -14.0    8.4      46769            64800           300       2.4     315.2  
S0930   4.5      6.9      36592            52865           300       3.0     171.4  
S0931   10.0     11.1     37451            53650           300       1.9     90.7   
S0932   -10.2    6.2      40292            48656           300       1.1     116.3  
S0933   13.8     5.9      38145            54986           300       1.0     282.2  
S0934   12.4     2.7      48113            64800           300       0.9     61.9   
S0935   -11.8    12.8     21839            41081           300       1.1     223.7  
S0936   -5.9     18.3     55357            64800           300       0.6     362.8  
S0937   3.4      -8.9     23300            40479           300       2.0     304.9  
S0938   -7.2     8.7      27028            46794           300       1.4     351.1  
S0939   -5.4     -17.0    41552            53428           300       2.5     91.7   
S0940   11.4     -3.2     44802            64800           300       2.2     98.8   
S0941   15.9     3.2      25257            45576           300       2.5     197.6  
S0942   19.0     10.9     51628            59041           300       1.0     90.4   
S0943   -9.0     -13.4    56727            64800           300       2.7     359.1  
S0944   18.0     -7.5     24744            36128           300       1.9     288.3  
S0945   12.3     -7.3     30273            41716           300       0.8     95.4   
S0946   7.0      -9.2     27131            47334           300       0.7     71.3   
S0947   -11.9    7.0      46351            60241           300       1.4     58.8   
S0948   -14.2    13.9     41746            54083           300       1.6     296.9  
S0949   5.5      0.6      49214            60431           300       1.4     388.5  
S0950   -1.7     9.1      39641            54622           300       2.3     153.2  
S0951   10.8     12.5     28708            38860           300       1.7     243.6  
S0952   -13.8    -11.6    46520            64800           300       0.6     54.8   
S0953   -18.5    -15.6    57592            64800           300       1.6     110.5  
S0954   6.7      7.4      46957            64800           300       2.6     269.4  
S0955   15.8     -1.1     25155            32748           300       2.0     89.6   
S0956   9.8      -13.2    28931            44977           300       0.8     227.3  
S0957   -8.6     14.7     47556            63892           300       1.9     200.2  
S0958   -2.6     2.9      37520            54695           300       2.3     97.7   
S0959   -7.9     -19.4    50430            64800           300       1.1     238.4  
S0960   -11.6    -7.4     45484            55913           300       2.9     85.0   
S0961   13.1     -15.7    51229            59586           300       2.8     83.0   
S0962   -15.6    -14.9    26030            34915           300       1.1     271.5  
S0963   0.2      16.2     43110            55784           300       1.7     330.8  
S0964   9.4      18.4     22530            39663           300       1.0     111.2  
S0965   12.4     0.8      32317            40809           300       1.2     370.6  
S0966   -17.3    -1.2     33254            43045           300       1.5     199.9  
S0967   11.8     -18.9    55377            64800           300       2.1     399.2  
S0968   -6.7     10.6     26338            46722           300       0.9     158.9  
S0969   19.2     -19.7    31394            50881           300       0.9     136.7  
S0970   -18.6    7.7      40966            54264           300       2.0     113.8  
S0971   11.1     6.5      52659            64800           300       2.5     138.9  
S0972   19.1     10.8     42655            49882           300       2.0     182.6  
S0973   -19.7    2.5      53356            61057           300       2.2     111.6  
S0974   -15.9    14.7     46034            57285           300       0.5     261.3  
S0975   -3.9     -16.9    57063            64800           300       1.3     125.7  
S0976   17.9     -4.1     47929            64800           300       0.7     399.5  
S0977   10.0     -12.4    37562            50998           300       2.1     136.5  
S0978   8.4      -17.3    26364            40076           300       0.8     377.6  
S0979   -6.9     -12.4    45637            57361           300       2.3     336.2  
S0980   -1.2     2.8      27815            35691           300       0.9     57.6   
S0981   -5.9     -11.4    47314            56110           300       1.8     282.9  
S0982   -11.2    12.4     32362            47983           300       2.6     222.2  
S0983   4.6      19.7     37290            54885           300       1.5     254.9  
S0984   1.5      1.7      40975            56068           300       0.9     380.3  
S0985   -1.6     7.9      47736            63058           300       0.6     377.7  
S0986   -18.3    11.5     27733            42249           300       3.0     391.1  
S0987   -2.8     -8.2     56821            64800           300       1.4     281.3  
S0988   -15.1    4.8      30186            47487           300       2.3     84.0   
S0989   18.8     -10.9    40787            60101           300       1.2     373.1  
S0990   -19.0    -0.4     50598            64800           300       2.2     384.0  
S0991   -0.8     15.0     52453            64800           300       1.3     58.2   
S0992   -15.6    -13.2    30147            39555           300       0.6     70.6   
S0993   17.0     -12.7    30701            41192           300       1.5     120.0  
S0994   -2.5     -1.9     52472            61019           300       2.7     281.5  
S0995   -4.9     -8.9     52414            64800           300       0.8     105.7  
S0996   18.6     5.4      25750            39088           300       1.1     382.3  
S0997   -13.1    -8.4     51569            64800           300       0.9     185.6  
S0998   14.6     0.9      41531            57462           300       2.1     122.5  
S0999   16.8     -4.4     44324            63101           300       1.1     240.9  
S1000   -0.3     -4.1     44178            58980           300       2.4     119.7  
S1001   -7.2     0.2      35628            55212           300       0.7     360.8  
S1002   -2.7     -1.5     41581            54636           300       1.8     202.5  
S1003   5.6      -5.8     23612            40114           300       1.3     358.5  
S1004   -13.6    -2.8     34809            43289           300       2.4     370.9  
S1005   -3.9     -8.2     42734            58010           300       1.1     69.6   
S1006   15.5     4.2      32896            49830           300       2.0     358.5  
S1007   2.3      3.1      54959            64800           300       1.8     377.2  
S1008   19.0     4.1      28701            49124           300       2.9     120.1  
S1009   -3.3     15.6     53736            62288           300       1.7     180.3  
S1010   4.6      -15.2    43000            57031           300       1.1     299.5  
S1011   -10.8    -5.1     43975            52309           300       2.2     138.0  
S1012   -1.8     -3.4     31490            50325           300       2.5     261.7  
S1013   1.2      -2.1     22541            43933           300       2.5     271.6  
S1014   -18.7    3.0      47595            64686           300       2.8     91.3   
S1015   3.6      -9.4     33073            45370           300       2.2     304.2  
S1016   -19.4    8.6      23296            35035           300       2.7     227.0  
S1017   -7.8     13.8     54547            64800           300       1.0     227.0  
S1018   6.5      -12.9    31937            39927           300       0.6     160.2  
S1019   -18.2    -18.6    43772            58926           300       2.3     125.9  
S1020   15.9     4.1      39647            50015           300       2.6     144.5  
S1021   13.7     3.2      50384            59093           300       1.0     69.3   
S1022   15.3     -19.1    31700            44762           300       1.8     138.1  
S1023   1.9      -1.0     22006            39856           300       2.2     385.0  
S1024   -19.7    -3.9     25403            34151           300       1.5     398.4  
S1025   19.7     -10.4    38911            57094           300       1.9     50.8   
S1026   1.2      -14.4    32399            43785           300       0.8     87.3   
S1027   -17.0    -15.3    25107            43296           300       2.2     228.5  
S1028   18.4     19.5     24576            41811           300       0.7     70.9   
S1029   -12.4    -13.0    37947            53526           300       1.9     239.6  
S1030   0.8      17.8     52432            64800           300       0.6     359.3  
S1031   -18.2    -3.5     43176            55801           300       2.6     188.6  
S1032   -5.9     -11.7    24396            42112           300       0.5     358.5  
S1033   2.3      -10.8    33280            53085           300       2.7     227.8  
S1034   -15.4    17.7     27111            34981           300       0.6     318.7  
S1035   10.3     -1.6     33193            50959           300       0.8     165.4  
S1036   -3.1     -0.2     48338            58027           300       1.0     81.8   
S1037   -16.3    17.0     26447            44946           300       0.8     248.7  
S1038   14.5     -13.9    35542            53125           300       1.7     188.1  
S1039   12.6     16.6     29456            46710           300       1.5     119.4  
S1040   -7.6     15.1     25010            44740           300       2.1     322.9  
S1041   8.3      18.9     41576            50946           300       2.0     359.1  
S1042   16.0     12.7     48017            58968           300       1.8     355.1  
S1043   14.5     5.9      49047            64800           300       1.5     235.1  
S1044   5.1      13.8     26531            45985           300       1.5     262.8  
S1045   12.4     15.3     48239            60667           300       1.8     188.7  
S1046   -16.0    -5.9     55165            64800           300       2.3     118.6  
S1047   6.0      -1.1     34522            45452           300       2.0     122.7  
S1048   -5.4     -2.5     42059            59660           300       1.8     164.6  
S1049   17.3     -9.5     42729            50566           300       2.8     212.0  
S1050   -2.1     -3.7     29266            50636           300       2.3     294.3  
S1051   6.8      8.0      26904            44397           300       2.0     273.2  
S1052   19.0     -19.9    28131            42737           300       2.8     298.4  
S1053   5.9      -1.2     46653            64800           300       1.1     76.2   
S1054   -11.2    -14.1    39514            57824           300       0.9     146.1  
S1055   -18.3    -13.1    51376            64800           300       0.6     171.8  
S1056   -14.8    9.8      31222            51157           300       2.9     383.3  
S1057   4.0      3.2      42293            61083           300       1.0     161.9  
S1058   8.6      0.6      25073            37644           300       2.0     210.4  
S1059   -5.1     -11.8    51590            63522           300       2.5     157.0  
S1060   10.7     -15.6    55456            64800           300       1.6     182.9  
S1061   -18.6    17.6     52412            64800           300       2.9     60.0   
S1062   9.1      -3.9     40485            61215           300       1.3     339.7  
S1063   5.7      -12.0    24509            46064           300       1.3     337.8  
S1064   19.2     2.6      27440            39190           300       2.6     281.6  
S1065   7.2      -13.9    47552            57367           300       2.8     327.8  
S1066   2.5      -19.8    26550            41668           300       1.9     348.7  
S1067   16.3     5.0      22236            41823           300       2.1     397.9  
S1068   10.8     -19.4    33608            53325           300       1.4     334.5  
S1069   -16.0    -17.9    34319            54153           300       1.4     280.1  
S1070   -18.1    6.9      43316            55202           300       1.8     64.3   
S1071   13.9     9.9      51211            64800           300       1.3     74.4   
S1072   17.3     -2.6     51738            64800           300       1.8     388.2  
S1073   18.8     -19.4    36475            55083           300       1.9     333.8  
S1074   18.4     9.8      39685            56222           300       2.6     101.5  
S1075   7.6      13.4     40948            56808           300       1.4     50.1   
S1076   -16.3    13.6     48138            60334           300       0.9     145.1  
S1077   13.1     -17.8    37080            45257           300       1.0     249.7  
S1078   -10.0    6.1      24414            45014           300       0.7     158.6  
S1079   -16.2    -2.6     46180            64378           300       0.5     292.0  
S1080   0.1      12.8     43728            57815           300       0.6     152.7  
S1081   18.4     -11.1    37178            58699           300       2.0     316.2  
S1082   8.4      5.1      24423            45574           300       1.9     111.0  
S1083   17.6     -18.4    27113            40799           300       1.5     102.5  
S1084   -9.4     -12.2    37173            58709           300       0.9     388.6  
S1085   -19.8    -10.8    48857            56661           300       2.5     176.0  
S1086   -18.8    14.9     55673            64453           300       2.8     209.9  
S1087   8.8      5.3      45011            64185           300       0.8     330.3  
S1088   1.2      -5.7     24915            37900           300       2.8     230.0  
S1089   10.6     5.2      24526            35849           300       2.8     382.9  
S1090   9.4      -18.5    33536            44198           300       0.7     387.2  
S1091   3.0      5.2      26581            34950           300       1.4     305.5  
S1092   5.0      17.2     56214            64800           300       2.8     292.9  
S1093   0.6      3.1      43573            60386           300       1.3     69.0   
S1094   -14.9    -17.3    57467            64800           300       0.6     308.5  
S1095   -3.0     -9.4     44291            58338           300       0.6     225.9  
S1096   -11.6    -12.5    50687            64800           300       0.9     203.9  
S1097   8.7      17.3     54954            64800           300       2.4     368.8  
S1098   -11.0    -7.1     42712            51369           300       1.2     364.7  
S1099   14.3     7.1      48243            64800           300       2.4     227.1  
S1100   -5.8     4.9      48157            59682           300       1.2     125.3  
S1101   9.4      -2.1     36046            49217           300       1.7     277.3  
S1102   4.0      18.5     30459            47742           300       2.0     297.2  
S1103   8.9      19.7     29246            38810           300       1.6     212.7  
S1104   12.1     5.8      49716            64800           300       0.6     190.5  
S1105   2.6      15.4     50210            61933           300       2.2     70.1   
S1106   -11.3    -15.4    32374            40923           300       0.6     258.8  
S1107   -9.2     -17.6    26366            42583           300       1.5     364.0  
S1108   12.9     -15.7    26552            34141           300       1.3     271.5  
S1109   -17.7    -14.4    44904            52167           300       1.5     175.5  
S1110   5.6      -4.3     41744            59967           300       2.5     122.3  
S1111   16.8     14.7     27439            39171           300       1.0     323.6  
S1112   11.8     13.3     42000            52509           300       2.2     149.2  
S1113   -4.4     15.4     31718            45496           300       1.5     226.3  
S1114   -4.9     2.3      54591            64800           300       1.8     372.3  
S1115   -7.4     -0.8     22895            39780           300       0.6     275.7  
S1116   -18.6    11.4     22357            31595           300       2.9     130.7  
S1117   11.9     12.6     27428            44293           300       2.7     216.6  
S1118   13.7     -19.9    35791            45382           300       0.7     78.8   
S1119   -0.9     12.5     51135            64800           300       1.9     257.4  
S1120   -1.6     14.4     47025            60685           300       2.9     264.1  
S1121   6.0      -7.4     30474            43310           300       0.6     56.2   
S1122   -18.2    13.3     50971            64800           300       1.6     336.8  
S1123   -12.0    13.5     26626            39856           300       1.9     244.6  
S1124   -4.8     1.3      56867            64800           300       0.6     235.6  
S1125   -18.4    -11.5    25924            47055           300       1.8     51.4   
S1126   -15.2    18.0     29520            38144           300       2.3     179.6  
S1127   12.8     2.8      47995            64800           300       1.7     105.3  
S1128   -16.2    9.2      47831            59280           300       2.8     250.5  
S1129   19.3     -5.3     57504            64800           300       1.0     193.1  
S1130   14.8     -0.8     36335            48851           300       2.1     364.6  
S1131   4.9      8.2      39984            48443           300       0.7     103.5  
S1132   18.8     -3.9     48528            58440           300       1.2     241.3  
S1133   -14.9    -18.8    25933            34905           300       2.7     199.8  
S1134   6.8      -6.6     53066            64800           300       1.5     67.7   
S1135   18.0     18.3     23915            35358           300       2.0     173.8  
S1136   -4.7     -12.4    47200            64800           300       1.2     73.2   
S1137   7.3      -10.7    41147            53573           300       1.0     351.3  
S1138   1.7      -3.1     23907            37293           300       2.7     371.0  
S1139   -16.7    15.7     37429            58025           300       2.3     159.1  
S1140   -11.1    -0.3     21675            39886           300       1.8     218.4  
S1141   15.7     20.0     37471            50836           300       1.4     153.5  
S1142   7.3      -7.1     53073            64245           300       1.2     274.2  
S1143   -3.2     2.5      42107            53768           300       1.4     325.7  
S1144   6.3      -18.9    49705            64800           300       2.5     106.7  
S1145   18.8     14.5     46861            63948           300       1.4     391.4  
S1146   -1.7     9.5      23580            43755           300       1.7     268.3  
S1147   -0.3     -6.0     22986            38206           300       1.3     128.0  
S1148   1.4      4.7      24611            40818           300       1.7     170.7  
S1149   13.7     16.7     44158            54900           300       2.1     219.9  
S1150   9.0      -13.9    24830            33830           300       1.0     118.4  
S1151   0.5      -11.8    30869            44529           300       1.3     399.4  
S1152   -18.9    4.1      31794            47767           300       2.6     249.7  
S1153   -0.8     8.0      35145            46346           300       0.9     243.5  
S1154   -6.0     0.1      34818            45306           300       3.0     265.3  
S1155   18.1     14.9     38283            56508           300       1.3     138.9  
S1156   -12.5    8.1      34533            47503           300       1.8     135.2  
S1157   13.2     -9.7     23819            39468           300       2.3     159.7  
S1158   17.8     -1.1     40006            52789           300       1.7     226.5  
S1159   8.5      13.5     52323            64800           300       1.0     203.6  
S1160   4.7      5.2      47546            62420           300       0.6     397.4  
S1161   2.8      -16.4    27585            45618           300       2.3     181.2  
S1162   -12.5    -6.9     54970            64800           300       1.6     98.3   
S1163   19.1     -4.5     36754            58310           300       1.1     241.2  
S1164   11.4     -19.3    43969            53568           300       2.4     160.8  
S1165   19.9     -16.0    41706            48975           300       1.3     355.5  
S1166   2.2      10.6     21792            35789           300       1.6     240.0  
S1167   11.3     7.6      38641            53966           300       0.7     123.2  
S1168   -4.0     -1.0     25662            33705           300       1.4     210.0  
S1169   -4.5     -9.9     29256            47254           300       0.7     228.8  
S1170   16.6     -4.8     29356            45524           300       1.9     54.6   
S1171   3.9      9.7      50873            62496           300       1.9     200.4  
S1172   16.7     7.2      25445            40352           300       2.7     249.2  
S1173   -19.9    -1.7     44477            53265           300       1.5     137.2  
S1174   -9.5     9.7      57091            64800           300       3.0     216.3  
S1175   -17.7    12.2     40296            57416           300       2.6     307.6  
S1176   -4.7     -0.0     37981            49075           300       0.9     56.3   
S1177   13.2     -18.5    45424            54761           300       1.1     370.7  
S1178   11.3     19.3     43933            64800           300       1.1     87.5   
S1179   -18.9    -7.0     47675            64800           300       1.5     395.3  
S1180   14.3     -19.3    31007            47947           300       2.7     79.2   
S1181   11.2     -7.9     27879            48963           300       2.7     227.5  
S1182   1.6      20.0     23365            38340           300       0.5     316.8  
S1183   10.3     -7.2     28371            45326           300       0.7     352.6  
S1184   -16.4    -11.9    31222            38957           300       2.8     195.3  
S1185   9.8      14.5     44267            64159           300       0.5     170.4  
S1186   -4.8     -14.0    32021            41172           300       2.7     58.4   
S1187   16.0     16.8     51346            63468           300       2.6     171.1  
S1188   -3.4     9.9      49726            64800           300       2.3     171.6  
S1189   -4.3     13.4     27881            46649           300       0.8     257.3  
S1190   19.1     -8.1     46684            62200           300       2.3     110.5  
S1191   -3.5     -16.1    41853            62883           300       2.6     72.5   
S1192   5.9      -12.2    37862            48688           300       2.2     248.8  
S1193   -15.9    0.2      47373            61162           300       2.1     342.3  
S1194   5.4      3.6      40793            55706           300       1.9     382.1  
S1195   -10.7    3.1      54681            64800           300       1.9     239.3  
S1196   -6.5     -17.0    26448            43785           300       1.3     292.1  
S1197   7.9      11.6     29543            43783           300       2.2     240.6  
S1198   -17.4    -9.2     33343            54273           300       1.8     312.2  
S1199   9.6      4.0      27408            43081           300       2.7     298.1  
S1200   15.1     -9.1     51086            64800           300       1.1     54.9   
S1201   17.9     7.4      24488            44126           300       2.1     160.1  
S1202   -6.8     -17.4    28817            42098           300       0.8     334.7  
S1203   3.9      0.2      49898            64800           300       2.5     54.1   
S1204   12.7     -15.4    33924            49684           300       2.7     74.0   
S1205   16.3     13.6     28483            46878           300       2.7     282.2  
S1206   -14.0    -2.2     25061            46315           300       1.7     60.7   
S1207   2.3      -17.2    38166            47172           300       1.0     272.1  
S1208   -11.3    -15.7    55051            64485           300       1.0     278.9  
S1209   -6.6     5.4      29997            38221           300       1.6     68.5   
S1210   18.2     -14.4    36546            45831           300       2.2     124.5  
S1211   -11.1    -14.0    42081            50381           300       2.1     79.8   
S1212   -18.2    -8.8     21641            31509           300       1.2     283.6  
S1213   -10.6    -3.4     29535            47058           300       0.7     234.1  
S1214   -2.0     12.4     48420            64800           300       0.5     78.9   
S1215   1.2      -2.8     54843            63959           300       1.3     202.7  
S1216   -4.1     -7.4     40763            52459           300       1.7     196.6  
S1217   4.7      -19.0    50609            58379           300       0.8     57.9   
S1218   17.4     7.7      49908            64800           300       2.7     311.4  
S1219   17.6     -17.7    23670            35329           300       1.8     54.6   
S1220   13.4     2.2      49901            61768           300       1.4     84.8   
S1221   -11.0    -2.7     39038            49910           300       0.7     398.1  
S1222   -7.4     -4.1     38034            58537           300       0.9     96.6   
S1223   15.8     -0.4     37992            55717           300       2.0     122.9  
S1224   -14.1    17.8     55709            64800           300       2.5     301.7  
S1225   9.2      19.2     42468            50858           300       2.1     193.7  
S1226   1.2      9.0      39437            57814           300       1.8     300.5  
S1227   -11.1    -14.2    32165            51352           300       0.8     191.4  
S1228   10.9     10.2     23229            40965           300       2.9     99.4   
S1229   -0.8     12.5     48707            63581           300       0.7     266.2  
S1230   -14.0    2.2      40998            58003           300       1.3     353.6  
S1231   -3.1     -7.1     26920            43088           300       1.1     289.2  
S1232   -4.3     5.1      26992            38421           300       0.8     328.3  
S1233   -5.2     -16.9    51259            63007           300       2.4     334.5  
S1234   18.6     -5.6     53618            64800           300       2.0     168.5  
S1235   10.6     -1.8     32809            45496           300       0.8     93.5   
S1236   -3.6     -12.1    25962            45290           300       1.0     147.8  
S1237   13.2     10.9     32047            43546           300       1.4     70.3   
S1238   8.7      16.6     25783            43306           300       1.9     288.8  
S1239   -9.4     17.1     48581            62236           300       2.7     394.2  
S1240   8.2      17.2     34514            49008           300       2.7     163.7  
S1241   -10.8    1.2      50150            64800           300       3.0     356.4  
S1242   4.1      -17.8    53196            64800           300       1.0     375.6  
S1243   -9.1     3.4      53883            64800           300       1.8     52.8   
S1244   -1.4     -2.7     27905            39761           300       1.0     238.2  
S1245   -11.2    -11.2    51334            64800           300       2.1     208.4  
S1246   7.0      -12.1    41563            53304           300       0.9     207.3  
S1247   -1.2     2.6      46379            60428           300       0.6     201.0  
S1248   19.7     6.7      35458            52211           300       1.8     367.6  
S1249   6.2      17.1     21785            30831           300       1.1     191.8  
S1250   -13.0    -4.3     43264            56747           300       1.5     296.4  
S1251   -0.5     -8.1     39511            54840           300       2.8     383.4  
S1252   -18.3    15.9     34865            47509           300       2.4     165.9  
S1253   11.9     12.2     32874            52130           300       1.0     344.7  
S1254   3.4      -4.7     33672            51271           300       1.0     256.9  
S1255   -8.6     -7.2     48035            61410           300       2.4     98.5   
S1256   5.4      -11.7    25246            45432           300       2.9     149.1  
S1257   -4.9     -8.4     47847            59955           300       1.6     126.4  
S1258   -3.6     -19.0    37972            46775           300       2.7     95.0   
S1259   3.8      -18.2    40823            50432           300       2.4     131.8  
S1260   -6.7     6.9      32713            51795           300       2.5     166.2  
S1261   -19.1    -3.2     46046            58580           300       1.0     73.3   
S1262   11.8     15.7     23573            33187           300       0.8     230.0  
S1263   1.8      13.2     37561            52611           300       0.8     161.6  
S1264   4.2      -19.2    24261            38459           300       1.5     192.2  
S1265   -10.7    -8.7     22305            39766           300       1.0     136.0  
S1266   3.4      4.5      23440            32750           300       2.6     56.3   
S1267   -0.2     -4.0     23509            34778           300       2.7     92.4   
S1268   -7.3     8.6      28406            38690           300       2.3     255.5  
S1269   11.3     -12.2    53539            64800           300       2.8     321.0  
S1270   14.8     11.2     31577            45495           300       1.9     298.3  
S1271   10.3     -10.5    41142            54512           300       2.7     238.8  
S1272   -9.5     19.9     52308            64800           300       1.7     304.7  
S1273   19.8     12.9     31482            41517           300       0.6     283.1  
S1274   12.9     12.2     27033            36186           300       1.9     322.0  
S1275   5.9      4.6      56075            64800           300       0.7     95.3   
S1276   -3.3     -11.3    41192            54656           300       1.7     180.8  
S1277   11.2     -7.5     43997            58447           300       0.7     201.7  
S1278   -0.5     -14.9    30858            43502           300       2.6     71.6   
S1279   7.6      9.3      42853            51021           300       2.0     177.9  
S1280   13.8     -6.6     30156            37925           300       2.2     158.4  
S1281   8.6      -1.0     55109            64800           300       2.3     79.4   
S1282   -14.5    6.2      45143            53095           300       2.4     216.7  
S1283   -2.3     13.5     50421            64500           300       1.1     219.1  
S1284   -14.7    19.7     56749            64800           300       2.7     236.9  
S1285   9.9      -13.7    57134            64800           300       2.6     223.2  
S1286   -19.3    -16.9    54846            64800           300       1.4     111.2  
S1287   3.1      -6.1     56305            64800           300       2.2     86.3   
S1288   15.5     18.1     24745            36258           300       1.7     269.5  
S1289   -10.6    -7.3     30964            38210           300       0.6     58.9   
S1290   4.9      19.0     34511            46590           300       0.8     291.2  
S1291   -7.8     6.5      52525            64800           300       1.9     269.9  
S1292   -16.3    -19.5    34130            47473           300       2.4     146.1  
S1293   -11.2    5.2      30456            41290           300       2.3     84.6   
S1294   -14.6    -9.6     22829            40433           300       0.5     316.3  
S1295   -10.6    12.1     31139            48865           300       1.5     261.6  
S1296   -18.7    10.1     37867            58025           300       2.1     111.1  
S1297   9.2      -11.5    46394            55494           300       0.8     144.0  
S1298   -11.4    1.9      40585            55725           300       0.9     140.6  
S1299   19.3     -17.4    24557            41983           300       2.8     356.3  
S1300   -16.2    1.0      27528            41211           300       0.6     285.0  
S1301   16.1     6.6      32798            42819           300       2.2     390.5  
S1302   -10.6    0.8      26827            35186           300       0.9     188.2  
S1303   8.0      2.3      45959            64800           300       2.1     164.6  
S1304   -19.3    -10.2    56112            64800           300       2.4     134.1  
S1305   -1.2     6.1      24777            40169           300       1.8     322.5  
S1306   16.9     -12.5    54347            64800           300       1.9     199.8  
S1307   9.2      16.7     48976            63687           300       1.2     225.7  
S1308   -19.8    -5.9     29341            42272           300       0.6     178.0  
S1309   16.3     -9.7     51971            60125           300       3.0     193.3  
S1310   -0.7     -12.3    22545            37602           300       1.0     114.5  
S1311   -11.5    -2.8     33000            53753           300       1.8     94.6   
S1312   10.7     -9.2     27223            41632           300       2.0     210.7  
S1313   -13.7    3.7      33460            49343           300       1.2     144.1  
S1314   2.0      -17.0    38011            48761           300       1.8     50.1   
S1315   -5.1     3.7      54225            64800           300       2.8     365.7  
S1316   5.4      -7.1     44990            60857           300       2.5     116.6  
S1317   -5.3     1.4      45192            64587           300       2.9     216.4  
S1318   10.2     -6.1     34325            44973           300       0.7     105.2  
S1319   5.1      -5.7     40431            50738           300       2.8     214.8  
S1320   16.0     15.2     47102            56934           300       1.7     54.2   
S1321   0.7      19.1     56589            64800           300       2.4     278.7  
S1322   -12.7    14.5     26015            34028           300       2.2     213.0  
S1323   -4.6     -4.6     39689            54857           300       1.4     261.8  
S1324   18.3     15.9     37210            47234           300       2.5     301.4  
S1325   -12.0    8.2      45905            58336           300       1.2     344.5  
S1326   13.7     9.5      53548            64800           300       0.8     196.7  
S1327   2.8      -10.8    53671            63820           300       2.4     62.4   
S1328   -17.6    4.6      35588            56546           300       1.1     252.3  
S1329   19.6     14.1     56006            64800           300       2.9     371.0  
S1330   -18.8    -2.2     41279            54209           300       2.4     141.6  
S1331   1.3      9.7      46195            58505           300       1.1     140.8  
S1332   -8.6     -0.5     52769            64800           300       0.8     387.3  
S1333   -17.7    15.5     31360            45967           300       2.6     358.1  
S1334   4.6      -3.9     22030            33531           300       0.7     180.0  
S1335   17.8     13.7     23162            41514           300       2.0     366.3  
S1336   15.4     9.0      33895            47758           300       1.6     193.9  
S1337   9.4      -9.3     32403            49996           300       2.8     107.8  
S1338   -4.2     -2.4     29120            49284           300       1.3     258.5  
S1339   8.3      2.2      30698            43895           300       0.6     365.0  
S1340   -10.4    -19.4    42815            61169           300       0.7     306.7  
S1341   7.6      -12.4    52375            64138           300       2.4     374.0  
S1342   -17.4    -15.3    23761            41237           300       1.4     245.9  
S1343   5.2      -5.4     31124            51921           300       1.0     331.7  
S1344   1.6      -17.1    33893            53830           300       0.8     101.5  
S1345   -9.3     -4.8     28422            37642           300       2.8     356.6  
S1346   13.7     9.0      42730            62847           300       1.8     227.8  
S1347   18.7     18.4     33385            54775           300       1.4     81.8   
S1348   7.2      7.0      28133            36205           300       2.5     175.2  
S1349   -7.9     -0.2     41146            50695           300       2.9     343.6  
S1350   -2.9     -13.4    56363            64800           300       2.5     376.4  
S1351   -4.8     17.9     26558            37698           300       1.7     89.6   
S1352   -16.3    10.7     41726            58693           300       2.2     123.0  
S1353   -2.2     -3.0     55376            64800           300       2.9     270.5  
S1354   14.4     5.2      25475            33887           300       1.3     84.2   
S1355   18.2     -2.2     47785            64800           300       3.0     319.4  
S1356   15.7     20.0     39456            53733           300       0.7     328.8  
S1357   4.4      14.6     51017            64800           300       1.5     145.5  
S1358   10.1     -14.5    39827            56133           300       1.4     252.0  
S1359   -4.8     -8.3     33539            54625           300       1.8     246.2  
S1360   -11.4    11.5     33967            46308           300       1.9     372.3  
S1361   5.2      0.1      23462            36205           300       1.9     338.7  
S1362   1.6      2.5      35409            48108           300       2.2     80.9   
S1363   -14.1    -12.3    29222            47830           300       2.3     357.7  
S1364   8.6      6.2      47391            64800           300       0.7     174.4  
S1365   6.8      0.0      33353            52298           300       2.0     150.1  
S1366   6.9      7.6      48512            64800           300       1.6     128.0  
S1367   16.1     -6.0     44494            60689           300       1.4     354.0  
S1368   16.3     -16.4    49847            61153           300       2.6     294.6  
S1369   -11.1    -6.4     46232            55735           300       2.2     104.1  
S1370   -14.9    -10.7    26970            43538           300       2.5     105.8  
S1371   7.9      17.9     45690            57531           300       2.9     90.1   
S1372   -3.5     3.9      45328            60821           300       2.3     224.4  
S1373   8.6      6.5      31931            47640           300       2.8     117.2  
S1374   -11.0    0.8      49096            60900           300       1.3     74.2   
S1375   -19.4    -1.6     33897            46709           300       0.9     315.7  
S1376   -7.4     -18.6    49685            62805           300       1.8     372.7  
S1377   17.8     -0.9     44571            58029           300       0.8     355.0  
S1378   -2.0     8.3      33638            50013           300       2.1     302.1  
S1379   10.0     13.8     29694            39805           300       0.8     180.7  
S1380   -2.7     -1.1     36642            49443           300       2.9     225.2  
S1381   1.1      -19.3    54050            62674           300       0.5     328.7  
S1382   18.7     18.0     57474            64800           300       0.9     307.4  
S1383   -5.9     3.3      29918            49999           300       2.0     67.1   
S1384   11.1     -17.3    55687            64800           300       3.0     176.1  
S1385   0.3      -0.2     30527            50944           300       1.8     82.7   
S1386   1.4      19.1     43899            53431           300       2.1     67.4   
S1387   -0.5     -20.0    36751            53632           300       0.7     307.1  
S1388   -3.4     -2.9     32932            46777           300       2.2     373.1  
S1389   -14.5    -9.1     54625            64800           300       2.6     193.7  
S1390   10.0     15.6     42275            56524           300       0.8     185.4  
S1391   -8.5     -1.7     37273            46051           300       2.9     324.6  
S1392   7.5      19.4     32140            43120           300       1.3     141.1  
S1393   2.5      -8.2     40184            58211           300       1.4     290.3  
S1394   19.5     11.7     28351            49804           300       2.9     392.8  
S1395   -5.9     11.4     22790            32518           300       2.2     68.3   
S1396   -17.7    8.3      41699            56466           300       1.5     104.3  
S1397   12.7     -15.5    22489            41461           300       2.5     151.6  
S1398   14.9     -16.2    24771            33014           300       0.9     165.8  
S1399   -15.0    13.1     25699            45620           300       2.2     270.1  
S1400   13.4     -8.3     32290            42542           300       2.6     211.1  
S1401   -16.2    1.5      23865            41386           300       1.2     218.9  
S1402   15.7     15.8     55640            64800           300       1.5     241.2  
S1403   -13.7    -17.1    54078            62387           300       2.6     223.8  
S1404   8.2      8.1      38543            54122           300       1.5     226.1  
S1405   8.6      10.0     23374            39429           300       1.4     186.8  
S1406   0.9      17.2     41144            51058           300       2.8     275.2  
S1407   -15.5    -16.8    44647            59908           300       2.9     382.7  
S1408   -9.4     -3.7     45095            57646           300       2.7     100.4  
S1409   5.5      7.7      45139            62248           300       1.1     350.7  
S1410   -6.6     17.5     31246            39760           300       0.6     151.5  
S1411   -19.6    17.1     32337            46344           300       1.1     267.2  
S1412   10.7     -7.1     29814            42363           300       2.3     251.1  
S1413   2.4      6.4      49538            62477           300       2.0     255.2  
S1414   7.0      -15.0    35160            47020           300       2.1     266.7  
S1415   -5.7     16.1     42800            57944           300       2.0     164.4  
S1416   13.9     9.1      53787            61870           300       2.3     84.2   
S1417   17.9     -4.6     48185            59054           300       1.3     380.7  
S1418   11.8     9.2      26503            47638           300       2.5     91.4   
S1419   -7.3     -1.4     55674            64800           300       2.2     325.7  
S1420   -6.6     13.6     39366            57215           300       1.3     378.1  
S1421   -8.3     -9.9     26583            46496           300       0.8     310.2  
S1422   15.7     -12.4    32827            49840           300       1.5     84.6   
S1423   20.0     14.4     56008            64800           300       1.7     195.9  
S1424   -15.9    14.9     44923            59206           300       0.8     254.2  
S1425   -17.3    17.7     34654            45042           300       1.1     391.7  
S1426   -19.7    3.6      28297            41922           300       2.7     372.8  
S1427   -9.6     15.4     43219            56123           300       0.8     64.8   
S1428   4.8      5.0      40110            53907           300       1.4     154.4  
S1429   3.0      3.4      54545            64800           300       0.9     155.2  
S1430   7.3      -1.2     30198            42728           300       1.4     391.1  
S1431   -12.6    17.7     46297            54674           300       1.5     193.7  
S1432   18.3     2.4      32486            49235           300       2.9     116.8  
S1433   14.7     -6.9     29780            40101           300       0.7     248.7  
S1434   -17.6    15.8     47706            64800           300       2.9     176.2  
S1435   -0.2     17.0     33688            43679           300       0.9     313.1  
S1436   -17.8    -4.5     43580            58129           300       0.9     288.7  
S1437   -0.5     -4.2     46320            64800           300       0.9     133.6  
S1438   -5.8     -17.9    25824            42398           300       3.0     198.6  
S1439   9.3      1.0      49743            64800           300       1.5     229.5  
S1440   -1.0     17.0     38491            49776           300       2.5     149.5  
S1441   1.0      15.7     50478            64800           300       1.5     373.3  
S1442   11.5     -12.1    35842            45848           300       2.7     222.4  
S1443   -19.2    -12.8    31937            51223           300       2.8     262.7  
S1444   -12.3    12.7     57472            64800           300       1.2     175.5  
S1445   17.0     19.1     37529            47576           300       0.8     258.7  
S1446   1.4      18.6     57327            64800           300       0.8     286.7  
S1447   0.0      -9.3     27539            35101           300       2.6     108.1  
S1448   10.4     -7.9     27416            47512           300       2.5     366.2  
S1449   0.7      4.5      31678            49093           300       2.8     138.6  
S1450   11.5     -2.4     35335            51194           300       2.4     114.8  
S1451   -3.4     -16.4    42378            63783           300       2.7     334.5  
S1452   9.9      12.7     26406            36151           300       1.8     224.8  
S1453   -2.3     10.4     38093            57749           300       1.5     370.9  
S1454   11.6     -5.1     55771            63571           300       1.0     172.1  
S1455   14.2     16.2     41552            50634           300       2.3     390.4  
S1456   1.8      8.4      31868            39877           300       1.5     132.0  
S1457   -16.6    9.9      37495            52888           300       2.9     369.1  
S1458   2.0      -14.6    55439            64800           300       2.4     213.6  
S1459   16.3     0.8      54318            64800           300       1.7     238.2  
S1460   -3.7     5.6      45599            62965           300       1.9     331.3  
S1461   3.8      3.3      40527            48028           300       1.7     147.4  
S1462   -19.9    10.6     35353            45128           300       1.9     287.7  
S1463   11.0     18.0     38032            46444           300       2.2     232.8  
S1464   -12.5    4.1      32133            40435           300       2.7     54.8   
S1465   -8.9     -17.3    35275            47783           300       1.0     64.4   
S1466   2.8      3.1      47840            64125           300       2.6     142.0  
S1467   19.2     -10.9    23558            32221           300       2.6     394.1  
S1468   -9.1     6.5      25080            40202           300       1.8     253.7  
S1469   -18.6    -19.9    52098            64800           300       1.7     328.0  
S1470   -1.7     -9.2     53568            64800           300       2.6     111.9  
S1471   -2.5     10.9     46591            54727           300       1.9     252.9  
S1472   -16.4    3.9      30865            41244           300       1.9     217.6  
S1473   18.2     -15.0    38253            52709           300       1.3     302.3  
S1474   -1.9     -2.9     31778            42102           300       2.5     109.7  
S1475   -1.2     5.9      46798            60041           300       1.0     267.3  
S1476   -18.6    4.8      38111            49039           300       1.5     63.5   
S1477   14.8     -12.9    46375            60115           300       2.9     307.7  
S1478   11.7     5.8      42726            53628           300       1.0     229.7  
S1479   -4.2     2.5      57478            64800           300       1.5     169.7  
S1480   8.8      -8.8     25856            37149           300       1.3     303.9  
S1481   -1.3     -12.2    31982            50371           300       2.4     367.2  
S1482   -7.6     -10.6    35643            45699           300       1.6     128.0  
S1483   -4.9     12.2     29343            42584           300       2.2     209.7  
S1484   -9.3     -0.4     21604            30048           300       2.4     307.5  
S1485   -16.9    -15.5    56578            64800           300       1.4     283.8  
S1486   -10.3    2.7      44387            58163           300       0.7     293.0  
S1487   4.8      -14.5    23729            39919           300       0.6     302.8  
S1488   12.5     -9.6     56879            64174           300       1.8     256.7  
S1489   11.7     13.9     37603            58263           300       2.3     285.0  
S1490   -19.0    10.3     23825            44174           300       2.3     328.7  
S1491   12.9     -9.8     44853            54895           300       2.4     185.1  
S1492   -3.3     -3.6     26709            34425           300       2.6     218.8  
S1493   18.4     -6.7     37813            57431           300       2.0     132.9  
S1494   14.6     -11.0    49164            64800           300       2.3     334.8  
S1495   -17.8    5.1      28937            43491           300       1.9     353.3  
S1496   -4.2     -16.6    39646            52493           300       0.6     196.5  
S1497   -3.9     -8.0     44253            61330           300       2.1     233.7  
S1498   -13.2    -14.5    45099            57026           300       1.5     85.5   
S1499   14.7     -4.8     39082            59184           300       1.1     395.0  
S1500   -4.2     -10.3    23585            32596           300       1.0     96.7   
S1501   18.8     -8.4     38786            48556           300       2.4     231.5  
S1502   6.4      -3.3     46008            56366           300       2.8     381.4  
S1503   -1.8     -1.4     37497            58458           300       2.2     175.6  
S1504   8.0      9.2      29258            44563           300       0.9     164.9  
S1505   -14.7    -20.0    33966            43590           300       1.7     336.1  
S1506   4.7      -9.5     56079            64800           300       0.8     373.4  
S1507   -12.6    -1.6     52536            64800           300       1.1     159.4  
S1508   14.2     9.7      43957            52172           300       1.4     64.0   
S1509   -6.7     -18.7    49100            62973           300       2.3     71.0   
S1510   10.2     3.7      51485            59464           300       1.2     391.3  
S1511   6.2      -10.1    51083            61400           300       1.7     339.0  
S1512   -13.8    7.3      32722            44188           300       1.1     344.8  
S1513   12.0     -16.1    52138            64800           300       1.1     230.8  
S1514   -13.3    17.3     22915            30898           300       1.5     242.3  
S1515   8.6      -8.3     42298            57597           300       0.9     241.8  
S1516   0.7      -3.7     35553            45500           300       1.4     97.1   
S1517   -6.2     18.3     35702            54750           300       2.4     53.3   
S1518   -15.6    2.7      36499            48560           300       2.9     189.9  
S1519   1.0      -5.8     41099            59328           300       0.7     362.5  
S1520   18.3     17.4     53685            64800           300       0.7     396.4  
S1521   -4.0     9.3      47650            64076           300       3.0     350.7  
S1522   9.3      4.2      34831            45477           300       2.4     63.6   
S1523   14.1     -6.0     29514            40815           300       1.9     250.3  
S1524   -12.1    -1.8     28306            40894           300       1.6     363.1  
S1525   -9.2     7.7      31714            43713           300       2.4     395.6  
S1526   -4.8     13.8     22319            37328           300       1.8     204.3  
S1527   -9.3     -2.3     29250            38484           300       2.0     296.5  
S1528   19.5     -6.1     46417            64673           300       1.9     137.7  
S1529   -18.3    -6.6     29226            41572           300       2.0     280.6  
S1530   14.9     14.2     23065            43660           300       2.4     151.6  
S1531   11.7     7.3      50403            64800           300       1.9     327.0  
S1532   -7.2     1.7      39896            47472           300       2.1     284.4  
S1533   -13.2    -4.2     50578            60697           300       0.8     254.7  
S1534   15.6     11.5     43688            54802           300       2.9     391.6  
S1535   13.8     -14.1    30652            38265           300       2.3     210.4  
S1536   -19.8    -12.2    25444            37011           300       2.9     383.1  
S1537   -18.4    -7.0     42387            62913           300       2.4     149.0  
S1538   9.9      13.6     56071            64800           300       0.5     244.1  
S1539   -17.7    -16.0    48031            59704           300       1.7     333.3  
S1540   -14.8    -14.8    26689            36618           300       1.0     88.8   
S1541   -13.8    -18.3    25961            33624           300       2.2     272.6  
S1542   15.1     -18.3    25844            47170           300       0.9     90.8   
S1543   4.7      6.4      48961            64559           300       1.2     284.7  
S1544   -3.5     16.0     36974            53268           300       2.1     391.8  
S1545   10.7     16.9     26000            43767           300       1.3     250.3  
S1546   10.5     -4.0     43776            59592           300       1.7     166.8  
S1547   -6.2     -7.0     27129            44310           300       2.9     319.4  
S1548   15.0     6.1      23931            32264           300       2.8     292.3  
S1549   13.3     0.1      27369            38834           300       2.4     282.5  
S1550   -1.9     19.1     45643            64800           300       1.3     215.8  
S1551   2.5      19.1     39646            55836           300       2.9     90.7   
S1552   -18.1    -11.7    27276            43486           300       1.8     367.2  
S1553   -11.4    19.7     28500            41914           300       1.9     127.1  
S1554   0.1      2.4      34026            51410           300       1.2     344.3  
S1555   -10.3    -14.1    48556            56211           300       2.2     208.6  
S1556   5.6      13.6     50166            58695           300       1.7     245.8  
S1557   19.1     -3.6     25973            47258           300       1.2     98.3   
S1558   16.9     -17.5    50050            64800           300       1.2     195.2  
S1559   4.0      19.6     39901            54402           300       0.7     282.9  
S1560   10.0     -5.8     33630            51150           300       1.7     382.8  
S1561   -6.6     -17.7    39634            48925           300       1.2     183.4  
S1562   7.4      3.1      35148            49117           300       2.1     204.5  
S1563   -3.8     11.1     35729            53330           300       1.2     211.4  
S1564   5.9      16.4     27166            42622           300       0.7     119.3  
S1565   7.5      -11.7    23344            43236           300       0.5     203.0  
S1566   -2.8     -4.1     47984            60212           300       2.8     351.5  
S1567   16.8     10.4     49352            64800           300       1.9     211.1  
S1568   7.9      19.1     24129            43165           300       1.2     150.1  
S1569   5.4      18.8     49659            64800           300       2.7     235.7  
S1570   -9.1     13.3     45356            53364           300       2.7     314.6  
S1571   -9.6     17.4     41699            55157           300       1.6     73.8   
S1572   -12.7    -1.6     24675            44490           300       1.6     279.2  
S1573   2.1      13.9     29916            48994           300       2.1     285.2  
S1574   -17.4    14.8     38860            53483           300       2.2     199.8  
S1575   -6.5     2.7      40617            49892           300       1.4     102.4  
S1576   9.2      11.4     47540            56646           300       2.7     280.9  
S1577   4.5      14.4     52962            64800           300       1.3     345.0  
S1578   18.2     -13.9    29200            46275           300       0.8     172.3  
S1579   -5.2     -6.1     29598            47618           300       2.7     250.5  
S1580   -2.0     -11.0    56820            64800           300       2.5     157.7  
S1581   3.6      19.1     46747            63718           300       2.6     312.8  
S1582   16.0     4.1      52683            64229           300       1.6     384.0  
S1583   -18.7    5.8      35915            56389           300       1.1     96.1   
S1584   -12.8    -9.6     43318            55077           300       0.6     182.8  
S1585   18.2     -7.1     55834            63520           300       0.6     262.7  
S1586   4.9      -3.6     52225            64800           300       1.9     113.3  
S1587   18.2     9.0      41178            53177           300       2.3     132.8  
S1588   -18.5    -15.4    33311            52880           300       1.6     194.0  
S1589   19.4     7.0      22864            41892           300       1.2     168.4  
S1590   2.9      8.3      52646            64800           300       1.9     305.6  
S1591   -9.1     6.6      42713            59980           300       2.9     54.8   
S1592   16.6     17.1     30693            47957           300       0.7     65.7   
S1593   5.2      -19.9    36725            51326           300       2.0     209.2  
S1594   3.5      -1.8     22306            37234           300       2.0     134.7  
S1595   -9.9     -5.2     49204            64800           300       2.9     95.5   
S1596   12.5     -13.9    57426            64800           300       2.0     372.1  
S1597   15.6     19.4     40766            55376           300       0.9     260.3  
S1598   -3.3     -0.0     34289            50453           300       2.5     388.3  
S1599   16.7     -5.1     43517            51130           300       1.4     311.5  
