//ID    X        Y        EarlyStart(s)    LateStart(s)    Svc(s)    Vol(m3) Wgt(kg)
//--------------------------------------------------------------------------------------
S0001   -18.8    18.5     46986            64303           300       0.6     124.8  
S0002   19.3     -12.8    49606            64713           300       1.7     346.2  
S0003   0.7      -14.7    50459            64800           300       2.6     357.2  
S0004   -16.9    -13.3    22268            32912           300       0.8     100.1  
S0005   -3.3     9.2      51652            64800           300       2.2     55.9   
S0006   -6.3     -8.0     38614            52840           300       2.0     318.3  
S0007   -7.9     10.3     27102            43249           300       2.8     203.8  
S0008   -4.9     -0.7     26437            35338           300       1.3     352.6  
S0009   12.4     4.1      22031            39616           300       0.6     320.2  
S0010   -15.5    13.9     32727            53744           300       2.1     259.1  
S0011   -10.5    -18.7    54164            64800           300       1.4     240.3  
S0012   7.3      -17.4    52560            60326           300       1.2     93.5   
S0013   16.9     4.6      47913            63551           300       2.8     161.4  
S0014   -4.5     -0.2     44327            53651           300       2.6     237.7  
S0015   0.5      -19.6    53715            62694           300       0.6     163.6  
S0016   -11.7    13.8     40188            51875           300       0.6     80.8   
S0017   0.1      -15.5    51693            64259           300       0.7     203.9  
S0018   -7.6     14.9     38710            56442           300       1.7     256.0  
S0019   -19.8    1.4      30991            51287           300       1.3     57.3   
S0020   14.5     -7.1     51033            62137           300       3.0     370.8  
S0021   -17.9    6.8      54331            64800           300       0.9     326.4  
S0022   -5.3     1.0      52325            64800           300       1.2     228.4  
S0023   9.1      -4.7     42050            50695           300       1.4     329.6  
S0024   11.4     -4.8     35403            43389           300       1.6     157.3  
S0025   -13.3    -2.7     49205            63753           300       2.6     376.2  
S0026   5.0      15.7     42794            63922           300       1.7     75.5   
S0027   19.1     17.3     30406            45189           300       1.5     265.3  
S0028   10.6     -10.8    43239            57283           300       1.4     294.9  
S0029   3.9      -13.7    23549            40456           300       1.9     257.0  
S0030   -2.5     1.6      46345            57669           300       1.0     365.2  
S0031   18.6     1.3      21656            43066           300       0.9     81.7   
S0032   13.4     -4.1     30642            48021           300       2.9     241.7  
S0033   1.8      5.8      41498            53159           300       2.0     156.5  
S0034   5.3      -13.5    41946            55459           300       1.8     244.7  
S0035   -7.8     4.2      55572            64800           300       1.0     149.7  
S0036   10.9     -19.5    32615            53567           300       1.3     379.8  
S0037   12.9     13.6     30482            40362           300       2.2     281.1  
S0038   11.4     7.6      27367            48099           300       0.7     135.9  
S0039   12.1     19.9     56093            64800           300       0.8     255.1  
S0040   -8.4     -13.5    37871            57221           300       1.2     232.5  
S0041   8.7      3.1      24046            33775           300       2.5     130.6  
S0042   16.5     19.2     35180            44281           300       2.4     136.4  
S0043   -2.8     -5.9     24436            40243           300       0.8     284.9  
S0044   -5.5     -15.2    35431            52072           300       0.6     326.9  
S0045   -5.4     15.3     47387            57302           300       1.3     81.9   
S0046   15.9     -12.7    47991            64800           300       1.4     104.8  
S0047   -9.9     -18.4    32925            47998           300       0.6     271.2  
S0048   4.0      4.3      45983            59494           300       2.2     368.2  
S0049   -2.9     8.6      49541            64800           300       2.5     253.9  
S0050   18.7     12.1     26215            42782           300       1.6     92.3   
S0051   -6.8     8.2      34975            55961           300       2.8     368.3  
S0052   -0.7     -12.8    47095            63641           300       1.2     237.9  
S0053   7.7      -8.6     47676            58274           300       2.9     240.5  
S0054   11.5     17.5     34447            48289           300       1.9     223.2  
S0055   -9.4     7.1      52194            64800           300       1.6     270.4  
S0056   -17.4    14.6     51586            64800           300       1.1     247.1  
S0057   17.4     -3.9     46865            64076           300       1.3     341.2  
S0058   -13.6    16.9     23474            34686           300       1.0     323.6  
S0059   -12.0    -11.9    26257            42562           300       1.3     157.2  
S0060   -19.1    -19.7    47397            62349           300       2.8     187.0  
S0061   -14.7    14.6     35895            51871           300       0.6     165.2  
S0062   12.1     12.5     55685            64800           300       1.4     145.0  
S0063   -0.0     -19.2    35287            55337           300       1.3     268.6  
S0064   16.9     -14.5    32183            42542           300       1.1     394.9  
S0065   1.6      -1.6     35492            47366           300       2.6     62.7   
S0066   -3.9     11.6     46066            56803           300       1.8     238.4  
S0067   -9.4     14.7     25283            44273           300       1.0     123.6  
S0068   -8.9     -9.3     44000            57216           300       2.7     74.1   
S0069   10.3     -14.9    26703            37123           300       1.4     68.8   
S0070   -20.0    2.6      57489            64800           300       0.6     337.7  
S0071   -13.5    -9.5     56965            64800           300       2.3     349.4  
S0072   -12.3    7.2      23451            37674           300       2.1     293.0  
S0073   -12.2    6.2      37489            49335           300       1.0     203.7  
S0074   9.5      -9.7     36110            57144           300       2.1     182.2  
S0075   6.7      -4.4     46416            54569           300       1.4     282.0  
S0076   -1.3     10.7     36725            54380           300       1.4     366.5  
S0077   5.2      0.8      22949            39037           300       1.5     396.0  
S0078   -11.0    -16.9    36040            45027           300       0.6     70.3   
S0079   -19.2    18.7     30393            46579           300       0.6     387.3  
S0080   -0.2     15.3     40653            60900           300       2.8     170.6  
S0081   13.4     9.0      57353            64800           300       2.0     380.8  
S0082   -18.8    -3.5     45517            64800           300       1.9     315.1  
S0083   6.8      8.8      29172            39406           300       2.1     279.8  
S0084   9.3      -2.5     47539            62827           300       2.1     226.4  
S0085   -12.7    17.5     35261            55363           300       1.5     237.5  
S0086   -6.9     -1.4     37889            46129           300       1.6     346.0  
S0087   15.5     -0.3     50459            64800           300       1.3     338.3  
S0088   -6.4     11.4     54027            64800           300       1.9     300.0  
S0089   -7.2     14.3     46529            54567           300       0.6     398.4  
S0090   -5.1     9.9      34806            49664           300       0.9     188.2  
S0091   3.9      -16.0    51688            59298           300       2.1     80.9   
S0092   -13.2    -1.7     53802            64800           300       2.6     105.7  
S0093   10.4     -1.3     40217            48935           300       2.0     207.7  
S0094   -11.8    -16.0    26354            47283           300       1.1     334.1  
S0095   -12.1    6.9      25783            39572           300       2.5     119.4  
S0096   6.0      -1.5     36149            54720           300       0.7     372.3  
S0097   -14.5    11.5     52874            64800           300       2.9     262.9  
S0098   -20.0    12.7     49678            64800           300       0.6     217.5  
S0099   -10.4    9.4      43622            62088           300       1.3     306.8  
S0100   12.3     -14.3    31591            46259           300       2.6     231.1  
S0101   3.4      8.9      32315            50716           300       3.0     298.3  
S0102   2.9      8.7      28883            50069           300       1.0     95.0   
S0103   -0.5     -15.5    54487            64800           300       1.8     287.9  
S0104   -1.6     -14.8    56585            64800           300       1.2     217.6  
S0105   -9.8     19.4     57398            64800           300       1.8     263.7  
S0106   8.9      6.4      34044            42508           300       2.2     392.0  
S0107   7.3      5.1      23018            35396           300       0.9     340.0  
S0108   4.3      -0.6     42520            54513           300       2.7     135.6  
S0109   6.4      -9.0     32390            45844           300       2.5     108.6  
S0110   6.7      -17.0    39449            48160           300       2.4     77.3   
S0111   14.6     9.2      34917            46371           300       2.9     267.4  
S0112   -17.2    17.2     30468            38650           300       2.4     73.5   
S0113   11.2     2.9      36856            52882           300       0.6     162.2  
S0114   -10.7    4.6      33032            41433           300       2.3     389.6  
S0115   9.5      -8.6     43278            61560           300       1.6     81.5   
S0116   15.1     1.0      23982            40111           300       1.7     284.9  
S0117   -3.8     -18.5    47261            55268           300       0.6     190.4  
S0118   -8.3     14.2     31771            39392           300       0.9     206.2  
S0119   11.5     -4.7     50573            64800           300       2.3     54.9   
S0120   -15.6    8.1      26503            41891           300       2.9     88.8   
S0121   -7.9     15.3     30308            38041           300       2.5     124.3  
S0122   12.5     -7.1     30390            48727           300       1.9     113.8  
S0123   -0.7     -8.3     56876            64800           300       2.8     139.3  
S0124   8.0      15.4     44725            63721           300       1.5     279.7  
S0125   -19.9    3.0      35457            49502           300       1.0     183.7  
S0126   14.6     12.1     32303            47551           300       0.9     66.9   
S0127   10.5     8.4      29400            48570           300       2.3     233.0  
S0128   -8.5     -10.8    24718            37452           300       2.4     242.4  
S0129   -16.6    15.9     40426            52475           300       0.9     162.3  
S0130   -11.1    -19.1    44110            51315           300       2.0     97.7   
S0131   2.6      -19.3    34463            50804           300       1.0     215.3  
S0132   -10.9    -12.4    37212            53080           300       2.1     106.1  
S0133   10.5     9.5      39510            56276           300       1.9     355.9  
S0134   -2.7     -9.3     38605            59242           300       1.9     377.2  
S0135   10.7     2.2      37265            58167           300       2.6     95.7   
S0136   11.4     10.7     22617            32656           300       1.9     190.4  
S0137   -0.9     16.8     37374            48811           300       0.7     195.8  
S0138   14.6     -1.2     36503            46519           300       0.9     264.9  
S0139   -9.2     15.7     35105            56130           300       2.9     95.0   
S0140   18.8     -12.3    40242            56568           300       1.4     142.5  
S0141   -19.7    -17.3    29822            45243           300       2.7     294.2  
S0142   11.9     4.9      30090            45770           300       2.8     79.2   
S0143   -0.4     2.2      49347            60815           300       1.4     86.2   
S0144   1.1      13.4     27494            38251           300       1.5     393.6  
S0145   -11.4    -11.9    22547            36285           300       2.3     124.3  
S0146   -0.3     -18.3    43894            61167           300       1.0     168.4  
S0147   0.9      -18.1    27917            47348           300       2.4     379.4  
S0148   -1.5     12.3     46374            57989           300       2.9     268.1  
S0149   -9.9     14.3     33019            51652           300       0.5     141.1  
S0150   -12.5    -8.7     35197            43820           300       1.8     266.2  
S0151   9.3      11.9     50488            64800           300       0.8     130.4  
S0152   14.5     2.9      52692            64800           300       0.8     366.1  
S0153   -1.1     -2.7     38298            51683           300       2.7     93.2   
S0154   -19.8    15.5     48850            58308           300       2.5     71.0   
S0155   -7.8     -9.6     36990            55951           300       2.4     189.2  
S0156   14.4     -3.7     29733            41752           300       2.8     257.6  
S0157   7.6      15.6     46929            62277           300       1.6     397.2  
S0158   -13.7    -9.9     36604            53368           300       2.5     353.9  
S0159   0.8      5.3      22426            43675           300       0.9     240.8  
S0160   -6.6     -14.0    26689            37362           300       1.7     120.4  
S0161   14.1     -8.8     40198            48177           300       2.4     174.6  
S0162   -12.8    -13.0    23890            41091           300       0.9     215.5  
S0163   -11.9    -1.2     37709            44915           300       1.5     356.9  
S0164   -4.4     -17.6    37023            53678           300       1.3     231.6  
S0165   -9.8     -15.4    39232            53868           300       1.2     255.2  
S0166   5.2      -3.4     49663            64800           300       1.1     333.6  
S0167   11.8     -19.0    49013            57366           300       2.9     398.2  
S0168   3.2      -18.7    49899            64800           300       0.6     126.0  
S0169   7.1      -4.5     45738            64800           300       0.8     166.6  
S0170   -6.8     12.4     55549            64800           300       1.5     271.0  
S0171   19.8     -5.9     43477            53668           300       2.7     60.9   
S0172   10.1     2.5      31586            47425           300       2.6     372.5  
S0173   12.3     15.6     56621            64800           300       0.5     114.1  
S0174   -9.2     -18.1    54555            64800           300       2.0     292.8  
S0175   9.5      -19.5    31154            52087           300       2.8     310.9  
S0176   2.2      -15.9    22386            31318           300       1.0     81.0   
S0177   -10.7    1.1      40344            53807           300       1.9     308.2  
S0178   -10.5    -13.6    55000            64800           300       1.1     330.2  
S0179   2.4      7.1      31698            43686           300       2.1     142.9  
S0180   12.4     -1.6     37788            49356           300       1.9     250.3  
S0181   -13.1    1.3      55897            64069           300       0.6     364.6  
S0182   3.9      -10.4    45863            56757           300       1.7     366.7  
S0183   -16.3    -11.6    22396            30274           300       1.4     83.8   
S0184   4.0      15.7     35059            47863           300       0.8     388.5  
S0185   14.1     12.8     42435            59653           300       1.3     290.2  
S0186   15.2     5.8      39307            52584           300       2.1     368.0  
S0187   -0.7     -2.5     43740            55610           300       0.6     185.7  
S0188   -11.8    -4.3     49500            64800           300       2.1     293.5  
S0189   -17.5    -10.2    36007            46362           300       1.2     168.4  
S0190   1.5      -13.3    57433            64800           300       2.1     178.7  
S0191   -19.4    -3.9     36862            50585           300       2.3     123.4  
S0192   -16.3    -0.6     27150            42769           300       1.1     164.0  
S0193   -19.0    -12.4    43965            59183           300       2.2     331.9  
S0194   11.0     -9.3     26299            45210           300       2.3     61.1   
S0195   -14.6    -19.7    30992            39430           300       2.4     320.9  
S0196   10.9     -0.6     41873            52086           300       1.6     324.1  
S0197   -12.7    8.8      53370            64800           300       2.0     395.7  
S0198   -7.2     -1.2     28617            47917           300       1.6     61.7   
S0199   -6.3     4.8      54018            64800           300       0.7     84.9   
S0200   5.1      13.4     31072            42591           300       1.8     388.5  
S0201   14.0     0.8      47672            63326           300       2.0     129.7  
S0202   18.9     -2.5     46959            61677           300       2.8     256.0  
S0203   -14.5    12.3     27878            47977           300       2.5     266.6  
S0204   13.3     3.5      43080            54731           300       2.3     316.7  
S0205   19.7     19.4     49875            64800           300       3.0     272.0  
S0206   15.8     -14.5    47948            56361           300       1.0     139.6  
S0207   -7.2     -7.5     38162            50330           300       1.6     261.7  
S0208   -19.0    0.0      43752            59226           300       2.1     259.2  
S0209   2.5      -15.5    50344            59624           300       1.3     323.6  
S0210   -19.3    4.6      34607            47948           300       2.8     107.0  
S0211   -2.5     -12.1    40251            54730           300       0.8     88.4   
S0212   10.4     3.6      48817            60805           300       2.6     226.5  
S0213   17.3     -9.8     36790            56069           300       0.8     121.5  
S0214   -7.3     6.5      53113            61693           300       1.5     88.8   
S0215   -14.4    -0.7     38009            45994           300       2.2     150.5  
S0216   4.2      -15.7    28645            37920           300       0.6     78.5   
S0217   18.4     -1.2     27615            36191           300       1.6     361.5  
S0218   -3.3     6.7      34943            52160           300       1.9     98.7   
S0219   -1.7     4.4      29384            36810           300       1.0     262.7  
S0220   -3.4     -13.8    30041            51229           300       1.2     369.8  
S0221   -15.6    15.5     29797            42656           300       1.3     282.5  
S0222   10.0     -5.9     22503            34197           300       1.6     382.6  
S0223   14.6     14.9     24898            43986           300       2.1     215.3  
S0224   -0.1     -18.7    45237            58570           300       0.7     307.1  
S0225   16.6     -0.5     40143            53140           300       2.9     381.8  
S0226   -3.5     -19.7    48903            64800           300       1.3     249.4  
S0227   20.0     -13.6    42280            57484           300       2.9     106.7  
S0228   -7.1     1.5      29040            43984           300       2.7     79.1   
S0229   9.0      8.2      40675            52062           300       1.1     358.6  
S0230   -18.8    -16.0    52203            63163           300       2.0     314.0  
S0231   2.9      4.3      35288            54935           300       1.1     360.7  
S0232   18.6     -17.0    47255            57653           300       3.0     146.3  
S0233   -6.0     1.7      31210            51964           300       2.0     121.0  
S0234   -15.0    11.6     34414            55353           300       0.5     383.8  
S0235   15.6     -12.1    31509            47539           300       0.9     380.4  
S0236   7.6      -4.9     34724            49336           300       1.4     139.0  
S0237   10.1     -10.1    55025            64800           300       2.6     256.6  
S0238   18.2     18.3     31773            49308           300       0.9     73.6   
S0239   11.7     14.6     52131            59738           300       2.9     260.4  
S0240   18.5     -14.0    53128            64800           300       2.2     153.0  
S0241   -7.3     -15.1    39652            61226           300       1.3     190.2  
S0242   -6.1     13.7     26489            37522           300       0.6     348.1  
S0243   2.7      2.9      39466            60643           300       2.8     201.6  
S0244   6.1      4.2      31939            52591           300       1.9     250.6  
S0245   6.4      10.9     37395            50598           300       1.3     347.2  
S0246   9.3      -6.9     57075            64800           300       1.7     254.6  
S0247   3.8      -1.6     48400            64800           300       2.5     127.1  
S0248   -1.7     -9.1     36713            55219           300       2.6     174.1  
S0249   -16.0    17.6     36558            55600           300       2.9     302.9  
S0250   2.7      -16.7    33008            53871           300       1.2     229.3  
S0251   -18.3    2.7      55745            64477           300       0.6     201.3  
S0252   -6.9     14.8     57053            64800           300       2.1     357.5  
S0253   -13.7    -19.0    26058            34294           300       0.5     276.5  
S0254   -9.6     6.1      26628            42999           300       1.1     286.3  
S0255   15.2     -1.9     38664            46408           300       0.7     246.7  
S0256   -11.5    -7.1     36918            48445           300       1.6     81.1   
S0257   -2.5     7.6      28668            44674           300       2.3     323.0  
S0258   19.7     1.2      26104            42904           300       1.2     377.0  
S0259   19.1     11.2     27157            37222           300       1.2     138.2  
S0260   3.4      -15.2    25118            34620           300       0.8     53.0   
S0261   -9.1     -16.5    22650            35669           300       2.8     240.4  
S0262   -13.4    14.0     45222            64800           300       2.7     191.6  
S0263   8.5      -14.1    57495            64800           300       2.3     134.8  
S0264   -18.6    -3.1     30671            49459           300       2.1     365.8  
S0265   -6.8     15.9     47199            64800           300       1.8     290.0  
S0266   5.8      -9.0     31193            51994           300       1.5     66.0   
S0267   12.8     -5.0     52800            64800           300       2.4     273.0  
S0268   4.0      -10.8    49783            64800           300       3.0     179.3  
S0269   -9.7     15.4     39077            46739           300       2.4     221.7  
S0270   11.0     16.9     29903            49214           300       2.9     347.1  
S0271   12.0     -17.0    35014            53685           300       0.7     365.3  
S0272   9.8      14.6     21811            34513           300       1.0     102.8  
S0273   19.9     0.3      42955            62292           300       1.9     215.8  
S0274   12.2     17.5     57016            64800           300       2.1     371.8  
S0275   -12.6    1.2      28701            45134           300       1.6     146.0  
S0276   3.0      13.7     35988            56172           300       0.5     311.6  
S0277   -15.5    -16.1    46606            64800           300       2.5     129.0  
S0278   -2.0     -0.4     27190            45861           300       0.7     314.9  
S0279   -3.1     14.5     41568            48927           300       1.6     54.4   
S0280   -7.4     17.3     49662            63054           300       1.5     365.2  
S0281   17.6     -13.9    53457            64800           300       2.2     184.8  
S0282   -3.7     -1.2     31261            46867           300       2.7     121.4  
S0283   19.1     19.5     49799            64800           300       2.7     386.4  
S0284   -10.0    11.3     53862            64800           300       1.6     263.7  
S0285   8.4      3.8      46102            64800           300       1.6     363.1  
S0286   17.9     -14.1    35282            43112           300       2.1     349.6  
S0287   -3.8     -17.8    31695            42713           300       1.8     222.7  
S0288   17.9     -16.1    51634            59498           300       2.8     273.9  
S0289   -10.7    -8.2     26084            42551           300       1.3     326.7  
S0290   -15.3    -4.0     52141            64800           300       1.5     118.6  
S0291   17.4     -20.0    46551            57396           300       2.1     317.8  
S0292   -17.4    8.6      57338            64800           300       2.1     183.1  
S0293   13.3     4.7      30241            49260           300       1.9     323.3  
S0294   10.0     16.2     46520            56593           300       2.7     176.0  
S0295   18.8     -8.7     34239            48615           300       1.9     246.8  
S0296   -16.5    -6.0     35850            55036           300       2.9     241.8  
S0297   -3.0     5.1      40407            59646           300       0.8     319.0  
S0298   -12.6    13.0     47375            64800           300       1.5     129.7  
S0299   2.3      -14.8    24809            32561           300       2.5     316.4  
S0300   -18.2    17.5     22303            31446           300       1.6     195.8  
S0301   5.0      -6.9     24369            43913           300       1.7     154.0  
S0302   1.2      -14.4    34048            42701           300       1.7     214.3  
S0303   1.9      -4.2     36825            47468           300       2.1     245.4  
S0304   2.9      9.5      48711            56834           300       2.7     117.7  
S0305   8.8      -1.9     37884            51428           300       2.5     262.9  
S0306   -4.5     9.6      22891            41202           300       1.6     154.7  
S0307   4.9      6.4      53846            63982           300       2.4     110.0  
S0308   13.8     -2.7     37155            50394           300       2.0     296.7  
S0309   -11.5    -0.6     29256            41540           300       1.0     271.1  
S0310   -13.0    10.7     35169            43462           300       2.4     373.9  
S0311   14.7     -4.8     43048            60490           300       0.6     287.0  
S0312   -3.0     -7.8     52966            64800           300       2.9     318.3  
S0313   -7.5     16.8     31366            39450           300       0.9     315.7  
S0314   2.4      2.0      56741            64800           300       2.0     93.6   
S0315   10.7     3.4      53466            62351           300       1.7     399.3  
S0316   0.5      4.8      27701            49122           300       1.7     217.4  
S0317   1.7      -7.4     56138            64800           300       2.7     292.0  
S0318   -17.7    4.0      51631            59238           300       2.8     368.6  
S0319   17.5     -9.9     54039            64800           300       2.0     340.9  
S0320   -17.7    -19.4    57255            64800           300       0.6     125.8  
S0321   -18.7    -6.2     26952            43348           300       2.3     397.5  
S0322   2.8      13.2     38406            58349           300       0.5     59.4   
S0323   11.9     -2.2     42894            59701           300       2.9     216.0  
S0324   13.1     -4.6     35812            51592           300       2.3     144.3  
S0325   7.4      14.5     30135            37476           300       2.4     133.7  
S0326   -1.9     -16.0    25763            43609           300       2.3     347.7  
S0327   8.2      -12.3    50928            64800           300       1.9     80.9   
S0328   12.7     -3.6     40423            53967           300       1.3     365.4  
S0329   7.3      20.0     41426            51939           300       0.6     330.2  
S0330   9.9      6.9      56530            64800           300       2.8     172.0  
S0331   9.9      -1.7     24110            40005           300       1.2     372.0  
S0332   -4.3     -6.5     28029            40775           300       1.9     94.0   
S0333   -15.1    -4.0     29364            46766           300       1.7     178.5  
S0334   -7.0     18.5     32498            47210           300       1.8     371.8  
S0335   1.3      5.0      27966            39231           300       2.0     190.1  
S0336   -13.8    19.8     35366            47918           300       1.1     265.2  
S0337   9.7      -17.3    42361            53692           300       1.5     152.3  
S0338   -16.0    -11.9    24402            33674           300       2.1     158.2  
S0339   12.9     9.4      34708            43874           300       0.7     340.7  
S0340   10.4     -2.9     41872            59322           300       2.0     392.6  
S0341   12.7     6.2      41282            55012           300       2.9     296.4  
S0342   13.8     -8.9     28755            38532           300       1.5     152.4  
S0343   10.2     -18.4    26250            34146           300       1.9     251.2  
S0344   16.1     6.3      35905            44869           300       2.3     88.3   
S0345   -8.7     7.5      22031            34931           300       0.9     92.6   
S0346   13.7     -16.3    52394            62460           300       1.6     219.5  
S0347   10.2     0.5      22074            31021           300       2.2     149.6  
S0348   -9.6     -8.3     40427            50461           300       0.8     192.0  
S0349   -18.3    18.4     38692            57815           300       1.6     399.0  
S0350   -4.8     -13.3    45085            57810           300       2.8     210.0  
S0351   18.9     8.5      24608            40270           300       0.7     295.0  
S0352   -5.4     5.4      30551            45297           300       2.1     213.4  
S0353   -8.4     -10.0    40166            61624           300       0.9     120.2  
S0354   -18.4    -13.3    51331            64800           300       1.9     165.8  
S0355   -11.7    7.2      22619            30123           300       1.8     399.3  
S0356   -4.5     -19.5    26204            46665           300       1.0     144.5  
S0357   -8.9     2.6      23388            32379           300       1.7     388.3  
S0358   13.0     -12.7    36646            48863           300       3.0     92.5   
S0359   13.8     6.6      27754            40134           300       3.0     216.7  
S0360   -9.8     10.4     45318            59180           300       2.1     380.1  
S0361   10.1     -4.5     38545            58400           300       1.9     129.7  
S0362   -2.1     -3.4     30978            47969           300       0.8     202.2  
S0363   -9.7     -16.9    29425            39358           300       2.2     264.5  
S0364   13.4     -14.5    25746            45275           300       2.4     392.7  
S0365   6.0      8.7      50478            60899           300       0.6     250.9  
S0366   0.1      13.3     40708            50389           300       1.5     236.7  
S0367   1.2      -1.0     24563            33997           300       0.7     108.2  
S0368   7.8      -17.3    47854            61138           300       2.8     98.9   
S0369   -12.7    -6.8     28481            42237           300       2.4     154.0  
S0370   12.5     19.9     29229            47912           300       0.7     193.1  
S0371   -16.3    -8.0     55895            64800           300       2.0     65.7   
S0372   2.6      -13.5    30587            49612           300       1.4     173.4  
S0373   10.2     -9.2     35451            55395           300       1.7     86.1   
S0374   -19.9    -18.8    41454            56864           300       1.3     137.6  
S0375   -18.6    13.1     40645            54277           300       2.5     90.0   
S0376   9.7      19.2     26509            34238           300       2.0     267.7  
S0377   -2.4     1.8      30155            47971           300       1.4     88.7   
S0378   -12.6    -16.5    55660            64800           300       2.3     264.4  
S0379   -2.3     -19.9    55623            64800           300       1.0     393.1  
S0380   0.5      12.5     29671            39385           300       2.5     165.6  
S0381   12.0     16.3     39429            58635           300       2.3     292.4  
S0382   8.1      -6.3     47931            64800           300       2.8     283.0  
S0383   -15.2    15.2     29514            40082           300       0.9     67.5   
S0384   -10.4    4.3      38912            55178           300       3.0     170.7  
S0385   -18.2    14.1     30784            45445           300       0.7     244.9  
S0386   -16.1    4.9      24228            40665           300       3.0     93.3   
S0387   -4.1     17.4     55197            64800           300       2.8     346.1  
S0388   11.9     12.0     26626            34235           300       2.7     55.9   
S0389   -4.6     -10.5    25201            33842           300       2.7     127.2  
S0390   12.5     -6.7     49025            64800           300       1.8     345.8  
S0391   2.3      13.7     27214            40791           300       1.2     268.7  
S0392   17.2     17.6     57160            64800           300       1.7     224.4  
S0393   -7.3     -3.8     55826            64800           300       1.5     289.5  
S0394   2.9      -8.2     35005            55161           300       1.1     272.2  
S0395   4.8      -11.8    51633            59834           300       1.9     344.8  
S0396   2.0      18.6     43069            55504           300       2.3     328.7  
S0397   -2.1     -5.7     46815            58312           300       0.7     288.2  
S0398   -11.5    -6.2     29974            42766           300       1.2     213.0  
S0399   12.9     -5.9     36730            54263           300       2.8     363.1  
S0400   -17.0    18.1     24097            45457           300       0.9     273.0  
S0401   -18.7    -9.2     27797            39174           300       1.7     166.4  
S0402   -6.1     -5.1     56924            64800           300       1.6     121.0  
S0403   -15.1    0.0      44383            64800           300       0.7     352.3  
S0404   8.8      16.0     33637            52464           300       1.7     227.3  
S0405   -15.9    6.2      40595            54722           300       2.5     206.8  
S0406   -2.6     2.3      56817            64250           300       0.9     370.5  
S0407   2.7      1.8      32633            43764           300       2.7     295.6  
S0408   -16.3    15.1     25643            42689           300       1.6     123.9  
S0409   -0.7     -0.9     26234            39755           300       2.2     379.6  
S0410   11.9     -13.4    57033            64800           300       3.0     58.3   
S0411   -17.3    -9.5     47426            64566           300       1.6     188.2  
S0412   -1.2     -0.2     37385            56983           300       2.6     368.9  
S0413   -2.3     16.5     41102            62512           300       1.1     77.1   
S0414   -0.2     -13.8    56873            64800           300       2.2     349.3  
S0415   -1.8     15.8     26134            35987           300       2.7     108.8  
S0416   17.9     -13.6    39108            56062           300       2.5     348.1  
S0417   -17.7    9.6      33108            41880           300       0.8     159.4  
S0418   -3.3     -9.9     40649            57112           300       0.8     281.8  
S0419   -6.9     -18.1    53811            64800           300       0.6     299.3  
S0420   -18.7    -19.0    43895            54113           300       2.8     385.5  
S0421   0.6      -19.7    48660            64800           300       2.0     234.7  
S0422   0.3      16.5     50772            62147           300       2.8     323.6  
S0423   -13.5    -11.4    28795            45013           300       1.3     311.9  
S0424   -10.1    16.2     29099            48099           300       0.7     62.7   
S0425   11.2     -8.6     54103            64800           300       0.9     166.9  
S0426   14.1     9.9      39364            47591           300       1.3     193.2  
S0427   9.5      3.0      29518            37242           300       2.9     389.7  
S0428   -14.5    7.1      42206            60199           300       1.5     248.0  
S0429   -17.7    10.6     23111            34940           300       1.4     386.0  
S0430   -10.5    3.0      47496            62612           300       1.1     194.1  
S0431   7.1      -3.1     54674            64800           300       0.7     246.2  
S0432   -7.0     11.6     56894            64800           300       2.3     395.4  
S0433   -3.8     -2.8     23507            41622           300       2.3     381.8  
S0434   13.7     -9.9     52896            64086           300       2.6     293.6  
S0435   -10.1    -13.3    30221            44883           300       1.2     53.8   
S0436   -5.4     7.1      30028            50629           300       1.7     369.1  
S0437   8.3      10.7     32457            48095           300       1.0     225.4  
S0438   -18.2    12.4     31292            38674           300       1.7     371.9  
S0439   -12.7    17.2     37798            47247           300       2.4     379.5  
S0440   11.3     9.0      23419            40846           300       1.5     373.0  
S0441   -19.9    14.6     37468            52043           300       1.6     355.7  
S0442   2.7      -9.3     50018            64800           300       3.0     307.5  
S0443   -2.8     4.6      40841            49599           300       2.4     389.2  
S0444   -18.0    -4.6     48465            60855           300       2.8     220.3  
S0445   9.4      -13.9    53246            61669           300       1.6     265.9  
S0446   14.5     4.9      27495            38728           300       2.9     169.6  
S0447   -14.9    10.9     41378            57358           300       2.9     203.9  
S0448   -11.3    12.3     47426            57163           300       2.7     58.5   
S0449   -13.5    12.8     52804            64800           300       2.2     349.1  
S0450   -10.3    -12.4    39347            48381           300       1.4     338.8  
S0451   -16.6    7.1      55519            64034           300       1.4     56.3   
S0452   3.7      -19.1    32953            40982           300       1.5     181.8  
S0453   2.2      9.0      55399            64800           300       0.8     398.0  
S0454   -13.7    -0.4     53023            64800           300       1.7     291.5  
S0455   -7.5     14.3     27376            42269           300       1.6     296.1  
S0456   -14.3    -7.7     53392            64800           300       3.0     303.5  
S0457   -12.1    0.2      52990            64800           300       2.0     210.6  
S0458   -19.9    -12.2    54200            64800           300       2.5     391.0  
S0459   13.1     8.3      40776            51997           300       1.9     338.6  
S0460   -8.3     16.9     40629            49727           300       1.3     234.8  
S0461   2.0      16.9     56294            64800           300       0.6     74.2   
S0462   -18.2    6.3      41818            49032           300       2.6     254.1  
S0463   -16.4    16.4     27131            35550           300       2.5     387.6  
S0464   -6.5     8.1      22341            40092           300       2.5     117.4  
S0465   -19.2    1.4      40380            50573           300       1.9     290.5  
S0466   -6.3     4.0      42711            51653           300       2.2     329.2  
S0467   18.3     -13.9    45919            62166           300       1.2     244.0  
S0468   -17.0    -2.4     55602            64800           300       2.0     392.0  
S0469   18.9     -2.7     37216            56542           300       2.0     260.6  
S0470   19.5     -8.4     54448            64800           300       0.5     204.0  
S0471   18.3     -19.6    56301            64800           300       1.4     80.0   
S0472   -16.7    -17.1    44990            64325           300       1.6     92.1   
S0473   2.6      -9.8     45713            59875           300       0.5     373.0  
S0474   9.2      2.4      28920            37685           300       1.2     342.8  
S0475   18.9     16.3     40446            51469           300       0.6     227.1  
S0476   8.2      17.5     33471            46041           300       0.7     149.1  
S0477   16.6     0.3      38549            55753           300       2.0     378.8  
S0478   9.0      -2.1     44213            54859           300       0.8     238.3  
S0479   -11.5    13.2     36176            48070           300       2.5     177.3  
S0480   -16.9    -7.4     52250            60915           300       1.5     110.7  
S0481   16.2     -14.6    42863            55128           300       1.9     394.6  
S0482   -14.9    -14.6    56864            64800           300       2.0     309.8  
S0483   0.3      10.4     33152            53606           300       1.5     297.6  
S0484   -5.3     -2.3     49898            64800           300       1.6     279.4  
S0485   7.1      -7.9     41512            59700           300       1.6     352.7  
S0486   -3.2     -16.1    28450            36637           300       2.0     221.2  
S0487   -3.8     16.5     55151            64800           300       1.4     247.0  
S0488   19.2     -19.6    43352            61952           300       2.6     304.9  
S0489   -1.4     6.9      25001            41600           300       1.5     155.9  
S0490   0.2      -16.4    23479            37828           300       2.1     398.0  
S0491   5.2      -2.8     44767            55621           300       1.1     69.0   
S0492   9.2      17.9     44066            64218           300       0.7     228.3  
S0493   19.3     9.9      24253            34133           300       1.6     109.2  
S0494   -15.1    4.3      26829            43530           300       2.7     376.1  
S0495   9.9      5.7      21653            40636           300       1.6     354.3  
S0496   12.2     16.1     26454            44424           300       1.6     311.1  
S0497   18.6     -1.8     55473            64800           300       2.6     221.9  
S0498   5.7      -19.0    35203            45434           300       2.1     77.3   
S0499   6.7      16.4     57335            64800           300       0.7     338.7  
S0500   13.6     -3.2     22933            41604           300       2.7     205.4  
S0501   15.2     12.2     43093            51164           300       1.2     173.1  
S0502   -18.3    -2.4     28235            49179           300       2.6     221.5  
S0503   10.9     9.3      48716            64800           300       1.9     307.4  
S0504   9.1      -8.0     42547            59142           300       1.0     368.3  
S0505   -19.7    -6.2     36570            55411           300       2.1     341.4  
S0506   11.2     4.3      57321            64800           300       2.0     155.7  
S0507   -16.5    -14.2    51648            64800           300       1.2     278.7  
S0508   -1.5     18.3     46131            60156           300       2.0     355.4  
S0509   -8.5     -15.7    32723            49085           300       1.8     78.9   
S0510   -9.3     19.2     46324            56764           300       2.8     155.9  
S0511   13.1     -5.5     51327            60409           300       2.1     334.9  
S0512   18.0     16.6     35437            45620           300       1.4     181.5  
S0513   -3.6     16.9     36021            45059           300       2.2     206.2  
S0514   15.7     -17.4    46322            59862           300       1.5     286.2  
S0515   -16.6    -11.0    35190            55998           300       2.2     151.6  
S0516   10.4     9.9      54281            63448           300       1.5     331.5  
S0517   -0.2     -7.2     53337            64800           300       0.7     166.1  
S0518   14.4     9.9      33502            40824           300       0.8     284.5  
S0519   -10.1    -6.4     42327            54833           300       2.1     205.1  
S0520   7.4      15.3     52450            63758           300       0.9     317.4  
S0521   10.0     5.9      33975            43987           300       0.7     106.0  
S0522   6.0      -11.4    23043            36372           300       1.5     233.2  
S0523   13.9     5.9      40052            60464           300       1.0     308.2  
S0524   -5.1     6.7      27941            40405           300       0.7     226.6  
S0525   -15.5    10.6     23626            37304           300       2.8     154.6  
S0526   1.1      -4.0     43263            61529           300       1.9     267.4  
S0527   -8.9     14.7     27808            37268           300       0.7     185.5  
S0528   -2.0     -19.5    51057            64800           300       2.9     134.6  
S0529   7.3      -4.6     31409            49300           300       1.1     173.0  
S0530   -4.2     5.2      39650            52180           300       0.7     320.1  
S0531   8.8      -6.8     38291            54422           300       2.0     254.8  
S0532   -7.6     9.7      50263            64800           300       1.8     61.1   
S0533   -9.0     -16.1    25001            44281           300       1.0     242.3  
S0534   -9.7     -8.9     37390            55692           300       1.0     208.4  
S0535   -16.1    12.5     43845            57766           300       2.7     326.5  
S0536   -12.3    0.8      32698            50576           300       0.9     336.2  
S0537   19.8     -9.7     23861            43993           300       1.7     149.6  
S0538   5.1      11.4     30295            43491           300       2.8     72.0   
S0539   8.8      -4.4     27919            35219           300       2.2     271.9  
S0540   -10.5    11.6     43181            64704           300       2.5     358.2  
S0541   -17.5    -16.1    41752            63040           300       2.5     397.1  
S0542   5.3      -4.0     27074            41114           300       3.0     237.9  
S0543   -1.0     2.9      53455            64800           300       1.1     243.0  
S0544   18.7     11.0     34713            45839           300       0.9     123.4  
S0545   -0.1     17.8     21719            37591           300       1.6     296.8  
S0546   14.2     -10.5    42184            62732           300       1.7     100.8  
S0547   -16.6    17.7     55362            64800           300       1.9     97.8   
S0548   -18.4    18.1     43605            57955           300       0.9     129.5  
S0549   -1.4     14.8     52601            64800           300       0.8     258.5  
S0550   8.7      -12.5    42385            57520           300       3.0     384.3  
S0551   19.2     15.8     53448            64800           300       0.8     252.1  
S0552   -13.7    12.6     33038            53701           300       2.4     365.2  
S0553   -13.0    17.2     41832            60766           300       1.3     301.2  
S0554   13.0     -11.5    29563            50841           300       0.6     119.7  
S0555   14.2     -5.2     31077            41759           300       2.3     133.4  
S0556   10.4     18.3     55135            64800           300       1.9     228.4  
S0557   -5.1     -19.4    42991            61580           300       1.2     398.7  
S0558   8.7      -8.4     29938            40663           300       2.0     313.6  
S0559   8.9      -8.6     41757            61322           300       2.9     266.5  
S0560   -1.3     6.7      56823            64800           300       2.6     134.4  
S0561   -11.3    -8.3     38331            55458           300       1.6     124.8  
S0562   -1.7     -14.7    36118            55957           300       1.6     61.7   
S0563   6.3      12.5     36469            49364           300       2.6     207.0  
S0564   -8.8     -7.6     38391            54764           300       1.3     166.9  
S0565   -4.5     2.3      44093            53815           300       0.7     181.3  
S0566   12.3     -8.6     22874            43451           300       0.8     353.8  
S0567   -18.5    14.5     56726            64800           300       0.6     276.8  
S0568   -11.7    8.9      28179            43012           300       0.7     301.3  
S0569   13.8     -18.9    43140            60441           300       0.6     178.8  
S0570   -19.5    18.4     50465            59980           300       2.0     163.1  
S0571   -13.5    16.3     25291            45228           300       2.6     129.9  
S0572   -5.1     9.6      35342            47207           300       1.0     380.5  
S0573   -2.3     7.9      23588            42868           300       2.9     142.9  
S0574   14.2     -12.8    54593            64800           300       2.6     62.0   
S0575   6.6      9.8      49632            64339           300       1.5     395.6  
S0576   2.8      8.3      49119            64800           300       2.1     311.7  
S0577   -17.3    -18.1    47283            56977           300       0.6     391.2  
S0578   -7.7     -3.4     31458            41256           300       1.3     160.5  
S0579   17.8     17.5     31170            41546           300       2.3     57.1   
S0580   18.6     5.0      54160            64800           300       2.9     310.1  
S0581   1.5      6.2      33320            46838           300       2.5     111.1  
S0582   16.0     16.9     39133            52677           300       1.5     123.9  
S0583   -9.9     -4.9     43811            52021           300       2.5     274.4  
S0584   16.2     -19.7    31036            50918           300       0.6     263.6  
S0585   10.5     -8.4     40124            50113           300       1.3     276.0  
S0586   -18.4    -4.2     39711            50484           300       1.0     289.0  
S0587   5.9      18.7     45428            55986           300       2.2     158.7  
S0588   9.6      -10.8    37710            48339           300       2.8     261.6  
S0589   -16.9    -11.7    39179            60047           300       0.7     109.7  
S0590   4.4      -4.4     43076            60226           300       2.6     168.5  
S0591   -9.5     -5.2     30922            44282           300       1.9     238.9  
S0592   -10.2    -5.7     45798            64800           300       2.4     185.1  
S0593   8.8      4.2      54769            64800           300       2.3     95.8   
S0594   -0.6     -11.8    43998            58779           300       1.1     204.8  
S0595   9.0      4.9      41020            62597           300       0.9     241.7  
S0596   -2.7     16.9     26613            45882           300       2.3     387.1  
S0597   4.6      7.4      36815            48948           300       3.0     338.6  
S0598   -14.1    2.2      26798            37320           300       2.1     214.3  
S0599   5.2      9.7      46625            64800           300       2.6     279.7  
S0600   1.3      -12.2    24350            40994           300       1.4     52.7   
S0601   3.0      -5.1     27397            39951           300       2.0     152.8  
S0602   -13.5    -4.0     39335            57001           300       1.7     94.2   
S0603   -13.7    2.4      24116            41480           300       0.7     51.5   
S0604   -2.1     10.7     34740            52335           300       2.8     372.1  
S0605   18.9     -1.1     43223            52822           300       1.2     103.8  
S0606   -17.2    11.3     55376            64800           300       2.5     253.1  
S0607   10.2     7.0      49266            59225           300       1.1     119.0  
S0608   -7.1     -14.1    37344            46257           300       0.7     327.7  
S0609   8.4      19.2     41419            61460           300       2.9     224.3  
S0610   -10.6    -6.5     30048            44777           300       0.9     267.4  
S0611   16.6     13.8     56023            64800           300       1.6     369.5  
S0612   5.6      -14.6    24986            33936           300       1.4     349.9  
S0613   -17.5    -6.4     24070            32522           300       3.0     212.0  
S0614   -10.4    -1.2     27873            42361           300       2.6     263.1  
S0615   5.1      -15.3    42310            58840           300       2.7     164.8  
S0616   17.6     -0.5     34124            53616           300       0.5     75.3   
S0617   4.0      5.5      53203            63483           300       1.7     203.1  
S0618   8.8      11.1     49295            62437           300       2.5     174.0  
S0619   -18.4    8.2      47040            63080           300       1.1     210.1  
S0620   -4.5     -10.9    27796            43509           300       0.9     150.6  
S0621   15.8     -14.0    26046            44226           300       1.6     128.4  
S0622   16.3     -0.1     48663            57371           300       0.6     233.1  
S0623   -11.6    16.2     33929            42279           300       1.9     98.8   
S0624   -7.7     0.5      36864            56634           300       2.6     317.7  
S0625   -12.3    -13.5    34002            54104           300       2.2     283.2  
S0626   11.4     -16.2    27226            38759           300       0.5     315.0  
S0627   5.7      -2.2     41576            55819           300       0.7     209.0  
S0628   -6.9     5.7      28497            47769           300       2.2     381.1  
S0629   2.0      8.3      29345            43473           300       0.9     187.6  
S0630   -5.0     -13.5    38986            47698           300       0.7     214.1  
S0631   -4.4     -12.7    33573            42630           300       1.6     333.9  
S0632   18.8     -13.7    24603            33545           300       0.7     62.2   
S0633   -11.6    7.5      34042            42141           300       1.1     176.2  
S0634   8.4      17.7     48233            64800           300       2.6     110.6  
S0635   -11.8    -1.7     41739            57609           300       1.7     330.3  
S0636   -6.8     -3.1     42305            61530           300       1.0     170.1  
S0637   -15.1    15.0     44210            60170           300       2.0     331.7  
S0638   17.4     4.2      46447            63081           300       2.4     154.7  
S0639   -17.3    -6.5     39493            54171           300       0.9     113.3  
S0640   -19.3    -5.7     33339            54073           300       2.4     180.3  
S0641   3.1      -1.4     53565            63134           300       1.0     75.4   
S0642   -8.4     -1.3     44482            64800           300       1.1     276.0  
S0643   17.4     4.7      50050            59077           300       2.4     59.7   
S0644   5.3      -13.9    44881            64240           300       1.3     147.8  
S0645   17.8     -13.9    32819            42399           300       1.4     239.7  
S0646   -19.5    15.1     33309            44714           300       2.1     62.3   
S0647   -9.5     8.6      44979            56968           300       0.9     111.2  
S0648   17.2     16.0     52606            64800           300       2.8     302.7  
S0649   -8.1     -13.4    25710            40238           300       1.8     225.4  
S0650   9.6      -4.8     23659            41643           300       2.0     138.5  
S0651   -15.6    0.3      56681            64800           300       1.6     237.5  
S0652   -12.4    -16.1    57136            64800           300       2.0     69.6   
S0653   2.5      -4.6     22152            31173           300       0.9     198.7  
S0654   6.3      -13.4    53354            64769           300       2.4     70.9   
S0655   -10.3    11.7     50617            64335           300       1.5     332.8  
S0656   1.5      13.7     26084            44903           300       0.8     233.6  
S0657   -0.9     -4.2     33695            54719           300       1.3     241.4  
S0658   -3.5     -1.2     30059            42618           300       2.2     372.2  
S0659   4.4      -10.4    56281            64800           300       1.2     171.6  
S0660   5.4      -2.8     35756            57291           300       0.8     179.6  
S0661   -9.7     -7.6     28818            39758           300       0.9     54.4   
S0662   14.7     12.6     44430            64800           300       2.2     82.5   
S0663   -16.3    5.8      26178            42867           300       2.6     298.0  
S0664   5.9      7.2      42218            51450           300       0.9     321.0  
S0665   -5.7     -7.9     32194            50371           300       2.5     110.0  
S0666   14.0     -3.3     30056            50119           300       0.7     361.2  
S0667   -14.4    13.8     31022            48300           300       1.7     210.1  
S0668   -0.9     -19.1    38068            59078           300       1.8     96.6   
S0669   -14.6    -18.9    45555            62124           300       1.3     316.6  
S0670   -6.4     -12.4    33726            44350           300       1.6     138.7  
S0671   -10.1    13.0     49241            59065           300       2.2     182.1  
S0672   19.7     15.7     29776            38779           300       2.1     214.3  
S0673   0.9      0.3      21803            32560           300       0.7     340.7  
S0674   -19.3    18.5     32328            41692           300       3.0     139.2  
S0675   11.4     -0.3     23586            37856           300       0.7     90.2   
S0676   -6.2     -4.5     42198            62018           300       2.7     294.4  
S0677   -18.2    8.8      30672            51316           300       1.3     133.6  
S0678   6.7      -0.6     43761            62745           300       2.1     313.9  
S0679   12.8     -19.0    24712            43202           300       1.6     272.8  
S0680   3.4      1.2      32723            47043           300       2.4     69.5   
S0681   6.2      8.8      34859            53847           300       1.6     225.2  
S0682   8.7      10.5     25587            35239           300       1.6     144.3  
S0683   16.4     19.3     22287            43584           300       1.9     264.7  
S0684   -1.7     7.7      49441            64800           300       0.6     134.8  
S0685   13.9     -14.9    51113            64800           300       2.3     234.9  
S0686   -17.1    -18.8    45597            55989           300       2.9     61.5   
S0687   14.6     -15.6    26042            45171           300       2.3     390.9  
S0688   5.1      17.3     29394            41261           300       2.0     307.7  
S0689   0.6      11.2     39254            55468           300       1.2     248.6  
S0690   0.7      1.4      39407            47057           300       0.6     160.5  
S0691   3.2      -7.4     31440            52145           300       1.5     201.3  
S0692   5.4      -20.0    48324            55726           300       1.5     147.6  
S0693   12.2     3.8      38178            55178           300       2.9     131.7  
S0694   -13.7    9.4      44026            63936           300       1.7     179.5  
S0695   13.4     -2.3     23289            34541           300       1.6     310.4  
S0696   1.0      13.2     35244            49078           300       1.8     314.3  
S0697   19.9     19.6     37021            56865           300       0.9     84.6   
S0698   9.9      -7.2     25794            43749           300       2.7     309.7  
S0699   18.7     -9.8     34847            51029           300       1.6     329.0  
S0700   -0.7     -16.0    34733            55092           300       1.8     243.7  
S0701   -15.6    10.6     27068            47102           300       0.5     298.7  
S0702   -6.4     6.5      43549            61473           300       2.3     152.3  
S0703   14.1     0.9      46799            55219           300       2.6     199.6  
S0704   8.7      -6.8     39135            53911           300       0.8     57.2   
S0705   -2.2     19.0     32852            45098           300       2.6     143.5  
S0706   -6.9     16.4     50803            64800           300       0.6     391.1  
S0707   -1.5     -12.7    55575            62991           300       2.6     50.9   
S0708   4.6      3.7      51434            64800           300       1.8     329.5  
S0709   13.2     -12.6    33819            49896           300       2.1     202.8  
S0710   14.3     17.3     43933            56614           300       1.0     161.0  
S0711   5.8      -4.1     34983            51209           300       1.8     194.0  
S0712   -7.4     2.9      39689            49290           300       2.0     287.8  
S0713   4.1      -2.5     28108            49561           300       1.0     381.0  
S0714   1.4      12.9     35880            52473           300       0.9     256.5  
S0715   -3.4     7.4      40562            61506           300       1.3     76.5   
S0716   -19.2    -14.6    26826            46403           300       2.6     82.8   
S0717   10.7     -3.9     47457            55673           300       2.9     277.4  
S0718   3.8      -4.4     25425            37880           300       0.8     341.1  
S0719   -13.4    -3.9     35372            42770           300       1.2     397.2  
S0720   11.4     -16.7    23370            33646           300       0.6     228.3  
S0721   13.4     0.9      49528            64800           300       1.1     309.9  
S0722   18.2     -4.7     54439            64800           300       2.1     144.2  
S0723   10.3     6.6      53259            64800           300       2.7     263.7  
S0724   17.7     18.2     39579            53220           300       1.3     335.7  
S0725   -18.5    -7.2     51697            64800           300       2.2     281.1  
S0726   -17.0    12.0     46446            55171           300       1.0     108.0  
S0727   -7.6     -16.3    32328            47633           300       1.0     246.7  
S0728   -12.8    -17.1    48639            64800           300       2.5     132.9  
S0729   2.2      8.5      24619            36535           300       0.5     400.0  
S0730   -11.8    8.7      37400            52473           300       2.0     333.1  
S0731   17.1     16.1     56572            64800           300       2.7     349.6  
S0732   15.4     -17.3    37804            55235           300       1.7     197.0  
S0733   -6.1     16.5     37836            58977           300       2.3     216.5  
S0734   -6.1     -2.1     53324            63858           300       1.2     103.0  
S0735   -10.5    0.9      34053            43272           300       1.7     114.6  
S0736   5.3      -11.3    56040            64800           300       1.5     102.4  
S0737   17.6     -4.0     21688            39404           300       1.1     231.4  
S0738   -11.1    12.2     32417            46599           300       2.8     267.3  
S0739   12.8     -6.0     33473            54097           300       2.4     187.9  
S0740   3.5      12.6     25323            35996           300       1.6     236.4  
S0741   -8.9     1.6      33814            49116           300       2.9     271.5  
S0742   7.1      -2.9     47425            64800           300       1.7     303.9  
S0743   -13.0    -12.8    45391            53116           300       0.9     55.6   
S0744   -15.5    7.1      46594            58652           300       1.6     264.6  
S0745   -4.7     4.5      53968            64800           300       1.5     61.6   
S0746   -14.4    13.9     27784            46336           300       1.8     185.6  
S0747   8.4      5.7      55250            64800           300       1.8     393.5  
S0748   -14.4    5.0      53384            64800           300       2.1     87.8   
S0749   -17.9    -1.2     29041            40684           300       2.5     184.8  
S0750   -11.0    -19.0    33988            45672           300       1.3     181.0  
S0751   11.2     -10.6    46063            61037           300       1.1     148.5  
S0752   7.9      -4.0     43500            61800           300       1.4     174.5  
S0753   -7.9     0.4      38342            50783           300       2.9     299.0  
S0754   -15.4    3.8      51092            64800           300       2.7     332.1  
S0755   -5.2     1.7      38380            49606           300       1.2     188.9  
S0756   0.6      -13.9    51535            58794           300       2.8     268.2  
S0757   4.3      -5.2     25887            42050           300       1.2     273.0  
S0758   -15.6    17.1     50218            60420           300       2.8     214.4  
S0759   -5.2     17.8     29136            48353           300       1.8     315.3  
S0760   12.5     17.3     33221            48521           300       1.1     273.0  
S0761   -11.7    5.6      24525            41413           300       1.7     114.5  
S0762   2.9      -2.9     52843            64800           300       2.5     257.8  
S0763   13.0     -7.2     27655            42831           300       1.2     178.5  
S0764   -11.4    -13.1    56273            64800           300       0.5     245.2  
S0765   17.7     13.2     38691            55411           300       0.7     144.1  
S0766   3.2      -12.0    40524            52497           300       2.0     329.7  
S0767   5.2      -7.3     45181            56282           300       1.3     392.7  
S0768   -11.1    -8.0     41579            60378           300       2.4     280.9  
S0769   -14.0    -17.4    50071            64800           300       1.5     361.0  
S0770   10.4     -8.5     45300            56389           300       1.3     113.0  
S0771   -1.3     -7.7     23936            39591           300       2.6     368.2  
S0772   13.4     15.1     27835            45220           300       1.9     274.5  
S0773   -18.4    -10.7    49344            60208           300       2.7     312.7  
S0774   -13.1    -9.6     38974            60504           300       2.2     344.1  
S0775   4.6      -2.6     26848            46746           300       1.5     264.0  
S0776   8.3      8.8      37500            51543           300       3.0     344.2  
S0777   19.9     13.7     28791            38692           300       0.6     308.4  
S0778   3.0      11.8     44341            62590           300       1.8     317.3  
S0779   -1.6     -14.8    47504            57713           300       2.7     284.2  
S0780   7.7      -0.3     23932            42773           300       2.7     265.3  
S0781   14.8     -0.6     23543            32845           300       0.7     114.9  
S0782   -17.2    -9.1     22935            43077           300       1.0     253.1  
S0783   -15.0    -19.9    22819            32644           300       1.5     299.3  
S0784   9.4      -14.5    45016            53659           300       0.9     331.2  
S0785   -15.1    -0.4     22719            42853           300       0.7     186.5  
S0786   -18.7    -15.4    45845            57306           300       0.8     279.7  
S0787   7.2      -7.7     37201            45069           300       1.7     81.6   
S0788   15.0     -6.9     32482            42851           300       0.8     219.3  
S0789   -9.6     -1.2     37548            50398           300       2.3     113.1  
S0790   -17.9    8.6      26607            47267           300       1.3     375.6  
S0791   12.1     -18.8    42482            61341           300       2.9     339.4  
S0792   1.2      15.4     53981            63137           300       2.4     122.5  
S0793   -2.5     -4.4     27713            37673           300       1.5     269.6  
S0794   16.2     -2.4     44442            54181           300       1.4     83.1   
S0795   4.0      -9.3     42879            55778           300       0.9     221.4  
S0796   -7.9     6.5      21980            39015           300       2.5     228.3  
S0797   4.8      -12.2    38753            51956           300       1.3     114.6  
S0798   10.1     -19.2    26107            39421           300       2.9     63.2   
S0799   0.5      8.6      44470            55367           300       2.0     96.1   
S0800   -5.8     19.4     32296            44483           300       1.3     319.8  
S0801   15.7     -7.8     25745            37094           300       0.7     270.9  
S0802   -8.3     -15.1    40779            58889           300       2.0     378.7  
S0803   15.4     19.0     29140            45169           300       1.2     183.0  
S0804   8.3      -14.3    37273            56798           300       0.6     198.7  
S0805   13.1     -19.5    50681            64292           300       0.5     118.8  
S0806   -16.0    2.3      48786            64800           300       0.6     65.7   
S0807   14.3     17.8     56602            64800           300       1.0     77.0   
S0808   18.4     12.9     55225            64800           300       0.9     89.5   
S0809   14.8     -3.9     57057            64800           300       3.0     104.0  
S0810   -9.7     13.7     53102            64800           300       2.2     379.8  
S0811   3.9      7.1      51274            62557           300       0.9     265.3  
S0812   3.9      0.9      24230            36993           300       0.8     263.4  
S0813   11.1     -3.9     42357            56767           300       3.0     391.7  
S0814   -12.8    -5.8     22123            31953           300       0.9     83.5   
S0815   15.7     19.1     34409            55256           300       2.4     135.6  
S0816   -3.6     -8.9     21807            32841           300       1.7     141.7  
S0817   -16.9    1.0      41890            52529           300       1.6     356.0  
S0818   9.6      -6.6     41706            49673           300       1.8     228.1  
S0819   -10.1    -0.2     35068            44937           300       1.9     117.2  
S0820   4.3      18.6     48115            64800           300       0.5     126.4  
S0821   -6.2     -13.4    46617            59386           300       0.9     107.6  
S0822   15.0     -6.9     39868            54400           300       2.5     274.8  
S0823   -4.4     -12.4    47725            55461           300       2.5     177.6  
S0824   14.1     1.1      33319            45891           300       1.2     385.8  
S0825   14.2     1.9      49993            64800           300       1.7     203.4  
S0826   -5.2     2.9      24101            40283           300       1.1     92.6   
S0827   -13.5    15.0     23556            33401           300       0.8     327.3  
S0828   12.9     -10.3    45422            60060           300       2.6     222.8  
S0829   13.0     -18.8    54886            64800           300       2.1     382.0  
S0830   -19.6    15.9     23451            44120           300       0.6     172.5  
S0831   -11.5    -19.1    37776            57359           300       2.3     299.7  
S0832   14.8     -18.0    25504            37062           300       2.7     88.4   
S0833   -18.3    -17.0    56678            64800           300       2.7     391.0  
S0834   17.0     -2.9     34822            43922           300       1.2     352.5  
S0835   13.6     -16.2    50941            64800           300       2.2     187.9  
S0836   18.4     0.1      38149            52393           300       2.9     316.5  
S0837   -16.6    -18.8    54337            64800           300       1.6     110.3  
S0838   17.0     -7.9     28607            42242           300       1.9     103.9  
S0839   5.7      -2.0     39709            59641           300       1.0     168.1  
S0840   0.0      5.7      34968            53035           300       1.4     399.3  
S0841   12.1     14.8     26094            41102           300       1.2     79.6   
S0842   1.1      -12.6    27187            35354           300       1.0     299.0  
S0843   -9.2     -5.9     51970            64800           300       1.6     238.1  
S0844   -0.5     0.0      42951            59695           300       2.9     342.6  
S0845   17.9     -14.2    35146            46849           300       1.5     61.3   
S0846   4.2      18.2     25407            32874           300       2.9     142.9  
S0847   10.6     4.2      27743            43174           300       2.1     335.3  
S0848   -16.4    -4.3     50959            64800           300       2.9     97.4   
S0849   -18.8    7.2      51345            64800           300       2.2     258.3  
S0850   14.3     -1.4     51219            61309           300       2.0     230.4  
S0851   -2.3     -13.6    24236            41369           300       1.5     75.8   
S0852   -16.1    -2.9     27586            43785           300       2.7     340.9  
S0853   4.5      -18.0    56868            64308           300       1.9     315.0  
S0854   14.0     5.3      33712            52570           300       1.5     113.7  
S0855   -12.2    -2.8     57152            64800           300       0.5     230.9  
S0856   -0.1     18.4     34019            52943           300       1.4     345.5  
S0857   -10.3    -3.9     44772            62396           300       2.9     251.2  
S0858   17.1     -3.9     36876            57255           300       0.9     352.2  
S0859   -1.7     -18.9    53879            64800           300       1.5     218.9  
S0860   -16.0    9.5      41285            51954           300       2.7     264.3  
S0861   -17.0    -19.7    37011            54471           300       2.6     369.8  
S0862   -14.6    -3.4     26187            45792           300       1.4     399.8  
S0863   10.5     -1.2     23819            43796           300       1.4     246.4  
S0864   -4.3     5.0      33745            44481           300       0.8     382.2  
S0865   -14.4    11.3     33143            45600           300       0.6     190.3  
S0866   -9.8     -13.9    53093            64800           300       1.1     131.3  
S0867   19.8     7.0      23484            34080           300       2.7     80.8   
S0868   4.2      5.1      22815            36870           300       1.3     183.0  
S0869   14.8     -12.5    51224            64682           300       1.5     131.0  
S0870   -16.8    4.0      29284            38979           300       1.6     252.0  
S0871   19.5     -14.9    34826            56251           300       2.4     377.2  
S0872   5.4      15.9     48506            61509           300       1.1     114.8  
S0873   -14.2    -19.7    40190            53478           300       2.7     358.9  
S0874   -2.7     -17.0    46180            58840           300       1.5     90.2   
S0875   -17.9    -8.9     42615            53730           300       2.5     314.1  
S0876   5.5      -18.8    46558            54079           300       2.5     91.7   
S0877   5.3      -19.7    38966            49458           300       2.3     83.8   
S0878   8.4      -18.5    57235            64800           300       1.5     175.3  
S0879   -3.7     -17.5    34759            46800           300       2.1     216.6  
S0880   17.7     8.5      22554            40593           300       3.0     115.7  
S0881   6.6      18.4     41067            49186           300       2.6     301.8  
S0882   -2.5     -14.5    34512            48151           300       1.7     66.4   
S0883   -11.8    -1.8     38529            51964           300       1.4     364.4  
S0884   1.0      -7.5     54575            61846           300       1.1     366.9  
S0885   -10.8    -10.7    30703            41935           300       1.6     85.8   
S0886   17.8     3.6      52685            60627           300       0.9     362.9  
S0887   -15.9    1.7      43821            51480           300       1.7     288.2  
S0888   -4.2     -1.7     22065            36356           300       0.6     111.8  
S0889   15.1     19.0     46385            53639           300       1.8     333.1  
S0890   -11.4    -2.8     50511            64800           300       0.7     296.8  
S0891   11.9     -19.1    38294            59602           300       2.0     361.8  
S0892   -13.6    -18.4    27139            45098           300       2.7     158.4  
S0893   1.3      18.6     25030            39895           300       1.0     157.7  
S0894   19.1     7.5      36010            55573           300       1.3     182.2  
S0895   -19.3    15.4     29927            50868           300       2.0     238.5  
S0896   -2.3     -4.7     34173            48152           300       0.8     294.1  
S0897   -9.3     -6.5     24835            46120           300       1.3     111.7  
S0898   -6.9     13.0     43976            58390           300       2.1     228.2  
S0899   12.8     8.7      48368            64800           300       1.5     117.1  
S0900   -18.4    -1.8     52103            64800           300       0.8     182.9  
S0901   -18.8    9.4      37246            46205           300       1.1     82.2   
S0902   -1.2     -12.9    33953            43938           300       1.3     304.8  
S0903   14.0     -6.2     52447            61800           300       1.3     350.2  
S0904   -0.7     -14.3    36701            54087           300       2.4     62.0   
S0905   -10.5    15.8     42322            53495           300       1.9     240.0  
S0906   10.0     -15.4    37825            54637           300       2.1     188.6  
S0907   -4.4     -4.1     47977            64800           300       0.9     326.6  
S0908   -14.0    3.4      23210            40015           300       1.7     381.9  
S0909   14.9     -7.0     55001            64800           300       2.6     314.3  
S0910   10.1     17.2     52614            64800           300       1.8     63.4   
S0911   7.6      -17.4    27488            39799           300       3.0     323.3  
S0912   -13.6    -0.7     38383            57260           300       1.5     104.7  
S0913   -0.1     0.5      30705            50855           300       1.9     331.8  
S0914   -16.7    -9.7     38241            49975           300       0.7     294.1  
S0915   -17.5    -1.6     50075            62387           300       2.9     325.4  
S0916   -16.5    -16.4    46107            64800           300       0.7     137.1  
S0917   -17.2    -17.3    55673            64800           300       2.9     139.4  
S0918   -2.3     15.8     34450            53065           300       2.7     199.5  
S0919   4.9      18.5     25011            43970           300       1.5     208.7  
S0920   18.1     -5.5     48497            64800           300       0.6     159.4  
S0921   -16.6    -9.8     38930            52331           300       1.1     380.1  
S0922   9.1      0.1      43758            51647           300       0.9     153.6  
S0923   -2.7     -1.5     44738            61363           300       2.3     119.7  
S0924   -18.8    -8.5     30087            50757           300       0.8     77.6   
S0925   14.6     8.4      56673            64800           300       1.7     305.6  
S0926   -14.0    3.3      33051            48889           300       1.5     261.3  
S0927   19.6     4.9      31045            43056           300       1.8     67.3   
S0928   9.9      -18.6    43651            56519           300       2.6     273.2  
S0929   -13.0    -0.7     23369            41400           300       0.5     94.4   
S0930   14.9     0.4      44399            55537           300       1.8     218.5  
S0931   8.7      -13.6    35544            53246           300       2.2     163.2  
S0932   -4.0     18.1     37246            48277           300       0.5     399.9  
S0933   3.6      -15.2    31987            45295           300       2.0     292.9  
S0934   -11.0    -13.6    46134            57919           300       0.9     290.4  
S0935   -18.0    5.4      39230            47937           300       2.9     264.8  
S0936   -4.9     12.0     48930            60530           300       1.5     182.7  
S0937   -16.5    -7.6     52904            64800           300       1.3     64.8   
S0938   -8.3     12.3     37226            56022           300       0.7     116.1  
S0939   -8.3     0.1      55256            64800           300       1.4     131.0  
S0940   -5.2     13.2     51821            64800           300       1.5     158.8  
S0941   -0.9     -4.8     24563            38787           300       1.4     70.4   
S0942   7.7      5.7      38587            59720           300       2.5     82.0   
S0943   -12.8    16.3     21706            34201           300       1.2     198.5  
S0944   -3.9     1.9      26862            42561           300       0.7     265.8  
S0945   -15.7    -17.4    25281            34515           300       1.3     296.5  
S0946   -9.1     -15.2    54758            63004           300       2.3     239.1  
S0947   -4.5     -9.0     47899            64800           300       1.3     133.7  
S0948   0.5      18.8     25092            40136           300       1.6     326.0  
S0949   -11.1    -15.3    25794            46245           300       1.3     179.0  
S0950   12.9     14.2     25343            41756           300       2.3     232.2  
S0951   17.0     15.4     41651            62042           300       2.8     342.0  
S0952   3.6      -10.0    28644            37709           300       2.7     251.8  
S0953   -18.3    8.3      34470            48935           300       2.8     146.5  
S0954   -11.1    -1.1     31978            45260           300       2.3     353.1  
S0955   -4.9     -4.4     50428            58457           300       1.2     198.7  
S0956   -8.3     -7.8     55633            64800           300       0.8     197.6  
S0957   -7.3     -18.2    42243            55177           300       1.6     364.8  
S0958   18.9     -14.0    43387            57162           300       1.4     180.3  
S0959   -0.8     9.7      51651            64800           300       2.9     330.2  
S0960   13.2     -19.2    48547            59569           300       0.9     370.6  
S0961   6.1      -6.1     23339            37904           300       1.9     283.7  
S0962   11.1     -17.4    26683            41106           300       1.7     272.0  
S0963   -3.7     -16.5    52310            64800           300       1.4     235.9  
S0964   -12.8    -16.0    30818            39847           300       2.4     274.4  
S0965   -3.6     -16.8    41016            56546           300       2.3     228.2  
S0966   8.2      -17.0    48387            64800           300       1.0     88.8   
S0967   -2.7     17.9     44166            56006           300       1.2     244.4  
S0968   0.2      -2.5     28010            45385           300       1.9     252.6  
S0969   -7.4     -6.0     38754            48799           300       1.8     375.6  
S0970   -2.8     -6.4     44480            64800           300       0.8     386.6  
S0971   -8.0     -0.1     44036            63094           300       1.6     341.5  
S0972   2.6      -13.2    51078            64800           300       2.3     321.1  
S0973   -11.1    2.7      21892            37411           300       0.7     187.2  
S0974   -9.5     -2.3     53903            64800           300       1.9     189.0  
S0975   14.7     10.6     56421            64800           300       1.3     94.9   
S0976   0.7      -12.4    41687            52143           300       0.9     83.5   
S0977   5.7      4.6      53244            63206           300       2.6     300.2  
S0978   19.0     10.3     46176            60840           300       2.9     270.8  
S0979   16.6     -6.4     34719            55645           300       1.7     330.5  
S0980   11.0     -19.3    46380            56491           300       1.5     300.8  
S0981   11.8     -4.5     40490            59967           300       0.6     93.3   
S0982   15.6     1.2      51541            64800           300       1.5     63.7   
S0983   -14.5    5.3      43243            55484           300       1.2     285.6  
S0984   -0.4     -7.6     27208            37023           300       2.5     203.0  
S0985   14.2     -18.6    44046            59452           300       2.6     161.2  
S0986   -4.8     -15.0    51169            60943           300       2.4     327.8  
S0987   -0.5     8.1      28323            46019           300       2.4     277.6  
S0988   15.4     -8.6     47809            64382           300       1.0     69.2   
S0989   -17.2    -18.0    26635            41320           300       1.6     277.3  
S0990   6.8      -6.6     45355            61833           300       0.8     68.7   
S0991   16.4     -2.6     56707            64800           300       1.6     334.8  
S0992   13.9     -0.4     38013            50964           300       0.6     323.7  
S0993   -14.3    -8.6     33224            49455           300       0.6     78.6   
S0994   12.2     3.9      35242            45335           300       1.7     324.0  
S0995   3.2      -12.1    29321            41643           300       2.1     81.2   
S0996   -16.3    -14.2    53653            64800           300       1.5     98.0   
S0997   -16.4    -19.8    45451            54835           300       1.2     85.6   
S0998   10.5     -15.3    47528            64800           300       0.5     188.2  
S0999   -8.3     -14.8    27671            41270           300       1.3     209.4  
S1000   12.4     -8.4     55443            64800           300       1.5     336.6  
S1001   -6.8     -7.0     34846            43254           300       2.8     109.5  
S1002   15.1     5.6      38753            47404           300       2.4     297.7  
S1003   6.7      17.1     56205            64800           300       1.4     356.3  
S1004   14.3     2.6      48085            64800           300       2.3     337.1  
S1005   -6.8     11.8     57037            64800           300       2.4     260.0  
S1006   -8.8     7.6      49379            64800           300       2.7     103.2  
S1007   -14.3    -9.6     42865            57647           300       1.0     323.1  
S1008   -0.3     -10.8    47754            61687           300       1.2     203.4  
S1009   2.6      -5.2     43299            52098           300       3.0     395.3  
S1010   -0.3     1.8      51821            63576           300       1.9     317.1  
S1011   0.2      -18.8    41481            57167           300       2.7     395.3  
S1012   -15.7    1.4      42065            49471           300       2.8     360.3  
S1013   16.8     11.9     45137            61177           300       0.9     196.7  
S1014   -13.4    -14.6    27026            42781           300       1.9     141.5  
S1015   15.7     -9.4     27708            39722           300       2.3     180.2  
S1016   5.4      -19.2    42271            61308           300       1.4     377.3  
S1017   13.9     -12.6    53704            63559           300       1.4     315.1  
S1018   8.7      -6.1     48565            64800           300       2.0     198.4  
S1019   11.4     11.2     46039            54001           300       1.8     227.0  
S1020   -13.7    8.7      56567            64800           300       0.6     179.3  
S1021   12.6     5.4      34971            47352           300       0.8     112.1  
S1022   12.0     17.0     43947            58325           300       1.8     63.9   
S1023   -1.9     7.8      33988            49835           300       1.8     291.2  
S1024   6.7      0.5      24305            41201           300       2.8     77.3   
S1025   5.0      16.6     54272            64800           300       0.5     66.6   
S1026   2.8      -11.2    50910            64800           300       1.1     383.0  
S1027   10.7     0.0      43409            56767           300       1.5     239.3  
S1028   -12.6    -16.1    44310            63745           300       1.2     145.4  
S1029   -15.0    0.9      31502            52325           300       1.1     378.0  
S1030   -10.6    6.8      52870            64800           300       0.9     79.4   
S1031   -18.2    7.0      44177            57555           300       0.6     166.3  
S1032   -14.9    -17.8    46879            59409           300       2.3     282.3  
S1033   10.8     15.0     43454            61349           300       1.6     130.1  
S1034   9.6      6.4      32335            46712           300       1.7     361.4  
S1035   12.9     9.5      50675            64608           300       2.5     319.8  
S1036   -4.2     3.4      26395            35142           300       2.8     198.9  
S1037   -12.8    -13.7    46828            60242           300       0.7     175.0  
S1038   -11.2    16.0     31512            46401           300       2.3     170.4  
S1039   -18.5    -10.2    34638            56004           300       2.5     337.4  
S1040   6.5      -5.8     24455            39609           300       0.9     196.6  
S1041   6.0      18.2     50389            64800           300       2.2     110.1  
S1042   2.4      -17.4    36015            54127           300       2.8     216.1  
S1043   -14.2    -0.7     56919            64800           300       2.0     204.6  
S1044   -11.3    7.1      55125            64800           300       1.6     210.2  
S1045   -17.9    16.0     56887            64800           300       2.6     155.7  
S1046   -0.2     6.0      39288            50443           300       1.4     194.9  
S1047   -15.5    -2.1     54951            64800           300       1.1     342.0  
S1048   -17.0    -18.1    33608            52898           300       2.2     175.8  
S1049   -14.6    3.6      48981            64800           300       1.1     286.8  
S1050   9.8      1.8      52484            64800           300       1.9     97.0   
S1051   -18.7    -4.2     35192            48098           300       2.0     364.8  
S1052   -13.4    3.3      24788            33918           300       1.9     98.1   
S1053   4.4      -7.7     50322            64800           300       2.4     239.4  
S1054   18.4     9.8      40124            48336           300       1.8     170.8  
S1055   -5.3     -9.9     46501            60373           300       1.1     91.2   
S1056   -11.7    1.8      57536            64800           300       1.5     392.0  
S1057   9.2      -1.4     50644            64800           300       2.7     196.3  
S1058   10.5     -19.5    26518            46965           300       1.6     226.2  
S1059   -0.6     -8.8     30479            39272           300       2.5     397.3  
S1060   -11.7    -1.0     25348            32936           300       2.0     244.4  
S1061   -7.8     -5.9     45152            61943           300       3.0     204.4  
S1062   8.2      -18.1    31963            42172           300       2.6     236.7  
S1063   -14.4    7.9      23156            35386           300       2.3     233.5  
S1064   3.9      16.0     40237            59813           300       1.2     350.5  
S1065   -12.9    -5.7     44193            52204           300       1.4     197.0  
S1066   11.7     16.8     42889            58585           300       0.9     270.5  
S1067   -17.2    -8.0     50071            64800           300       1.1     372.1  
S1068   11.3     9.2      23638            39647           300       2.4     364.0  
S1069   -9.1     13.8     55587            64800           300       2.9     326.6  
S1070   -18.5    -17.0    25836            34874           300       2.7     216.8  
S1071   7.9      14.8     48637            63958           300       1.2     359.0  
S1072   -13.4    8.7      57070            64800           300       1.0     262.3  
S1073   -10.9    13.4     28241            44208           300       1.2     165.7  
S1074   7.6      -11.6    50053            64492           300       1.8     155.0  
S1075   -10.7    7.1      35211            43887           300       1.1     178.8  
S1076   11.7     -7.0     29143            47102           300       0.8     327.2  
S1077   -0.8     14.2     48221            59020           300       0.7     104.2  
S1078   18.1     9.5      23813            31957           300       1.1     210.3  
S1079   -17.3    2.6      43115            52587           300       2.9     282.7  
S1080   -2.6     -4.5     23811            36658           300       2.5     110.9  
S1081   -2.8     7.5      45462            63077           300       2.5     55.9   
S1082   -4.7     -7.6     43344            52217           300       1.3     278.8  
S1083   2.1      13.7     40134            55478           300       0.5     50.3   
S1084   -11.0    11.4     32438            44769           300       0.7     215.2  
S1085   18.2     -11.2    22929            39336           300       1.8     191.6  
S1086   8.9      -15.2    42205            54232           300       1.9     209.3  
S1087   4.7      9.8      34760            52156           300       2.7     275.5  
S1088   -19.6    -14.1    24168            34840           300       0.8     391.0  
S1089   -15.4    -7.2     42114            59581           300       0.6     136.9  
S1090   4.8      -9.4     31282            50861           300       1.9     232.6  
S1091   5.1      -8.0     49793            63811           300       3.0     280.0  
S1092   -11.2    -7.8     23681            40289           300       0.9     132.8  
S1093   -5.4     -3.7     47521            64800           300       2.6     158.6  
S1094   0.5      1.2      24905            38606           300       2.6     336.9  
S1095   -10.8    -12.6    53888            62990           300       2.9     55.6   
S1096   -8.6     10.2     39933            56674           300       1.0     183.3  
S1097   17.8     -1.0     54632            64800           300       2.7     222.3  
S1098   -19.4    -7.5     45327            64560           300       1.2     104.3  
S1099   1.0      7.7      27736            45530           300       1.1     336.5  
S1100   10.0     19.0     44680            55995           300       0.6     384.3  
S1101   -2.0     -8.2     32625            50370           300       2.7     172.7  
S1102   -11.2    -9.0     36833            56161           300       2.8     239.2  
S1103   -15.2    15.0     41372            61986           300       0.6     286.5  
S1104   6.4      11.0     37184            50826           300       2.5     218.3  
S1105   7.4      -19.3    26233            44579           300       2.9     79.2   
S1106   11.1     1.4      27567            37230           300       2.6     147.0  
S1107   -17.4    11.3     26180            35836           300       1.6     116.4  
S1108   -10.5    -11.6    36119            43400           300       3.0     259.1  
S1109   -15.5    6.4      25057            34053           300       3.0     94.9   
S1110   18.1     14.3     55611            64800           300       0.8     94.3   
S1111   6.0      -16.8    51624            60636           300       1.4     267.6  
S1112   8.3      11.3     37136            53580           300       0.8     118.1  
S1113   -16.1    6.5      48138            64800           300       1.7     153.1  
S1114   4.7      -6.4     34040            42835           300       0.8     269.9  
S1115   -7.2     -6.0     28065            43695           300       0.8     214.4  
S1116   8.8      13.0     29055            41029           300       2.4     61.4   
S1117   -14.1    -1.7     34806            48391           300       2.9     62.8   
S1118   13.1     2.2      38893            46126           300       1.3     198.1  
S1119   9.1      -13.8    41260            53950           300       3.0     287.8  
S1120   -16.6    17.9     51947            63074           300       2.9     93.1   
S1121   -16.6    13.8     31339            51739           300       2.3     76.1   
S1122   6.2      18.0     29618            49930           300       2.6     203.1  
S1123   -16.0    -9.3     27049            42163           300       1.4     277.3  
S1124   -1.6     -5.4     52076            64364           300       0.8     253.6  
S1125   15.8     -14.5    47377            64800           300       2.3     75.0   
S1126   19.9     4.5      22255            32637           300       2.2     366.1  
S1127   3.8      -0.6     50549            64800           300       1.9     54.5   
S1128   -15.9    13.4     47183            64680           300       2.4     309.4  
S1129   -0.2     -13.9    24401            34146           300       2.5     215.0  
S1130   -4.9     -14.4    48353            55964           300       1.8     220.2  
S1131   -6.4     -11.8    48597            64800           300       1.1     194.0  
S1132   -16.3    3.5      56015            64800           300       1.3     72.5   
S1133   -5.7     4.6      33365            54896           300       2.6     377.5  
S1134   -15.2    -1.9     40406            52918           300       1.9     134.0  
S1135   -14.8    -14.3    21613            38986           300       2.5     94.3   
S1136   -9.1     -4.7     24604            41401           300       1.8     327.9  
S1137   -11.4    -19.9    28108            45213           300       2.3     54.8   
S1138   17.9     14.7     34925            48534           300       1.3     295.4  
S1139   4.9      8.7      31010            41118           300       2.0     215.2  
S1140   6.2      -8.7     26485            37796           300       2.5     164.1  
S1141   0.4      4.8      25189            33886           300       2.1     339.5  
S1142   5.6      6.6      53881            64800           300       2.1     123.2  
S1143   17.7     -14.0    49374            58298           300       1.1     160.0  
S1144   -9.8     -5.3     50799            64800           300       1.8     55.5   
S1145   -1.1     -1.3     25329            37474           300       2.7     248.9  
S1146   -3.4     4.4      55837            64800           300       1.7     204.2  
S1147   -9.5     8.5      26057            38571           300       1.8     379.0  
S1148   -14.2    10.3     38189            46283           300       0.7     219.8  
S1149   14.3     2.5      24675            33430           300       0.8     244.8  
S1150   5.0      8.4      53550            64800           300       1.8     127.5  
S1151   15.4     -1.1     43986            53053           300       2.0     316.8  
S1152   19.2     14.2     50567            60966           300       1.9     234.8  
S1153   -1.5     -1.5     54736            64800           300       2.6     204.7  
S1154   5.1      -1.3     32406            51181           300       1.2     369.0  
S1155   8.0      1.3      48837            64800           300       1.6     60.0   
S1156   -1.5     7.4      34278            52041           300       1.5     186.4  
S1157   -0.4     -14.8    22673            32651           300       0.5     361.7  
S1158   -19.5    0.8      26925            44299           300       1.3     63.0   
S1159   12.3     -18.4    45972            63928           300       0.6     318.3  
S1160   17.4     -3.2     43459            54008           300       1.5     237.7  
S1161   8.4      7.0      46685            60816           300       1.6     313.0  
S1162   15.2     -3.9     37343            49758           300       1.6     184.2  
S1163   -14.9    -15.5    40240            59490           300       1.1     296.0  
S1164   13.5     -12.2    39213            60311           300       2.5     56.4   
S1165   -13.6    -10.7    36785            48654           300       0.8     141.7  
S1166   0.4      0.5      56555            64800           300       0.6     212.5  
S1167   4.7      0.1      35695            56431           300       0.7     318.1  
S1168   12.6     -15.1    24545            39681           300       1.9     115.0  
S1169   12.1     18.2     46667            61440           300       0.7     163.0  
S1170   5.9      -13.2    48063            64800           300       2.3     95.6   
S1171   2.7      -19.9    41925            59411           300       2.1     82.2   
S1172   -16.3    -6.4     47922            64800           300       1.6     336.0  
S1173   -13.8    -17.4    56104            64800           300       1.3     135.4  
S1174   0.5      6.0      42303            49608           300       2.5     81.0   
S1175   19.5     0.1      34189            41827           300       1.5     104.2  
S1176   -16.6    2.9      22240            34524           300       1.2     290.4  
S1177   -3.5     -17.6    32683            49860           300       2.0     278.2  
S1178   15.4     11.6     51869            64800           300       0.6     146.3  
S1179   14.4     -12.0    31231            50763           300       2.7     312.1  
S1180   -3.5     -6.0     25954            40883           300       2.7     123.3  
S1181   19.6     -6.8     55798            64800           300       1.7     201.6  
S1182   10.8     3.1      28799            40483           300       0.7     168.1  
S1183   -8.1     5.0      42712            59511           300       2.4     76.1   
S1184   -14.8    1.4      25022            39684           300       2.3     78.4   
S1185   8.7      18.1     32976            53648           300       2.9     289.1  
S1186   10.5     4.5      48926            62261           300       1.2     387.0  
S1187   -9.1     -17.9    39543            56237           300       2.8     82.4   
S1188   -3.4     -8.3     45389            52599           300       0.7     317.7  
S1189   -13.7    18.2     23935            38779           300       2.3     271.7  
S1190   7.1      19.1     44867            60885           300       1.9     200.5  
S1191   6.0      -5.0     39388            58768           300       3.0     277.4  
S1192   -18.2    15.4     24506            38355           300       2.6     138.0  
S1193   5.0      -17.8    32621            53654           300       2.6     201.9  
S1194   13.7     -6.0     21769            42198           300       1.8     237.5  
S1195   7.2      8.1      35944            45724           300       2.9     263.6  
S1196   6.7      -17.1    23969            44696           300       1.1     320.3  
S1197   0.4      12.9     51653            64800           300       2.4     220.1  
S1198   -3.5     6.2      42848            57225           300       0.8     54.2   
S1199   -19.5    11.4     32930            44975           300       2.2     178.2  
S1200   -10.6    16.6     22897            43748           300       2.4     66.9   
S1201   -0.5     -13.4    53012            63690           300       2.1     306.1  
S1202   -19.9    5.3      30822            46232           300       2.3     273.9  
S1203   0.4      13.4     49838            64800           300       1.3     279.3  
S1204   -18.7    15.6     25548            37585           300       1.8     118.3  
S1205   19.5     -6.6     39946            59791           300       1.7     380.4  
S1206   -7.6     -19.1    29997            42826           300       2.5     234.4  
S1207   13.9     1.2      47189            64800           300       0.7     245.3  
S1208   -5.0     -8.5     28356            39028           300       1.6     274.1  
S1209   -15.5    16.8     24568            35742           300       2.4     254.2  
S1210   7.3      16.4     25561            46819           300       2.2     203.1  
S1211   18.0     7.5      33953            45198           300       1.3     372.3  
S1212   -3.7     1.4      50941            62013           300       1.7     139.8  
S1213   10.1     13.8     47793            63075           300       1.5     130.4  
S1214   -13.5    18.0     51808            63010           300       2.1     268.5  
S1215   12.2     6.7      29632            41485           300       1.4     120.7  
S1216   -3.0     -15.4    44559            62171           300       2.0     208.4  
S1217   -7.0     -18.7    42635            53030           300       0.5     381.2  
S1218   -10.5    12.5     26890            34627           300       1.0     172.3  
S1219   -16.8    4.0      49982            60184           300       2.9     373.0  
S1220   10.9     -11.7    50115            60728           300       0.5     98.0   
S1221   18.6     -9.2     41276            54699           300       0.6     110.7  
S1222   -5.0     -11.6    57489            64800           300       1.0     104.9  
S1223   -8.5     -6.1     33420            47761           300       0.8     218.8  
S1224   8.7      18.9     39378            60790           300       2.1     158.3  
S1225   -5.6     7.1      45087            64499           300       1.2     372.4  
S1226   -2.8     -8.8     33664            48389           300       1.5     51.9   
S1227   16.3     1.9      37342            54746           300       0.7     75.0   
S1228   4.5      9.2      43595            60443           300       1.4     234.1  
S1229   10.6     -2.0     47791            64800           300       2.5     77.2   
S1230   -13.8    17.5     42805            62023           300       2.7     247.7  
S1231   -19.1    -15.4    47334            64800           300       2.2     340.3  
S1232   -7.0     13.5     54059            64800           300       1.4     274.0  
S1233   13.8     9.3      28360            49339           300       1.6     272.4  
S1234   -3.5     -18.4    28896            48305           300       2.0     164.6  
S1235   1.1      -3.1     29499            46680           300       1.9     108.2  
S1236   -15.0    -8.8     37381            44642           300       1.0     54.5   
S1237   -12.8    19.7     21867            42983           300       2.0     225.1  
S1238   -14.7    13.6     23523            43241           300       0.9     295.7  
S1239   16.0     6.7      46070            57847           300       0.5     187.2  
S1240   -10.4    -10.3    23289            31316           300       1.9     353.3  
S1241   -13.6    12.1     43192            61232           300       1.7     168.4  
S1242   7.3      -8.6     46898            64468           300       2.6     371.9  
S1243   12.8     -17.6    42897            52726           300       2.1     188.9  
S1244   11.2     -16.4    45406            54184           300       2.9     245.3  
S1245   -19.7    10.4     36531            47105           300       2.1     260.9  
S1246   -14.4    -15.7    30834            43184           300       0.5     189.5  
S1247   9.0      -12.3    46536            63582           300       2.9     101.3  
S1248   -17.9    -13.9    33498            53740           300       2.5     165.6  
S1249   -4.0     -13.0    40161            52387           300       2.0     215.7  
S1250   15.4     4.5      39963            47800           300       1.3     119.1  
S1251   -2.2     -11.4    22714            30870           300       2.0     112.0  
S1252   -14.8    8.0      40966            50857           300       2.5     236.0  
S1253   17.6     -13.2    40553            59355           300       2.9     383.7  
S1254   -19.0    -11.4    54167            64800           300       1.2     161.9  
S1255   7.5      5.1      22118            30432           300       0.7     86.7   
S1256   -14.0    -6.8     51341            60292           300       2.9     181.2  
S1257   -8.0     -13.4    41397            54089           300       2.9     314.0  
S1258   -2.1     2.7      34755            48329           300       1.2     372.2  
S1259   -18.1    -19.6    34576            41851           300       0.8     190.4  
S1260   18.6     7.8      27787            36127           300       0.7     69.8   
S1261   -2.2     19.6     44848            64800           300       1.1     379.4  
S1262   7.8      -15.9    24842            35123           300       1.1     369.1  
S1263   4.4      -1.1     36027            48865           300       1.9     163.5  
S1264   7.4      -10.6    38736            49495           300       1.8     207.4  
S1265   9.9      0.5      55816            64800           300       2.5     227.1  
S1266   -4.1     -5.0     25295            39248           300       1.6     73.8   
S1267   16.7     2.8      47214            60873           300       0.7     381.6  
S1268   -12.6    -17.4    50587            64800           300       1.0     276.8  
S1269   -13.6    -7.7     25515            35135           300       2.7     112.0  
S1270   13.2     -3.3     22722            38183           300       2.8     222.6  
S1271   -5.4     -19.9    22705            36068           300       2.3     287.1  
S1272   10.2     7.6      52321            64800           300       1.4     169.8  
S1273   13.8     9.4      35819            53913           300       2.4     329.0  
S1274   15.2     7.3      48774            64800           300       1.2     127.0  
S1275   0.8      14.5     53710            63521           300       1.2     230.8  
S1276   -19.8    2.8      40901            59093           300       2.9     184.0  
S1277   14.7     13.6     56828            64800           300       1.4     241.3  
S1278   16.9     11.1     34323            45322           300       1.2     326.2  
S1279   19.0     -19.5    29970            44971           300       1.0     256.7  
S1280   2.9      14.2     44607            60663           300       2.1     367.6  
S1281   2.9      6.4      33458            40713           300       1.1     95.5   
S1282   -12.5    -4.1     30320            38226           300       0.7     358.5  
S1283   5.8      16.8     53675            64648           300       2.5     96.8   
S1284   -6.9     10.7     36440            55021           300       0.9     81.5   
S1285   -10.4    11.1     29957            37163           300       0.6     327.8  
S1286   2.6      -9.1     46486            57513           300       1.5     210.8  
S1287   -8.8     -2.5     54953            64800           300       3.0     122.1  
S1288   4.3      -8.9     28266            38236           300       1.7     367.0  
S1289   1.2      0.8      32910            47318           300       2.7     297.3  
S1290   -5.1     18.9     42513            53569           300       2.5     195.5  
S1291   -15.6    -18.9    43135            56992           300       2.7     364.1  
S1292   -1.9     3.8      26529            41861           300       2.0     155.6  
S1293   18.2     11.6     36681            46695           300       2.7     325.7  
S1294   -12.6    6.4      26944            41357           300       0.8     197.3  
S1295   -11.0    -0.3     41377            58900           300       1.8     286.0  
S1296   17.1     -18.1    28062            47975           300       2.5     333.8  
S1297   -5.8     -7.9     41299            60854           300       1.1     240.9  
S1298   8.2      7.1      41170            55477           300       1.4     231.5  
S1299   -11.4    0.3      37925            55820           300       1.7     332.4  
S1300   -3.0     5.3      22768            33465           300       0.9     382.2  
S1301   16.2     18.8     51210            64800           300       1.0     352.9  
S1302   5.3      17.8     26888            38434           300       1.7     56.2   
S1303   -15.4    -14.2    49540            64800           300       2.5     238.4  
S1304   -11.3    -8.7     54651            64800           300       2.9     297.1  
S1305   9.0      -8.7     27474            48570           300       1.7     386.2  
S1306   2.2      9.4      42391            59286           300       2.4     192.9  
S1307   -2.4     -12.9    44952            58480           300       0.9     312.7  
S1308   7.1      -0.3     28339            41765           300       1.5     66.0   
S1309   1.1      9.8      25932            46956           300       0.8     363.2  
S1310   -7.9     -6.9     45285            60275           300       2.6     167.5  
S1311   -3.7     -16.4    40477            55700           300       1.2     193.1  
S1312   -9.5     1.7      33503            46780           300       0.6     268.4  
S1313   -16.4    16.6     26622            45685           300       0.8     113.2  
S1314   -0.4     -4.7     24232            37329           300       1.6     104.2  
S1315   -18.3    7.0      41553            50190           300       1.0     395.2  
S1316   12.9     16.1     31288            49378           300       0.8     344.5  
S1317   1.4      -16.3    41648            54171           300       2.7     383.1  
S1318   9.1      8.3      34572            52330           300       2.0     125.6  
S1319   15.5     1.8      27381            43456           300       2.7     188.4  
S1320   12.5     13.9     27465            38845           300       2.0     383.7  
S1321   1.1      -0.2     48490            64800           300       1.1     92.9   
S1322   5.7      -13.0    42060            54961           300       0.6     338.8  
S1323   2.9      -14.8    45132            52809           300       2.9     294.4  
S1324   7.2      -2.1     40910            56621           300       1.0     117.5  
S1325   2.2      3.3      51001            61269           300       2.1     315.0  
S1326   11.7     -12.0    48021            61491           300       2.4     317.9  
S1327   -8.5     0.4      45817            56420           300       0.8     398.6  
S1328   -14.7    -4.0     32406            52016           300       2.8     318.1  
S1329   -5.8     -8.4     29256            38047           300       2.8     256.3  
S1330   5.9      -14.3    33096            51615           300       0.7     180.5  
S1331   -1.7     18.9     39458            49092           300       0.7     210.7  
S1332   17.7     -17.0    41091            61023           300       1.0     95.7   
S1333   -2.0     -17.2    31497            48046           300       2.0     143.4  
S1334   -19.3    -4.8     36439            57883           300       1.0     195.8  
S1335   8.6      -6.7     55729            64800           300       2.1     190.9  
S1336   7.3      -10.2    22759            37969           300       1.3     114.9  
S1337   -2.9     -18.0    50923            64800           300       2.7     195.1  
S1338   7.5      4.9      50724            64800           300       1.4     205.5  
S1339   -14.4    11.9     35183            54467           300       2.9     288.2  
S1340   -17.0    11.0     32742            44405           300       2.4     352.8  
S1341   -5.7     -17.4    37571            47449           300       1.1     71.9   
S1342   3.4      -11.2    41510            52232           300       2.5     343.0  
S1343   -2.4     8.6      43689            57017           300       2.1     200.9  
S1344   7.5      -5.4     41496            52986           300       1.3     103.8  
S1345   -11.4    -17.4    52293            64800           300       2.8     162.1  
S1346   -1.0     13.6     49861            63638           300       2.0     234.9  
S1347   -1.0     3.3      27245            37768           300       2.0     185.2  
S1348   -8.1     -16.9    36518            47530           300       2.8     302.5  
S1349   7.1      -15.9    24170            32970           300       1.3     201.3  
S1350   -18.7    16.1     51515            64800           300       0.8     134.1  
S1351   15.5     0.0      39723            48594           300       1.9     236.0  
S1352   3.4      -18.1    52618            64800           300       0.6     125.6  
S1353   -16.4    -10.8    38409            48216           300       2.2     228.3  
S1354   -12.4    2.9      23795            32117           300       2.0     94.1   
S1355   -6.1     8.4      57365            64800           300       2.4     360.6  
S1356   11.7     -10.5    46384            58838           300       2.0     308.3  
S1357   2.5      5.6      30879            49074           300       0.5     151.7  
S1358   10.5     19.2     42763            56457           300       0.8     363.3  
S1359   16.6     14.7     46625            53902           300       1.0     255.0  
S1360   2.4      -1.7     57433            64800           300       2.5     113.4  
S1361   -0.9     9.9      36361            55695           300       0.6     141.3  
S1362   8.2      -0.5     48435            58223           300       2.4     353.5  
S1363   7.8      2.0      33668            45488           300       2.2     117.2  
S1364   -1.1     -7.8     45044            54583           300       2.8     371.1  
S1365   7.4      -7.1     53254            64800           300       2.1     165.2  
S1366   14.2     3.8      54317            64800           300       2.1     361.7  
S1367   8.5      11.9     33943            48720           300       1.7     208.0  
S1368   8.7      10.4     50309            64800           300       1.9     321.2  
S1369   8.6      -2.9     48856            63364           300       3.0     66.8   
S1370   4.4      19.0     55501            62928           300       2.4     310.8  
S1371   -3.1     3.7      25427            38713           300       2.0     131.0  
S1372   17.8     -3.3     28896            42408           300       1.4     180.1  
S1373   -10.1    4.3      36321            57334           300       1.9     66.4   
S1374   11.4     8.5      45880            64800           300       2.4     207.8  
S1375   15.8     17.0     49046            57498           300       0.6     209.1  
S1376   1.8      -9.2     23468            38739           300       1.4     275.9  
S1377   12.8     10.2     41736            52199           300       0.6     382.8  
S1378   15.4     3.3      34662            55265           300       2.7     365.4  
S1379   15.7     -6.0     30109            40053           300       1.5     133.4  
S1380   1.1      19.7     49250            64546           300       2.5     345.6  
S1381   3.7      -15.5    22611            31929           300       0.9     241.4  
S1382   -18.5    2.4      41282            58023           300       2.6     174.3  
S1383   5.5      -15.0    26249            36207           300       2.1     152.7  
S1384   9.9      -3.6     45965            59357           300       1.8     169.0  
S1385   0.8      -15.0    57516            64800           300       0.7     182.3  
S1386   -10.8    -6.8     44070            56400           300       1.3     270.4  
S1387   18.3     1.3      42428            52070           300       1.3     348.0  
S1388   -3.7     8.5      32713            53986           300       1.5     174.1  
S1389   13.4     -12.6    21981            35519           300       2.4     138.2  
S1390   9.6      9.7      35873            56876           300       2.5     141.7  
S1391   16.5     -1.3     24571            38164           300       3.0     70.2   
S1392   4.5      0.1      45670            59281           300       2.8     88.4   
S1393   -11.0    18.4     23637            43240           300       1.9     180.3  
S1394   -4.9     2.1      32083            45510           300       0.6     236.7  
S1395   9.9      -10.0    43563            60879           300       0.6     325.5  
S1396   -5.7     -2.5     31747            40161           300       0.7     379.9  
S1397   -5.4     1.3      43779            53308           300       1.5     375.4  
S1398   11.2     10.1     42668            59237           300       2.5     395.6  
S1399   -12.7    -4.6     52086            64800           300       1.6     162.0  
S1400   -2.7     5.7      42037            52682           300       0.8     281.2  
S1401   11.7     4.4      52152            60524           300       2.0     55.8   
S1402   17.0     -17.8    30738            47213           300       2.4     50.7   
S1403   6.3      -12.9    51493            64800           300       2.7     103.7  
S1404   2.8      -2.8     33568            52253           300       0.6     318.0  
S1405   -12.2    17.3     34887            51460           300       0.8     285.2  
S1406   -17.2    12.1     54650            64800           300       1.8     64.3   
S1407   -15.7    -12.7    39652            48406           300       2.4     227.5  
S1408   9.4      -11.6    25946            39205           300       0.7     123.8  
S1409   -8.5     -11.2    52550            64800           300       2.6     298.3  
S1410   -0.0     7.6      41356            50451           300       0.6     204.1  
S1411   -10.2    19.9     44899            57911           300       1.4     310.2  
S1412   -0.4     3.1      49836            58029           300       1.3     58.0   
S1413   -2.2     -5.4     52491            64800           300       1.0     302.9  
S1414   14.4     -11.5    26497            45347           300       2.0     388.2  
S1415   -14.7    -9.9     45777            59449           300       2.8     53.2   
S1416   -9.2     10.1     53874            64800           300       2.2     214.9  
S1417   -17.5    19.1     43665            58681           300       2.0     166.7  
S1418   -8.3     6.3      29349            46048           300       2.6     373.5  
S1419   -19.6    1.2      53536            64800           300       0.5     360.1  
S1420   11.7     -1.9     47864            64800           300       2.9     208.4  
S1421   -1.2     -17.4    22834            36827           300       0.5     155.2  
S1422   -6.8     11.8     36983            50268           300       2.8     152.1  
S1423   19.8     2.9      35110            45751           300       1.8     306.0  
S1424   -19.0    -8.9     27452            43559           300       2.5     192.3  
S1425   14.9     -2.5     28205            47753           300       1.5     253.3  
S1426   -8.8     -13.7    46950            56706           300       1.4     122.1  
S1427   -10.7    -6.5     28983            49378           300       2.3     290.9  
S1428   12.3     -3.8     48177            64800           300       1.5     186.8  
S1429   -3.9     -6.9     56959            64800           300       1.4     333.8  
S1430   12.9     18.1     28531            46839           300       2.4     97.7   
S1431   1.1      -3.5     33934            44690           300       0.8     66.5   
S1432   10.0     -11.1    43831            51237           300       2.3     364.4  
S1433   14.5     13.8     49771            64800           300       1.0     385.8  
S1434   6.7      -13.2    30003            47008           300       1.3     136.8  
S1435   -5.7     11.7     46499            60658           300       1.9     313.1  
S1436   -17.7    -18.6    49221            64800           300       0.8     268.9  
S1437   -14.4    -14.4    56884            64800           300       1.5     80.5   
S1438   -2.4     -2.5     22636            40830           300       1.5     321.8  
S1439   -8.2     -7.4     46932            64526           300       1.0     176.0  
S1440   8.1      4.7      32450            51249           300       0.8     282.7  
S1441   4.4      4.0      36574            50583           300       1.9     136.6  
S1442   -5.7     -0.1     27157            39786           300       2.0     298.8  
S1443   5.0      12.6     52189            64587           300       2.4     292.5  
S1444   9.6      9.5      25189            37834           300       2.7     238.1  
S1445   -18.9    14.9     22099            31351           300       1.0     246.9  
S1446   16.7     19.9     53592            64800           300       0.6     303.3  
S1447   17.5     8.6      51041            64800           300       2.9     305.4  
S1448   6.2      -11.6    56505            64800           300       1.4     70.0   
S1449   3.5      -5.7     43770            59134           300       2.3     195.5  
S1450   0.7      -5.0     46001            58695           300       2.2     73.6   
S1451   15.3     11.8     45569            58098           300       2.5     68.3   
S1452   -8.3     -13.1    26717            39582           300       1.1     143.7  
S1453   11.3     5.6      45535            64800           300       1.6     229.5  
S1454   17.1     -6.7     31533            47707           300       1.9     88.3   
S1455   -9.1     14.2     38850            53556           300       0.9     144.6  
S1456   -6.0     3.3      21725            33880           300       2.7     257.7  
S1457   9.2      -6.2     53359            64800           300       1.9     151.4  
S1458   -0.2     -11.6    52653            64800           300       1.6     146.4  
S1459   12.3     -2.9     37193            55082           300       1.8     197.2  
S1460   -5.1     13.3     31708            39882           300       2.4     363.2  
S1461   -4.1     -14.7    26586            35689           300       2.5     317.4  
S1462   -8.5     -15.6    31394            50278           300       2.1     202.3  
S1463   0.5      11.6     40319            54916           300       0.9     146.9  
S1464   16.9     0.5      54796            64800           300       2.3     169.2  
S1465   17.8     17.1     41553            49604           300       1.7     213.1  
S1466   8.4      -6.5     56369            64800           300       2.2     111.7  
S1467   -19.9    -1.6     32431            52500           300       1.9     354.4  
S1468   16.1     -16.6    57233            64800           300       1.5     352.6  
S1469   -17.1    16.3     25351            34700           300       2.1     229.9  
S1470   7.7      18.0     50382            64800           300       1.8     393.5  
S1471   -14.2    6.7      49252            59169           300       1.7     151.7  
S1472   -19.2    -15.4    26691            34293           300       2.1     229.7  
S1473   10.8     0.4      51186            61099           300       2.6     140.6  
S1474   -10.7    13.0     25218            40454           300       1.8     69.4   
S1475   5.9      2.7      32781            40404           300       1.9     54.4   
S1476   -19.6    -6.1     33131            47991           300       0.8     105.7  
S1477   -2.9     0.6      55849            64800           300       1.8     104.5  
S1478   17.3     5.9      42407            59346           300       1.3     201.3  
S1479   -6.3     3.6      52763            64800           300       2.3     243.8  
S1480   3.7      0.7      53443            64800           300       0.7     364.6  
S1481   0.9      -10.5    45701            59865           300       2.8     292.0  
S1482   -12.9    7.5      27688            35906           300       1.8     60.1   
S1483   7.1      14.8     23615            37998           300       1.4     149.0  
S1484   19.9     -8.6     31384            51343           300       1.1     380.6  
S1485   0.4      18.9     44898            60421           300       2.4     138.9  
S1486   10.8     -19.5    55043            64800           300       0.8     229.2  
S1487   19.3     8.3      25039            34734           300       2.0     248.8  
S1488   5.4      -15.7    45640            63106           300       1.5     389.9  
S1489   4.6      -12.1    39900            49024           300       2.3     330.8  
S1490   -13.4    -17.6    34409            44011           300       1.1     117.7  
S1491   8.1      12.1     56735            64800           300       1.7     140.7  
S1492   7.4      -13.7    47462            64800           300       1.0     288.3  
S1493   -4.2     -4.6     34004            49824           300       1.2     72.6   
S1494   15.6     -15.9    28602            45077           300       1.5     290.3  
S1495   2.7      -4.8     45001            61539           300       1.1     297.3  
S1496   -7.8     4.2      49746            58329           300       2.4     334.2  
S1497   17.1     19.2     46282            62003           300       2.3     326.3  
S1498   -2.8     -11.4    24202            34888           300       2.0     297.0  
S1499   -15.3    -5.2     49895            64800           300       1.3     91.7   
S1500   11.4     10.1     37315            56387           300       2.0     379.4  
S1501   -5.8     10.8     34306            47016           300       1.5     134.9  
S1502   3.8      11.2     24705            32070           300       2.0     131.0  
S1503   7.4      2.3      29110            42513           300       2.0     82.8   
S1504   -11.4    -0.5     49152            62709           300       2.0     118.0  
S1505   -5.1     13.9     56321            64800           300       1.3     315.3  
S1506   -6.0     -1.7     54740            64800           300       1.0     128.3  
S1507   -16.5    18.3     22066            41008           300       0.6     244.8  
S1508   -16.4    0.1      38848            58328           300       1.1     196.6  
S1509   16.8     -3.7     51855            64800           300       2.4     272.3  
S1510   -12.0    11.2     26222            44838           300       2.2     124.7  
S1511   12.0     7.1      49438            63771           300       2.8     121.2  
S1512   14.4     1.6      46350            62768           300       2.5     208.1  
S1513   -18.3    15.1     42868            54316           300       0.7     82.6   
S1514   -0.9     -10.4    39340            49108           300       2.1     183.7  
S1515   -3.2     -9.7     54651            64800           300       2.7     309.0  
S1516   7.3      8.3      28553            38945           300       1.5     354.0  
S1517   -8.2     -11.4    22044            36208           300       1.5     155.5  
S1518   -9.3     11.1     47930            64800           300       1.1     117.0  
S1519   -1.3     11.1     50093            63843           300       2.8     360.7  
S1520   -3.6     1.3      23293            44614           300       2.7     395.3  
S1521   4.8      12.0     39445            48696           300       2.7     304.1  
S1522   -6.3     -15.8    28952            39895           300       2.7     130.1  
S1523   -1.1     -19.6    53147            64626           300       0.5     101.9  
S1524   -1.5     -19.8    38317            51706           300       3.0     387.4  
S1525   17.6     -19.6    43949            64800           300       1.9     104.7  
S1526   -15.2    -13.8    32729            41856           300       1.7     289.3  
S1527   -7.1     4.4      26861            37133           300       1.4     326.2  
S1528   -5.2     -6.9     27915            43794           300       2.0     238.0  
S1529   15.1     -2.7     41719            56828           300       2.5     335.1  
S1530   4.5      -9.6     55296            64800           300       3.0     329.9  
S1531   3.7      1.3      28333            45602           300       2.2     177.0  
S1532   4.5      -1.2     40668            58751           300       0.7     160.2  
S1533   -6.9     6.7      28132            41364           300       2.0     357.9  
S1534   -6.7     -4.0     42499            53487           300       2.2     296.4  
S1535   -4.4     17.0     44872            63548           300       2.1     171.2  
S1536   14.4     15.7     50102            64800           300       0.9     248.1  
S1537   -0.3     15.0     24651            45834           300       1.6     262.8  
S1538   -5.4     14.8     55178            64800           300       2.1     138.8  
S1539   11.1     -6.9     31789            44449           300       1.8     103.0  
S1540   16.8     -19.6    57058            64800           300       2.8     94.5   
S1541   -14.8    -0.9     34403            46464           300       1.8     395.9  
S1542   -16.8    -4.7     30478            44953           300       1.9     370.7  
S1543   2.9      -10.1    30986            48083           300       0.8     347.1  
S1544   -1.9     -18.3    31964            42037           300       2.7     182.7  
S1545   0.1      17.8     26534            37688           300       2.4     229.0  
S1546   3.2      -3.7     55899            64251           300       2.2     136.2  
S1547   0.5      -11.9    23795            32048           300       2.7     196.8  
S1548   19.2     17.1     39280            59765           300       1.5     137.7  
S1549   -4.8     -8.8     29262            43981           300       2.1     125.3  
S1550   2.4      17.6     43600            62504           300       2.4     123.6  
S1551   -3.4     11.5     43964            60820           300       0.6     136.8  
S1552   14.9     14.4     42557            56772           300       1.8     345.5  
S1553   -16.0    -2.1     45465            53815           300       2.1     268.6  
S1554   -16.2    6.2      42204            61386           300       0.7     214.7  
S1555   -19.8    7.3      22395            36756           300       1.4     354.4  
S1556   9.0      12.2     45843            62620           300       2.8     257.9  
S1557   -6.6     -13.8    22374            43436           300       1.9     255.0  
S1558   15.9     -1.1     41633            52969           300       1.0     311.4  
S1559   -3.6     -6.4     31113            41347           300       0.6     288.6  
S1560   19.7     -14.4    39158            57716           300       0.9     336.2  
S1561   4.2      -8.6     24022            41530           300       0.9     145.7  
S1562   4.9      -13.8    49426            62023           300       2.9     236.6  
S1563   -9.4     6.9      47712            64800           300       2.6     205.8  
S1564   13.8     -15.8    33114            50043           300       2.1     104.3  
S1565   -14.6    8.6      42957            51984           300       1.4     345.6  
S1566   -11.6    1.3      32757            53157           300       1.5     321.9  
S1567   0.8      -8.7     42844            57667           300       0.9     371.8  
S1568   16.0     -6.9     34598            47840           300       1.3     276.1  
S1569   12.9     1.2      30321            46774           300       2.7     154.9  
S1570   3.7      -11.0    56291            64800           300       2.6     260.0  
S1571   9.4      5.0      39292            46533           300       1.5     361.4  
S1572   19.2     -14.2    55699            64800           300       2.7     101.2  
S1573   -2.8     -7.2     41351            53934           300       2.5     91.1   
S1574   10.2     4.1      53925            63528           300       2.2     322.5  
S1575   6.8      -18.8    35071            55991           300       1.3     114.6  
S1576   19.6     9.0      40332            59941           300       1.1     173.2  
S1577   -15.2    16.3     45627            55995           300       1.0     97.3   
S1578   16.1     13.8     31991            45208           300       2.1     218.4  
S1579   -2.8     7.8      24521            34136           300       1.1     53.1   
S1580   11.9     -7.7     40749            53194           300       0.9     385.5  
S1581   3.5      10.1     29526            48727           300       2.4     386.3  
S1582   -6.3     -0.1     26983            34622           300       2.9     303.0  
S1583   -7.0     3.1      34493            44577           300       1.0     71.8   
S1584   -5.7     -19.7    51526            64800           300       0.8     180.2  
S1585   16.9     -5.6     42183            58813           300       0.8     372.9  
S1586   13.9     -18.9    45012            55107           300       1.9     79.4   
S1587   11.7     5.3      44065            58730           300       0.8     212.0  
S1588   -7.9     6.7      37079            47057           300       2.6     382.5  
S1589   -12.6    -14.1    48701            56577           300       2.0     115.5  
S1590   -3.0     -14.7    35888            43151           300       2.2     228.1  
S1591   0.1      19.1     26975            35109           300       1.2     206.4  
S1592   18.1     -8.0     35187            46016           300       0.7     385.3  
S1593   -1.2     5.0      40425            51410           300       1.2     123.3  
S1594   12.3     -1.2     24416            39656           300       2.4     193.2  
S1595   9.6      -5.0     35616            47872           300       1.6     110.6  
S1596   -19.3    -4.0     48190            64800           300       2.1     154.8  
S1597   13.2     -9.8     35869            53147           300       2.2     91.1   
S1598   3.2      3.9      29496            41833           300       1.5     356.3  
S1599   10.2     15.0     55537            64800           300       0.8     309.0  
S1600   -10.5    -6.4     44145            55085           300       2.6     260.4  
S1601   -18.9    19.5     55761            64800           300       1.9     392.7  
S1602   -1.3     3.5      45121            64800           300       1.7     230.2  
S1603   2.3      4.3      25216            46812           300       1.6     286.0  
S1604   15.5     5.3      30866            38817           300       2.1     193.3  
S1605   3.6      -7.6     27130            45979           300       1.2     101.7  
S1606   -10.3    9.5      51637            64800           300       2.1     168.1  
S1607   -19.9    -2.0     35869            43590           300       2.9     313.8  
S1608   -5.6     -0.2     49982            64800           300       3.0     85.6   
S1609   16.3     5.9      25939            46645           300       2.6     64.9   
S1610   5.6      -9.2     32735            53035           300       0.9     94.2   
S1611   7.0      10.3     39195            49410           300       1.7     397.8  
S1612   -19.6    5.7      50945            61250           300       0.9     260.4  
S1613   1.5      -18.1    26838            39059           300       1.6     323.6  
S1614   17.0     8.5      24669            44096           300       1.1     382.9  
S1615   -9.7     -3.7     42190            52105           300       0.6     58.8   
S1616   -18.2    6.1      26938            45197           300       2.9     97.5   
S1617   18.3     -5.0     44737            56588           300       2.6     70.1   
S1618   19.3     16.4     31104            40225           300       3.0     335.5  
S1619   -2.1     -13.0    38860            47315           300       1.5     362.6  
S1620   2.6      0.4      23289            40823           300       1.9     80.6   
S1621   -13.6    9.1      33940            53142           300       0.8     230.9  
S1622   -6.5     -11.0    55368            64800           300       2.8     383.1  
S1623   4.4      13.5     44590            53459           300       1.4     225.7  
S1624   8.5      -9.8     47714            64800           300       0.7     204.6  
S1625   -2.4     -5.6     25774            41695           300       3.0     293.3  
S1626   -13.4    3.3      38762            52477           300       1.1     374.7  
S1627   -1.5     -1.0     33710            52949           300       0.8     242.3  
S1628   2.5      6.4      24457            31931           300       1.6     211.5  
S1629   8.3      -14.6    25173            44183           300       2.4     132.3  
S1630   -18.3    -3.7     39947            51675           300       2.9     250.4  
S1631   -18.9    -15.5    54503            64800           300       2.5     331.8  
S1632   2.6      -19.6    41749            59603           300       1.7     395.3  
S1633   -4.8     -0.6     49196            61922           300       2.0     304.1  
S1634   -8.8     -3.2     45507            56650           300       3.0     287.1  
S1635   -17.8    -8.1     25754            36584           300       1.3     54.2   
S1636   -9.5     16.7     48671            64800           300       1.4     117.3  
S1637   7.7      17.0     43965            57065           300       0.6     395.7  
S1638   5.4      0.4      40573            57186           300       1.4     257.0  
S1639   12.5     -15.2    52805            64800           300       2.3     233.2  
S1640   4.6      -19.7    54226            64640           300       0.5     302.9  
S1641   14.6     -5.6     37998            49288           300       0.7     64.7   
S1642   2.5      0.6      44531            55860           300       2.7     83.5   
S1643   19.1     18.2     42891            61232           300       2.0     54.7   
S1644   -5.1     19.1     37291            47996           300       2.6     351.4  
S1645   -16.1    13.2     38509            55934           300       2.2     162.3  
S1646   2.5      17.3     25396            34321           300       2.2     192.3  
S1647   12.0     0.3      25585            34606           300       1.9     137.8  
S1648   16.6     -7.2     35383            56344           300       1.2     330.7  
S1649   13.6     15.7     35302            52642           300       1.1     359.3  
S1650   7.5      18.5     40896            49445           300       0.6     311.7  
S1651   -2.0     8.6      46780            58801           300       2.2     389.4  
S1652   -3.3     -3.3     25977            45614           300       2.9     96.1   
S1653   -18.6    1.0      41001            52299           300       1.5     238.4  
S1654   -17.1    -10.6    46856            64800           300       0.8     292.5  
S1655   4.9      10.5     52278            61676           300       0.7     162.1  
S1656   -2.1     -7.9     42339            61013           300       2.9     176.2  
S1657   -4.0     -10.2    54919            64800           300       2.1     329.1  
S1658   -10.3    14.3     23984            35625           300       1.5     190.8  
S1659   -17.8    8.4      57352            64800           300       1.4     138.4  
S1660   14.4     7.3      33242            49117           300       0.8     290.9  
S1661   15.9     -10.4    31315            42049           300       0.6     238.9  
S1662   15.6     -15.3    36366            49659           300       2.5     378.2  
S1663   5.6      -10.0    34783            51455           300       0.7     205.2  
S1664   -2.1     -14.2    43412            58739           300       1.3     132.1  
S1665   4.8      -4.6     25283            34853           300       0.6     79.1   
S1666   -14.2    -7.9     27946            39434           300       1.8     76.0   
S1667   -14.5    7.8      45928            57511           300       1.7     70.5   
S1668   13.9     5.6      38011            55298           300       0.7     271.4  
S1669   -8.9     -5.2     55406            64800           300       1.7     98.4   
S1670   4.7      3.0      40765            51403           300       1.7     193.8  
S1671   -6.4     3.0      23957            38057           300       0.7     298.6  
S1672   -15.6    -2.9     56265            64800           300       0.5     127.6  
S1673   -3.7     6.6      26797            35379           300       0.8     316.7  
S1674   -18.2    12.9     53459            64800           300       1.7     91.6   
S1675   9.3      -13.1    53976            64800           300       2.3     213.8  
S1676   8.2      6.3      29386            44982           300       1.7     77.2   
S1677   -15.2    6.3      30139            47449           300       2.3     397.5  
S1678   -19.7    7.1      30475            50096           300       1.1     177.8  
S1679   -7.7     15.5     44421            54222           300       2.0     281.4  
S1680   18.0     9.0      48607            64800           300       2.4     313.7  
S1681   18.1     -17.1    44023            52449           300       2.4     164.1  
S1682   -17.8    7.4      32564            52751           300       1.8     155.9  
S1683   -12.9    3.5      49746            62851           300       1.8     231.0  
S1684   1.4      -9.0     43704            59705           300       0.8     374.0  
S1685   18.5     11.0     45694            62271           300       1.7     244.3  
S1686   0.1      7.2      40688            50966           300       1.4     232.3  
S1687   -15.7    19.3     28343            48913           300       0.8     183.3  
S1688   -7.9     -0.4     45334            55198           300       2.2     81.1   
S1689   8.7      -15.3    45299            53892           300       2.8     327.4  
S1690   -7.4     -18.2    34962            51818           300       1.5     59.3   
S1691   15.1     4.5      31183            47497           300       1.1     178.8  
S1692   1.2      17.5     42353            58337           300       0.8     74.1   
S1693   -11.7    -8.3     46137            57308           300       1.3     285.9  
S1694   11.7     -2.6     56641            64800           300       1.5     96.8   
S1695   4.9      -7.7     41911            53749           300       2.9     339.9  
S1696   6.4      10.4     35469            54029           300       1.6     188.0  
S1697   -16.8    -0.0     57493            64800           300       0.7     341.5  
S1698   -11.2    16.8     55284            62702           300       1.9     94.7   
S1699   18.4     9.2      45676            58746           300       3.0     368.6  
S1700   14.9     -4.3     43652            63820           300       0.9     225.3  
S1701   9.6      -3.8     50318            64800           300       1.9     313.7  
S1702   -11.0    -8.5     54357            64800           300       0.9     119.7  
S1703   9.5      -9.4     40271            56668           300       2.2     349.3  
S1704   16.3     -1.2     33313            49603           300       2.5     162.9  
S1705   -18.0    20.0     27246            48500           300       1.2     397.8  
S1706   -5.7     -4.8     41888            57895           300       1.2     376.8  
S1707   9.0      5.0      38338            47192           300       1.1     181.2  
S1708   -7.3     5.8      23936            32499           300       0.7     77.6   
S1709   -4.6     16.6     47264            55971           300       0.9     262.1  
S1710   -6.7     18.0     28802            38108           300       2.9     256.4  
S1711   -4.6     -4.9     54122            64800           300       1.6     267.6  
S1712   4.3      -5.5     34897            47547           300       0.9     383.7  
S1713   6.9      -9.4     54962            64800           300       0.9     148.9  
S1714   -2.6     0.3      34493            50655           300       1.0     224.6  
S1715   -13.9    -14.9    38540            50407           300       2.8     326.9  
S1716   13.9     5.3      38740            49427           300       0.9     373.2  
S1717   -19.9    -8.3     23570            42836           300       2.4     189.2  
S1718   12.6     -19.9    43360            57524           300       1.2     113.7  
S1719   -6.2     -10.9    34737            49506           300       2.6     178.6  
S1720   16.6     10.6     38300            51154           300       2.2     124.0  
S1721   -18.3    -3.3     37394            55354           300       1.4     271.7  
S1722   11.2     18.9     53168            64800           300       1.7     117.8  
S1723   14.4     6.4      51620            64800           300       2.5     179.8  
S1724   19.5     -19.2    52238            64800           300       2.1     292.3  
S1725   -11.7    14.7     49510            64039           300       0.6     165.2  
S1726   9.8      -17.7    24036            35652           300       1.3     143.7  
S1727   -6.8     -9.7     35600            56614           300       0.9     309.2  
S1728   10.6     11.5     49440            62240           300       2.9     92.4   
S1729   -17.3    5.8      23522            34913           300       1.7     59.5   
S1730   -12.4    -8.3     30050            37976           300       1.8     77.3   
S1731   -8.1     -0.9     51653            62497           300       0.6     102.7  
S1732   6.4      8.7      36476            56136           300       0.7     127.5  
S1733   20.0     -1.6     42238            57198           300       0.7     381.8  
S1734   13.3     8.5      26373            43254           300       2.6     331.5  
S1735   -10.4    11.9     43730            59035           300       1.2     102.0  
S1736   -3.2     7.0      57179            64800           300       2.1     230.4  
S1737   -5.9     -10.3    41619            57870           300       1.5     148.2  
S1738   -12.1    -15.0    23992            32336           300       2.7     305.3  
S1739   -17.7    -14.2    36745            52242           300       0.9     216.2  
S1740   7.4      -17.1    30252            46898           300       2.6     143.4  
S1741   13.6     18.2     37565            46878           300       2.1     132.0  
S1742   -19.9    12.7     26650            35895           300       2.0     156.7  
S1743   4.4      17.5     52576            64800           300       2.2     341.1  
S1744   0.7      -6.2     31149            47507           300       1.9     70.6   
S1745   15.4     8.6      46264            57972           300       0.5     322.3  
S1746   -19.0    -13.6    57113            64800           300       1.4     209.2  
S1747   2.7      -19.7    45611            61247           300       1.9     102.7  
S1748   -8.4     13.3     28303            36001           300       2.5     167.9  
S1749   16.2     8.1      51333            59976           300       1.1     349.8  
S1750   5.7      8.1      51640            64800           300       1.2     195.6  
S1751   5.3      -16.1    43749            57023           300       1.0     267.3  
S1752   -12.3    -4.4     31475            42126           300       2.0     295.0  
S1753   -4.7     17.3     21732            40871           300       2.5     282.5  
S1754   13.2     -2.1     27883            45805           300       1.9     71.5   
S1755   3.2      6.4      51910            61485           300       1.8     175.0  
S1756   -10.1    -7.7     56113            64800           300       2.6     349.5  
S1757   2.9      8.2      33113            41024           300       2.7     135.1  
S1758   -9.6     -4.8     45271            55308           300       2.5     220.5  
S1759   -7.5     -2.5     52811            64800           300       1.5     253.5  
S1760   17.9     -18.0    38605            52173           300       3.0     370.4  
S1761   -1.1     -1.0     24906            46203           300       0.6     142.7  
S1762   19.4     -9.6     49269            57129           300       2.2     264.1  
S1763   -12.2    4.5      28435            47835           300       1.3     274.9  
S1764   0.0      -6.1     38977            56886           300       1.1     100.1  
S1765   -4.5     18.8     48348            56474           300       1.9     175.7  
S1766   -3.1     15.5     57229            64568           300       2.3     287.8  
S1767   3.7      -3.2     44094            56293           300       2.5     52.0   
S1768   -7.9     17.3     35512            52716           300       0.9     176.1  
S1769   -16.5    3.8      34235            48896           300       1.8     315.5  
S1770   -0.9     11.3     37597            47952           300       1.4     343.4  
S1771   -5.6     7.4      53709            64800           300       2.6     255.9  
S1772   -4.9     -17.6    27598            36434           300       1.4     381.8  
S1773   -18.3    0.9      37040            52487           300       1.7     168.8  
S1774   -12.5    -10.2    30609            40926           300       0.9     196.9  
S1775   0.9      -11.7    36071            50581           300       1.4     211.1  
S1776   -2.4     -0.0     37843            56069           300       2.2     325.1  
S1777   8.4      -0.3     33226            46634           300       1.8     178.6  
S1778   9.1      -9.2     34122            43439           300       0.8     100.8  
S1779   -18.2    13.2     27248            44332           300       2.1     390.7  
S1780   11.4     -4.8     39975            49215           300       2.1     235.7  
S1781   -14.9    16.3     53271            60540           300       1.8     178.5  
S1782   -2.4     9.3      56889            64800           300       2.6     135.0  
S1783   12.9     7.1      29137            46215           300       2.7     343.3  
S1784   -6.9     3.3      36221            57237           300       2.8     169.0  
S1785   -4.4     12.4     35626            53614           300       1.1     255.2  
S1786   -5.5     -2.6     55842            64800           300       2.1     180.1  
S1787   3.5      -3.7     35509            43444           300       2.7     233.3  
S1788   19.2     16.8     27354            40247           300       2.1     232.8  
S1789   7.3      -11.2    25012            40362           300       2.4     205.8  
S1790   12.3     -2.1     42331            59620           300       2.4     165.8  
S1791   -3.7     -10.6    53959            64061           300       1.6     272.1  
S1792   -16.2    -1.4     30676            49716           300       1.3     264.2  
S1793   6.0      1.3      53549            64800           300       2.3     127.1  
S1794   10.0     -11.9    28427            43102           300       1.5     309.5  
S1795   14.2     -15.3    56502            64800           300       2.7     250.5  
S1796   10.4     8.5      39797            47381           300       1.0     70.3   
S1797   12.6     19.5     43850            63750           300       2.7     384.1  
S1798   -16.7    -6.8     44270            54745           300       0.6     153.1  
S1799   8.1      10.6     39955            59291           300       2.0     362.5  
S1800   4.2      -9.3     43607            52416           300       0.8     63.2   
S1801   7.4      8.4      31782            52009           300       2.8     137.0  
S1802   -5.4     -13.6    40462            51910           300       0.9     287.1  
S1803   -10.6    -16.0    57263            64800           300       1.9     127.9  
S1804   -10.7    10.7     56743            64800           300       2.4     371.5  
S1805   15.9     -3.5     57339            64800           300       2.1     100.4  
S1806   -6.7     -13.9    23912            39475           300       1.1     50.5   
S1807   14.0     -7.5     55551            64800           300       1.3     236.8  
S1808   -1.0     8.2      36580            55890           300       1.0     233.2  
S1809   0.5      7.9      54983            64800           300       1.4     326.2  
S1810   -10.3    -10.9    53550            64800           300       1.7     191.4  
S1811   5.6      17.9     21850            29772           300       1.9     340.1  
S1812   -0.6     2.5      43582            63472           300       1.5     283.9  
S1813   -15.0    12.5     39785            49136           300       2.5     380.6  
S1814   -15.1    -15.0    42753            53088           300       0.9     224.0  
S1815   -15.3    -4.3     38999            46523           300       2.5     57.7   
S1816   -17.2    -2.9     47801            61829           300       1.3     192.7  
S1817   17.7     12.3     43650            57738           300       0.7     286.2  
S1818   -14.8    -1.3     21684            33416           300       2.7     230.6  
S1819   18.8     2.9      46609            64800           300       2.0     365.6  
S1820   12.0     15.6     42153            61282           300       1.7     59.9   
S1821   -1.9     -7.7     32439            43140           300       2.5     314.3  
S1822   0.4      -14.2    22478            38472           300       2.9     164.1  
S1823   -15.8    -19.2    56868            64546           300       2.2     252.8  
S1824   -14.4    0.6      46198            62582           300       2.7     91.9   
S1825   1.4      3.1      45515            63429           300       2.2     197.5  
S1826   -16.9    -18.3    35654            57210           300       1.9     377.9  
S1827   10.3     -10.7    53614            63147           300       0.9     311.2  
S1828   -10.2    7.2      40343            55431           300       1.0     390.9  
S1829   -13.5    -19.3    54759            64800           300       2.6     82.4   
S1830   10.6     12.6     32454            49238           300       2.5     329.1  
S1831   3.0      13.2     35889            55165           300       0.8     190.0  
S1832   -13.8    14.4     48184            62429           300       2.6     102.7  
S1833   16.7     -17.0    25364            43498           300       1.4     258.8  
S1834   2.3      7.5      51946            64800           300       0.8     379.8  
S1835   18.9     -13.4    53645            63509           300       2.7     199.5  
S1836   11.4     8.4      24309            42936           300       1.4     153.6  
S1837   4.1      -5.1     24700            39242           300       0.6     138.0  
S1838   18.8     10.2     26144            41303           300       0.7     50.0   
S1839   19.8     16.0     22729            35663           300       2.8     251.2  
S1840   1.1      -0.7     45470            56023           300       2.3     118.9  
S1841   -14.2    15.8     30702            51500           300       1.1     353.8  
S1842   -3.3     -8.8     29511            42486           300       0.7     113.2  
S1843   -15.2    2.0      50632            60127           300       1.4     362.6  
S1844   -9.7     -7.0     42675            56946           300       1.8     262.5  
S1845   14.8     -7.8     52345            63747           300       0.9     178.7  
S1846   17.3     15.6     44018            64800           300       2.6     266.0  
S1847   -15.5    -14.9    53429            63226           300       2.5     288.7  
S1848   -10.2    -19.0    37447            49375           300       2.6     258.6  
S1849   17.7     11.8     51854            64800           300       0.9     135.3  
S1850   -13.3    -6.9     22723            39030           300       1.9     349.0  
S1851   -12.4    13.9     36634            51246           300       2.2     167.9  
S1852   13.2     4.1      56735            64800           300       1.6     64.9   
S1853   -3.0     -5.2     48896            64800           300       2.5     235.2  
S1854   -16.8    6.4      52594            64800           300       1.2     343.4  
S1855   -14.0    -7.7     48098            64800           300       2.5     138.7  
S1856   5.2      18.8     30449            42415           300       2.3     193.7  
S1857   -19.3    -13.9    45732            54453           300       2.1     147.6  
S1858   -1.2     -2.0     30565            41755           300       1.1     226.1  
S1859   -17.0    7.4      30620            43937           300       1.1     95.1   
S1860   12.8     2.2      21735            40490           300       2.5     97.1   
S1861   17.5     -15.1    36563            48925           300       1.2     341.0  
S1862   -8.2     -5.3     32183            48818           300       2.6     373.4  
S1863   -1.1     -10.7    55096            64800           300       1.8     249.1  
S1864   -11.3    -6.8     52315            64800           300       1.8     321.9  
S1865   13.2     5.5      31109            41251           300       1.3     142.3  
S1866   13.4     -11.2    57235            64800           300       2.0     67.2   
S1867   -1.0     13.6     56905            64800           300       2.6     365.6  
S1868   17.8     -7.5     39450            57950           300       0.9     260.7  
S1869   15.3     -8.8     36277            43588           300       3.0     232.1  
S1870   11.8     -14.6    39384            49864           300       0.9     127.3  
S1871   10.6     -1.5     25219            46325           300       2.6     221.3  
S1872   -19.9    13.4     24963            41591           300       2.6     184.4  
S1873   -2.2     12.2     53857            64800           300       0.8     284.3  
S1874   13.9     16.1     22740            30786           300       2.7     65.4   
S1875   -1.7     -19.9    51964            64800           300       2.6     267.3  
S1876   -3.1     -4.3     49286            64800           300       2.8     65.3   
S1877   5.5      -1.5     47849            64800           300       0.8     265.0  
S1878   3.2      -14.1    41066            59943           300       1.1     287.4  
S1879   -16.3    3.9      50509            57990           300       1.8     149.8  
S1880   1.2      15.8     35207            52579           300       2.1     117.5  
S1881   -5.1     0.8      42765            58668           300       2.1     176.8  
S1882   -2.5     18.2     52270            62586           300       1.7     148.6  
S1883   -13.8    -6.2     22704            36352           300       2.7     302.3  
S1884   -0.1     -1.0     47482            60413           300       2.6     321.0  
S1885   -15.4    4.1      41936            57638           300       2.5     280.2  
S1886   -19.2    -13.0    29958            37882           300       1.7     109.0  
S1887   -3.8     -12.2    51777            64800           300       2.9     282.9  
S1888   2.9      13.9     40263            51588           300       0.9     315.3  
S1889   2.8      -4.0     52665            64800           300       2.1     177.1  
S1890   -17.0    -6.1     36968            49826           300       2.0     124.3  
S1891   -8.6     -15.1    24062            44778           300       1.6     275.1  
S1892   -9.3     -7.2     36421            53567           300       2.8     151.2  
S1893   -12.6    -8.9     31086            45064           300       2.5     221.4  
S1894   4.4      1.9      38048            55084           300       2.9     106.3  
S1895   -6.4     7.4      41672            56004           300       2.9     213.1  
S1896   -4.6     -9.3     39968            50516           300       0.9     319.5  
S1897   17.2     7.6      34041            55347           300       2.8     108.9  
S1898   13.4     -16.8    45768            57159           300       0.6     339.3  
S1899   -0.6     12.0     50818            60171           300       2.2     172.9  
S1900   16.8     8.9      22836            33829           300       1.3     83.9   
S1901   -2.4     1.5      40197            52909           300       2.9     114.5  
S1902   19.0     -17.5    42800            63751           300       3.0     241.8  
S1903   -6.0     15.0     29423            39288           300       0.9     296.4  
S1904   11.0     -6.1     47057            56335           300       1.1     287.3  
S1905   19.1     -9.8     36127            47917           300       1.0     365.8  
S1906   8.8      -4.2     49461            64800           300       1.3     378.6  
S1907   4.7      -3.2     29301            50786           300       1.7     282.0  
S1908   10.2     5.5      25591            45868           300       1.0     368.6  
S1909   -18.9    -18.2    52695            64800           300       1.5     241.0  
S1910   4.7      0.4      49963            64800           300       1.8     288.1  
S1911   2.9      18.0     26494            43229           300       2.2     384.1  
S1912   -1.4     5.4      32537            39824           300       2.1     227.1  
S1913   4.8      4.0      35070            53936           300       2.0     337.1  
S1914   10.4     4.7      45877            64800           300       2.3     65.9   
S1915   1.8      -10.4    29843            39382           300       1.7     215.7  
S1916   3.5      15.9     33276            45870           300       1.8     200.5  
S1917   3.9      1.5      34920            50736           300       2.9     334.1  
S1918   -17.7    12.7     34058            43464           300       0.7     366.2  
S1919   18.0     -18.5    45697            62071           300       2.8     140.0  
S1920   0.3      5.0      49398            64800           300       1.2     129.7  
S1921   -15.6    -15.1    42729            54895           300       2.5     377.0  
S1922   6.1      5.2      55887            64800           300       0.7     113.8  
S1923   -16.9    13.5     54998            64800           300       0.7     123.6  
S1924   -3.8     -14.2    23185            37253           300       2.5     124.5  
S1925   5.4      18.2     40376            53010           300       2.5     209.1  
S1926   -8.5     17.7     55777            64800           300       1.6     104.5  
S1927   -1.5     9.5      47426            64800           300       2.6     53.2   
S1928   8.8      20.0     33575            45423           300       1.3     159.1  
S1929   4.6      19.7     41808            59931           300       2.6     321.5  
S1930   -16.7    -6.4     28234            36917           300       2.3     210.2  
S1931   -19.4    -12.1    36312            47515           300       1.7     82.4   
S1932   -4.1     14.7     36453            53646           300       2.5     176.3  
