//ID    X        Y        EarlyStart(s)    LateStart(s)    Svc(s)    Vol(m3) Wgt(kg)
// Source: 2100_stop.txt | Clusters: 231
//----------------------------------------------------------

// === Cluster 1 (13 stops, vol=16.0m3, center=(-0.73,10.96)) ===
S0646        -0.2     10.2        45336        64800      300      1.2    281.8
S1502        -3.4      7.0        26342        45240      300      1.5     56.5
S0143         0.3     12.7        25435        34669      300      1.4     77.3
S1596        -1.3     12.5        51531        59432      300      1.4    342.3
S1258         0.3     12.1        24306        33066      300      1.0    126.7
S0318        -0.7      7.4        26460        38813      300      1.1    313.8
S1265        -2.7     11.5        38807        56816      300      1.1    373.9
S0619         1.5     11.2        50189        64017      300      2.6    179.0
S0917        -2.6     11.1        41103        48424      300      1.7    312.5
S1288         0.2     12.2        30460        45194      300      0.8    192.1
S1732        -0.8     12.3        46800        55398      300      0.8    364.7
S0222         0.1     11.6        40957        59777      300      0.7    303.5
S2014        -0.2     10.7        37230        48146      300      0.7    240.7

// === Cluster 2 (13 stops, vol=15.7m3, center=(-8.45,16.36)) ===
S1444        -8.7     16.1        43152        53413      300      1.2    205.1
S0072        -7.7     17.3        55681        64800      300      0.9    247.5
S1243        -9.5     16.1        31051        48911      300      0.9    217.3
S1422        -9.0     16.8        37958        58355      300      1.0     89.9
S1567        -9.4     16.4        31871        49308      300      0.5    196.0
S2031        -6.1     15.2        29266        39020      300      0.6    313.3
S1839       -10.2     16.7        37898        55837      300      0.7     92.0
S1911        -7.7     16.1        39421        53413      300      1.3     64.6
S1704        -6.2     14.6        39548        51956      300      1.3     52.1
S0450       -10.4     17.0        22765        31916      300      1.3    336.8
S0681        -8.6     17.3        30085        43310      300      2.0     79.6
S1298        -8.4     16.3        24579        41465      300      1.4    115.7
S0648        -8.0     16.8        50636        63284      300      2.6     91.9

// === Cluster 3 (13 stops, vol=15.8m3, center=(-9.83,-17.87)) ===
S0445       -10.1    -17.7        47427        58083      300      1.3    381.6
S0931        -9.7    -18.1        42993        53089      300      0.9    396.2
S0811        -8.1    -18.3        46379        55935      300      0.9    308.1
S0218        -9.6    -18.0        33741        45340      300      1.0     93.0
S1599       -11.5    -17.9        34953        51375      300      1.1     80.7
S2023       -10.3    -16.4        53969        64800      300      0.6     59.6
S0119        -9.9    -17.8        56245        64800      300      0.8    287.4
S1771        -8.0    -18.2        22102        38906      300      0.8    259.5
S1576       -11.6    -14.9        29723        47398      300      0.8     85.7
S0421        -8.8    -18.1        54063        64800      300      1.4    341.7
S2038        -9.9    -19.3        26965        44237      300      1.4    320.7
S0855       -11.3    -18.4        49757        62706      300      2.0    345.2
S1937        -9.0    -19.2        56339        64800      300      2.8    297.9

// === Cluster 4 (12 stops, vol=15.9m3, center=(11.99,18.20)) ===
S1162        13.0     17.4        31562        46592      300      1.2    386.3
S1605        11.3     18.4        36505        56648      300      1.2     75.6
S1404        13.2     18.4        53163        64311      300      1.3    217.7
S1815        12.0     18.4        52618        64800      300      0.9    231.4
S0725        13.7     15.1        37387        50547      300      0.9    162.3
S1776        11.4     19.6        22031        43553      300      1.0    308.0
S1122        11.6     18.1        26231        41680      300      1.0     61.1
S1966        10.6     19.1        50311        59023      300      1.1    235.6
S0714        11.1     18.7        30590        39752      300      1.1    268.2
S2037        13.1     18.3        40647        60364      300      0.8    195.1
S2027        10.8     19.5        27024        40568      300      2.6    100.6
S0319        12.1     17.4        34942        42691      300      2.8    232.6

// === Cluster 5 (12 stops, vol=17.2m3, center=(-16.40,7.33)) ===
S1936       -19.6      8.9        56956        64800      300      0.9    341.2
S0130       -18.8      9.0        45505        63256      300      1.1    396.7
S1226       -19.1      8.1        51693        64775      300      1.6    147.5
S0500       -18.2      8.1        22702        33916      300      1.1    160.7
S0849       -17.7      8.4        46188        64800      300      0.8     85.9
S2024       -17.6      8.2        39608        47210      300      0.9    278.6
S2100       -17.7      7.3        30817        43626      300      0.5    123.4
S0798       -16.7      6.6        39186        57016      300      0.6     64.0
S1205         1.4      1.1        55568        64800      300      2.1    339.5
S0780       -17.1      6.8        50167        64800      300      2.3    165.6
S1867       -18.6      8.0        53416        64800      300      2.6    163.6
S1154       -17.1      7.5        50726        64800      300      2.7    138.1

// === Cluster 6 (12 stops, vol=15.7m3, center=(6.91,-18.93)) ===
S1600         7.9    -19.8        35490        53518      300      1.2    313.8
S0268         6.1    -19.1        41269        56235      300      1.1    239.6
S0927         5.5    -18.4        50711        59539      300      1.1    232.6
S1613         5.8    -18.6        56184        64800      300      0.6    219.3
S0741         7.6    -19.4        47262        58868      300      0.8    132.7
S0963         7.7    -18.1        22632        34536      300      0.8    340.0
S0460         8.3    -18.9        23494        34036      300      1.8    302.0
S1538         8.8    -18.3        39889        56960      300      1.5    254.0
S0799         5.1    -19.1        55282        64800      300      1.4    390.9
S1923         6.0    -18.3        28327        39472      300      1.4    192.5
S0092         7.2    -19.2        44808        60446      300      1.4    356.1
S0415         6.9    -19.9        35151        47512      300      2.6    254.0

// === Cluster 7 (12 stops, vol=16.0m3, center=(11.41,-9.16)) ===
S0569        12.0     -8.1        53193        63811      300      0.5    349.0
S1583        11.7     -9.5        34969        45039      300      0.6     52.0
S1683        10.7    -10.6        40840        49432      300      1.8     70.5
S1410        13.1    -10.0        48427        64800      300      2.5     77.4
S0412        12.3     -9.7        35887        53240      300      1.3    243.5
S1950        11.5     -9.5        49119        58222      300      1.2    214.7
S0956         9.4     -8.0        51118        64800      300      1.5    218.2
S1421        13.0     -7.9        38776        50920      300      1.0    112.8
S0223        11.3    -10.6        51022        64800      300      2.2    353.9
S0551         9.6     -9.9        35032        54968      300      0.8    348.6
S1250        12.2    -10.4        54576        64800      300      0.7    343.9
S1635        10.1     -5.7        22154        40283      300      1.9    139.3

// === Cluster 8 (12 stops, vol=16.0m3, center=(17.56,-16.91)) ===
S0539        17.3    -17.0        46178        64800      300      0.9     78.6
S2064        16.7    -16.4        45198        59646      300      0.6    193.2
S0064        18.5    -16.3        23102        35326      300      1.8    123.5
S1399        17.5    -16.5        52723        64800      300      1.8    264.4
S1857        19.1    -16.9        44307        53434      300      1.5    371.6
S0979        17.6    -17.1        54136        64800      300      1.5    200.5
S2028        17.6    -16.8        48191        64800      300      1.5    208.9
S1953        16.8    -19.1        23625        36580      300      1.0    107.5
S1429        19.2    -16.4        27809        43467      300      1.0    183.7
S2035        17.1    -16.8        27348        36780      300      1.0    303.6
S0444        18.0    -16.7        51968        64800      300      2.6    151.8
S1184        15.3    -16.9        24225        43768      300      0.8    370.8

// === Cluster 9 (11 stops, vol=16.0m3, center=(-0.73,0.66)) ===
S0939        -0.2     -1.3        29960        44909      300      1.3     75.8
S0754        -1.7     -1.5        45225        52769      300      1.3    266.1
S1665        -1.2      1.7        57539        64800      300      1.2    153.8
S0398         1.8      1.9        36927        58507      300      1.1    224.0
S0538         0.2      2.7        24586        37345      300      2.6    174.5
S0458        -0.7      0.6        45747        63216      300      0.8    397.8
S0720         0.0      2.1        56255        64800      300      0.7    117.9
S2015        -1.8     -0.2        45518        54682      300      0.7    234.1
S0233        -1.2     -0.0        23037        43781      300      2.0    169.2
S0580        -2.9     -1.4        30850        42281      300      2.4    339.0
S0028        -0.3      2.7        35979        48382      300      1.9    267.4

// === Cluster 10 (11 stops, vol=16.0m3, center=(6.23,5.36)) ===
S0792         4.7      5.8        30634        50419      300      0.6    343.7
S1988         5.9      4.1        53691        64800      300      0.6     61.8
S0496         5.2      5.2        47452        58332      300      1.2    300.1
S1913         6.1      4.4        46999        62058      300      1.5     70.4
S1877         6.2      5.5        51510        64800      300      0.8    246.6
S1382         6.0      5.7        45619        55619      300      0.7    152.1
S2090         6.4      5.8        27295        47604      300      3.0    103.8
S0783         7.1      5.6        44560        64800      300      2.0    252.7
S1405         6.4      5.9        55763        64800      300      2.4    297.9
S1794         6.1      6.1        24866        43248      300      1.6    344.8
S1143         8.4      4.9        38186        59468      300      1.6    387.2

// === Cluster 11 (11 stops, vol=17.9m3, center=(17.05,12.66)) ===
S1749        19.1     15.3        26039        37673      300      2.9     52.0
S1200        19.2     14.1        36719        46454      300      1.6    171.8
S2043        18.9     14.2        52630        64800      300      0.8    168.2
S0737        18.3     14.8        44148        64182      300      0.7    104.8
S1723        18.4     14.6        56542        64800      300      0.8    228.1
S2097        18.7     14.1        32889        48608      300      2.8    310.5
S0362        19.3     13.0        35753        45279      300      2.1    242.1
S1557        18.0     14.5        48275        57258      300      1.6    259.0
S0091        19.0     12.7        53682        64800      300      0.9     84.1
S0068        18.1     13.6        46189        55985      300      1.1     93.6
S0086         0.6     -1.6        31619        47580      300      2.6     62.0

// === Cluster 12 (11 stops, vol=16.0m3, center=(7.79,11.56)) ===
S1371         8.2     12.2        40320        58495      300      0.6     71.9
S0431         8.3     12.0        31960        43823      300      0.6     70.9
S1296         7.0     11.9        54685        64800      300      0.6    316.6
S0244         8.6     10.9        38978        53227      300      1.3    108.7
S1074         6.3     10.4        49347        61570      300      1.3    220.6
S0611         6.7     11.5        34652        46724      300      2.2     75.3
S1180        10.1     11.8        27403        44032      300      1.1    168.5
S1477         7.4     11.5        31320        51634      300      0.7    205.6
S0886         7.9     10.9        44982        61107      300      2.8    100.6
S1925         7.1     11.4        40560        49107      300      1.9    193.7
S1545         8.1     12.7        32054        49342      300      2.9    136.6

// === Cluster 13 (11 stops, vol=15.7m3, center=(3.71,10.60)) ===
S0010         2.7      9.2        22902        40628      300      1.2     93.8
S1367         3.9     11.2        27189        35510      300      0.9    331.2
S0286         3.4     10.7        23830        32711      300      0.9    392.9
S2088         3.1     11.7        29611        50310      300      1.1     55.8
S0277         3.9      8.7        33358        52163      300      0.5     91.4
S1066         5.0     10.0        26836        43691      300      3.0     78.7
S0766         3.3     10.8        25009        33833      300      0.8    264.3
S1536         5.0     11.1        53476        64272      300      0.7    364.3
S1931         4.4     11.9        45615        58515      300      2.3    140.7
S1349         2.3     11.5        26474        40217      300      1.6    316.4
S1238         3.8      9.8        22457        38927      300      2.7    159.2

// === Cluster 14 (11 stops, vol=15.9m3, center=(-4.13,13.14)) ===
S1805        -5.3     15.8        55696        64800      300      1.2    135.8
S0564        -3.6     12.4        29603        45482      300      1.2    129.2
S1631        -4.9      7.0        52474        64800      300      1.3    236.7
S1278        -4.6     14.3        23883        37918      300      0.9    101.7
S0237        -3.8     13.1        35512        45961      300      1.1    357.8
S1795        -3.9     14.1        31445        42688      300      2.5    159.8
S0951        -5.1     15.8        51262        59495      300      0.8    214.7
S0118        -3.7     12.5        57275        64800      300      0.6    279.3
S1977        -3.2     13.0        40771        49330      300      2.7    233.3
S0934        -5.2     14.0        30246        38717      300      2.0    373.6
S1201        -2.1     12.5        47439        63942      300      1.6    136.5

// === Cluster 15 (11 stops, vol=16.9m3, center=(-7.84,8.34)) ===
S1986        -7.8     10.7        24001        33783      300      0.9    191.6
S0691        -9.3      9.3        30817        39498      300      0.7    133.0
S1553        -9.5      8.3        53227        64800      300      0.8    242.6
S1213        -8.9      7.4        45516        63008      300      0.7    237.2
S0703        -9.2      6.8        50497        64800      300      0.6    258.8
S1546        -7.9      9.8        36639        51515      300      2.4    305.3
S0511        -9.7      8.6        47647        64800      300      2.7    153.7
S1312        -8.5      9.0        41144        60780      300      1.8     86.2
S0476        -0.8      1.4        51406        59170      300      1.8    312.8
S1552        -7.6     10.3        45584        63139      300      2.2     83.6
S1577        -7.0     10.1        33995        45310      300      2.3    289.1

// === Cluster 16 (11 stops, vol=15.8m3, center=(-6.14,4.40)) ===
S1628        -4.8      3.3        33198        49464      300      0.6    247.0
S1494        -5.4      3.4        26317        37025      300      0.5     55.9
S1909        -7.5      4.6        24290        41676      300      0.7    382.3
S0908        -6.3      4.0        33796        44982      300      0.8    225.5
S1627        -5.9      5.7        36706        45110      300      2.6    131.5
S1833        -6.2      5.8        55703        64381      300      1.4    248.6
S0662        -5.0      6.5        27038        37579      300      1.4    147.1
S0591        -4.7      3.5        32267        47462      300      1.8     64.1
S1901        -8.8      3.9        48949        61002      300      1.6    379.3
S0066        -6.3      4.8        51877        63087      300      1.7    265.2
S0874        -6.6      2.9        51522        64800      300      2.7     74.8

// === Cluster 17 (11 stops, vol=15.9m3, center=(-16.25,14.29)) ===
S0316       -16.6     15.6        21666        32092      300      1.2    241.2
S1762       -15.5     14.3        39401        53893      300      1.2    166.3
S1418       -15.5     14.4        37291        52523      300      0.9    182.6
S1076       -15.2     13.1        47895        62292      300      0.9    114.4
S0433       -16.8     15.3        27023        41320      300      0.8    392.3
S1535       -16.7     13.8        54845        64800      300      0.7    151.1
S0227       -17.2     14.4        57472        64800      300      2.0    268.3
S0824       -15.9     13.7        24019        38081      300      2.0    280.3
S1696       -17.2     14.1        53096        64800      300      1.5    293.9
S0623       -16.2     14.0        53383        64800      300      1.8    399.1
S1904       -15.9     14.5        43807        63535      300      2.9    374.5

// === Cluster 18 (11 stops, vol=17.0m3, center=(-14.78,-0.91)) ===
S0752       -17.2     -0.1        35958        43523      300      0.5     82.1
S1672       -16.6     -0.6        44408        55228      300      0.8    161.2
S1803       -16.4     -1.1        27119        42372      300      1.4    105.5
S1486       -16.4     -0.5        56691        64800      300      0.6    281.8
S2020       -15.6     -0.5        50751        64800      300      1.2    259.7
S1136       -18.1     -0.8        34877        46049      300      2.2    239.6
S1188       -15.7     -0.3        42966        54630      300      2.1     70.1
S0862         0.3     -2.5        43656        51326      300      1.9    277.7
S0258       -17.3     -0.2        57490        64800      300      1.6    134.3
S1873       -14.7     -2.0        37340        56506      300      1.8    317.0
S1748       -14.9     -1.4        57331        64800      300      2.9    226.8

// === Cluster 19 (11 stops, vol=17.6m3, center=(-11.92,-5.65)) ===
S0112       -15.8     -7.4        35732        44995      300      2.5    234.2
S1294       -15.0     -6.9        25590        40724      300      1.2    345.6
S1480       -14.7     -7.0        44600        54684      300      2.5    287.6
S0172       -14.5     -7.3        50208        61917      300      0.6    326.4
S0320       -14.0     -7.1        29323        39673      300      2.1    362.8
S0425       -13.5     -7.2        40156        49157      300      1.7    272.9
S1437       -13.6     -6.3        42365        53498      300      0.5     59.8
S0384       -12.8     -6.8        49951        64800      300      0.8    126.9
S1419       -12.7     -6.6        23225        35292      300      1.3    311.2
S1637        -4.1     -1.6        27158        43750      300      1.5     66.7
S0847        -0.4      2.1        23637        36690      300      2.9    200.5

// === Cluster 20 (11 stops, vol=16.0m3, center=(-10.15,-6.76)) ===
S0188       -11.1     -7.3        24198        34066      300      0.9    141.0
S1306       -10.7     -7.7        47044        64800      300      0.9    270.9
S2030        -9.7     -7.0        27940        43204      300      0.9    275.5
S0902        -9.7     -5.5        53217        64800      300      0.5    256.1
S0851       -10.7     -5.8        22743        38544      300      0.6     94.3
S2060       -10.3     -6.4        27673        39287      300      2.5     80.7
S0358       -10.2     -6.1        46818        64259      300      1.2    386.2
S0346        -8.5     -6.6        29970        38485      300      2.2    225.7
S1427       -10.2     -7.2        24563        41701      300      2.8    119.7
S0484       -10.9     -7.7        54352        63372      300      1.6    177.6
S0099        -9.7     -7.1        42149        61032      300      1.9    191.6

// === Cluster 21 (11 stops, vol=16.0m3, center=(-8.57,-13.42)) ===
S1347        -7.9    -12.2        34115        53913      300      0.9    346.1
S1808        -8.9    -14.0        48843        64800      300      2.1    237.6
S0668        -8.1    -13.7        27984        48235      300      2.1     82.1
S1703        -9.0    -12.8        47359        60223      300      1.2     88.5
S0604        -8.4    -15.1        29247        42204      300      1.2    220.6
S1218        -9.3    -13.9        48819        58681      300      1.0    383.7
S0038        -7.8    -13.6        33948        46739      300      2.2    257.1
S1951        -8.0    -13.5        56905        64800      300      0.8    180.3
S0365        -8.8    -13.0        31490        45729      300      0.7    190.2
S0270        -8.8    -13.4        39711        55084      300      1.9    107.2
S1837        -9.3    -12.4        38569        49485      300      1.9     83.3

// === Cluster 22 (11 stops, vol=16.0m3, center=(-9.40,-10.85)) ===
S1830       -10.1     -9.7        39601        50753      300      0.6    111.4
S0397        -9.5    -11.0        50461        64800      300      1.8    324.5
S0923        -6.0    -11.7        27583        40562      300      1.4    375.4
S0961       -10.2    -10.8        29670        49380      300      2.2    365.1
S0718        -9.9     -8.9        47148        59684      300      1.1    181.4
S0255        -9.0    -11.3        52908        64538      300      1.7    281.3
S1361       -10.1    -12.3        42788        56639      300      0.8    342.5
S2002       -10.3    -11.3        28404        39228      300      0.8    319.6
S1331       -10.3    -12.8        47615        60078      300      0.7    157.5
S1279        -8.1    -12.1        54281        64800      300      3.0    154.5
S1644        -9.9     -7.4        47031        54563      300      1.9    319.0

// === Cluster 23 (11 stops, vol=16.0m3, center=(-3.38,-15.99)) ===
S1285        -2.8    -16.2        54370        64800      300      0.9    163.7
S1071        -4.4    -16.3        51919        64800      300      1.5     52.8
S0419        -2.9    -16.8        55110        64800      300      1.4     75.1
S1063        -2.4    -16.2        33814        49156      300      1.0    355.7
S1246        -3.9    -15.6        51278        63348      300      2.2    121.7
S0889        -3.7    -16.3        33050        50044      300      1.1    212.6
S0781        -3.5    -14.5        32612        47069      300      1.1    210.2
S0864        -3.2    -14.2        41056        57799      300      0.8    303.9
S2059        -2.9    -17.1        31425        47294      300      2.8    341.9
S1360        -4.9    -16.6        26193        41597      300      1.6    273.3
S1573        -2.6    -16.1        50097        64800      300      1.6    100.2

// === Cluster 24 (11 stops, vol=15.8m3, center=(-2.95,-18.11)) ===
S0745        -3.9    -17.5        36715        47966      300      1.2    301.5
S0768        -2.6    -17.0        53156        64800      300      1.3    222.1
S0490        -2.5    -19.2        45093        64800      300      1.3     96.4
S0991        -2.1    -18.8        52949        64800      300      0.9    377.3
S0338        -3.7    -17.2        23876        40195      300      0.9    388.1
S1098        -2.8    -19.8        25679        33470      300      1.0    382.4
S1731        -4.2    -18.1        41472        52167      300      0.8    155.6
S0987        -1.8    -17.4        51638        64800      300      1.4     62.9
S1320        -1.9    -17.1        32959        44222      300      2.0    270.4
S0137        -2.6    -18.7        28185        40628      300      2.3     95.4
S1488        -4.3    -18.4        51866        64800      300      2.7    228.2

// === Cluster 25 (11 stops, vol=16.0m3, center=(-6.26,-18.67)) ===
S0214        -5.7    -19.5        24538        43787      300      0.9    301.5
S1351        -4.7    -18.7        55196        64800      300      1.3    135.9
S0998        -6.0    -18.2        25978        44909      300      1.3     73.3
S0921        -6.3    -17.7        48528        63139      300      1.3    252.1
S0062        -6.0    -19.4        42009        55839      300      1.2    142.2
S1390        -7.2    -19.7        25297        37672      300      1.0    291.4
S1585        -8.7    -16.5        30723        42625      300      0.7    214.7
S1955        -5.5    -18.5        22247        36808      300      2.0    222.4
S0911        -5.1    -18.6        26518        40369      300      2.0    146.2
S1859        -7.4    -18.8        37912        45721      300      2.4    264.0
S1694        -6.3    -19.8        33657        54469      300      1.9    119.5

// === Cluster 26 (11 stops, vol=16.0m3, center=(-7.04,-9.85)) ===
S0012        -8.1    -10.5        34671        49783      300      0.9    266.3
S2095        -7.1    -10.6        35555        43226      300      1.2    286.8
S1417        -6.7    -11.0        54815        64800      300      1.4    216.7
S0052        -7.5     -9.5        40046        51615      300      1.0    320.9
S1433        -5.0    -11.3        28384        47974      300      1.1    237.8
S1874        -4.1     -7.6        27379        46376      300      1.1    294.3
S0375        -8.3    -10.2        49502        60322      300      2.6    170.9
S0457        -6.5     -9.2        30034        39978      300      1.7    294.5
S0651        -8.5    -10.4        22037        43042      300      0.7    304.0
S0635        -7.9    -10.3        48767        61323      300      2.7    206.8
S2056        -7.7     -7.7        21829        35305      300      1.6    197.1

// === Cluster 27 (11 stops, vol=15.7m3, center=(1.33,-13.43)) ===
S0345         1.4    -13.0        21938        32472      300      1.2    223.7
S0819         2.6    -13.3        28259        37357      300      0.9    337.7
S1092         0.0    -13.5        48280        64800      300      0.9    127.7
S0876         2.0    -13.3        55935        64800      300      1.0     98.1
S0439         0.0    -13.9        31696        42894      300      1.1    184.1
S0295         1.3    -12.8        45750        64800      300      1.1    352.1
S0607         2.3    -12.3        29968        43625      300      2.1    150.4
S0147         2.8    -14.1        57090        64800      300      1.4    172.4
S0314         1.2    -14.8        30494        46065      300      1.6    340.6
S0532        -0.2    -13.9        41998        57312      300      1.6    165.1
S0104         1.2    -12.8        34096        49081      300      2.8    114.8

// === Cluster 28 (11 stops, vol=16.0m3, center=(6.88,-13.49)) ===
S0313         7.0    -12.8        56480        64800      300      0.9    106.9
S1983         7.0    -12.5        23496        35195      300      0.9    168.0
S0743         6.1    -13.6        32509        51199      300      0.6     78.0
S2017         8.2    -13.9        54366        64800      300      1.5    393.8
S0197         7.5    -13.8        51412        64800      300      1.5     90.1
S1363         6.1    -14.3        46149        63150      300      1.1    222.4
S1337         6.4    -12.7        44437        64800      300      0.8    108.9
S1708         6.0    -13.7        39893        47752      300      0.7    163.3
S0547         7.5    -13.6        21854        39528      300      2.7    118.8
S1134         6.5    -14.4        55300        64340      300      2.4    287.5
S0790         7.4    -13.1        41678        55191      300      2.9    210.4

// === Cluster 29 (11 stops, vol=17.6m3, center=(15.14,-8.39)) ===
S2073        17.9    -10.3        47313        59638      300      1.1    100.8
S1514        17.9     -9.4        42759        56577      300      1.7    289.4
S1616        17.8     -9.0        26118        44606      300      0.9    159.8
S0239        17.2     -7.7        37546        58261      300      1.1    297.2
S0499        16.0     -9.7        54300        64800      300      1.4    296.8
S1735        16.0     -9.3        29728        42178      300      0.7     83.8
S1814        16.0     -8.6        43766        61644      300      2.2    329.8
S0933        15.0     -8.8        42538        53205      300      1.4    245.4
S1973        -1.9     -0.3        36586        50885      300      2.5    270.6
S1581        17.8    -10.0        46890        58326      300      2.3    198.0
S0260        16.8     -9.2        35157        50301      300      2.3    380.7

// === Cluster 30 (11 stops, vol=16.0m3, center=(6.47,0.05)) ===
S0326         5.5      0.2        49499        64800      300      2.1    206.3
S0567         8.1     -0.3        53737        64800      300      1.8    275.6
S1537         6.7     -0.6        29264        39395      300      1.2     63.2
S0350         6.0      1.1        46472        54613      300      1.5     74.6
S1737         7.2     -1.0        48506        62409      300      1.5    294.3
S0972         5.6      1.5        47956        63347      300      1.0    195.0
S0001         5.4      2.3        54239        62514      300      2.2     73.8
S0408         7.6      0.0        21656        29371      300      2.6    156.2
S1016         7.9     -1.1        49427        60709      300      0.7    266.4
S1620         5.6     -1.2        45945        54151      300      0.7    377.1
S0778         5.6     -0.3        29862        50239      300      0.7    226.0

// === Cluster 31 (11 stops, vol=16.8m3, center=(15.56,-1.85)) ===
S1083        17.4     -3.0        37558        57640      300      0.5    144.0
S1175        16.6     -2.3        30126        37820      300      1.1    343.7
S2010        16.6     -1.5        24842        33749      300      0.7    322.3
S1840        15.9     -2.3        22439        42557      300      1.1    211.1
S2032        18.7     -2.0        26962        48122      300      1.3    165.8
S0634        17.1     -0.5        28634        39577      300      1.5    234.3
S0371        18.1     -2.0        23063        39907      300      2.6    366.7
S1541        17.8     -2.3        30782        50181      300      2.6    382.2
S0645        17.3     -4.6        47221        61198      300      2.1     52.5
S1556        -1.3      0.6        39060        56830      300      1.7    315.6
S0620        17.0     -0.5        47975        64800      300      1.6    362.4

// === Cluster 32 (10 stops, vol=15.7m3, center=(3.52,1.98)) ===
S0516         2.6      1.6        32722        47941      300      1.2    253.2
S0122         4.1      1.8        28288        36607      300      1.1    188.2
S0205         4.5      2.0        27886        49244      300      0.8    204.2
S0004         6.0      1.8        24928        42852      300      2.5    132.7
S1678         2.1      1.0        24940        39013      300      1.9    209.5
S1365         3.8      1.5        31175        38994      300      2.0     83.7
S1187         3.9      2.3        53282        64800      300      1.5    182.8
S2062         2.6      1.6        54355        64800      300      1.4     67.0
S0873         2.0      2.9        33475        42858      300      1.6    337.8
S0351         3.6      3.3        36882        47984      300      1.7     60.9

// === Cluster 33 (10 stops, vol=15.8m3, center=(13.11,2.91)) ===
S2006        12.6      1.7        34285        48691      300      0.9    359.8
S1330        12.9      3.5        26590        39432      300      0.6    376.4
S0216        10.3      4.1        57397        64800      300      0.5    244.9
S0385        14.4      3.1        30920        51364      300      1.9    327.9
S0456        14.2      2.1        47076        55460      300      2.3     73.2
S1255        14.6      2.6        54567        63283      300      1.8    343.6
S0853        13.3      2.6        44505        52647      300      1.6    188.4
S0509        12.2      1.7        45392        56808      300      1.6     73.4
S0217        12.6      4.8        52483        64800      300      1.7    159.6
S0919        14.0      2.9        33524        52662      300      2.9    160.2

// === Cluster 34 (10 stops, vol=15.9m3, center=(14.54,6.31)) ===
S1934        15.5      6.3        43194        61735      300      1.3    120.6
S1508        13.9      6.7        53167        64373      300      1.4    307.3
S0560        14.6      6.6        48202        64523      300      1.0    226.1
S0446        13.5      6.7        22000        37574      300      0.6    263.9
S0054        13.9      5.8        37704        47196      300      3.0    231.6
S0151        14.9      6.6        37206        46754      300      1.5    190.9
S1626        14.9      6.4        50003        63065      300      1.5    271.8
S1249        14.6      6.5        25069        46399      300      1.9     94.1
S1759        14.7      5.5        22148        40120      300      1.9    391.6
S1655        14.9      6.0        51780        64800      300      1.8    172.2

// === Cluster 35 (10 stops, vol=15.8m3, center=(14.96,4.78)) ===
S0882        15.7      5.1        47072        64800      300      1.2    157.7
S1680        15.9      5.4        56605        63984      300      1.0    363.9
S0650        14.6      4.9        57439        64800      300      1.0    338.8
S0036        13.3      5.9        26852        46567      300      0.7    398.0
S1590        14.9      2.3        30554        51792      300      3.0    200.1
S1241        15.7      5.3        47692        64800      300      1.9    275.0
S0422        13.7      4.7        27545        39892      300      1.9    160.2
S0771        14.7      4.4        36723        57425      300      1.7    353.3
S1745        15.8      5.2        27483        41913      300      1.7    367.6
S2091        15.3      4.6        33430        45213      300      1.7    398.0

// === Cluster 36 (10 stops, vol=16.0m3, center=(5.68,8.68)) ===
S1520         5.9      7.9        34069        54202      300      0.9    307.8
S0194         6.7      9.5        28453        48711      300      2.1    269.6
S1089         5.8      8.2        22184        39077      300      2.5    337.8
S0677         5.1      9.3        54329        64800      300      2.5    153.1
S0625         5.2      9.4        53586        61268      300      1.4    292.3
S0382         5.9     10.3        42810        58030      300      1.0    187.0
S0812         6.6      8.8        29880        39919      300      1.7    156.8
S0971         5.1      9.8        41487        56428      300      0.8    211.5
S0044         4.8      6.2        24302        37114      300      0.7    245.2
S1751         5.7      7.4        32484        43984      300      2.4    189.8

// === Cluster 37 (10 stops, vol=16.9m3, center=(12.10,8.18)) ===
S0234        15.2      9.4        55504        64800      300      0.8    332.4
S0018        12.7     10.5        37122        51556      300      0.9    344.4
S0287        13.2      9.1        44977        61574      300      0.6    277.6
S1550        13.7     10.5        54904        64800      300      1.4    197.9
S1368        13.2      7.6        46759        59734      300      1.6    140.9
S1313        13.4      9.3        21744        38924      300      2.7    171.9
S0393        13.5      8.9        33840        54541      300      2.7    247.8
S0389        12.7      9.9        38805        53988      300      2.2    305.0
S0449         0.6     -1.9        33967        47382      300      1.7    384.6
S0404        12.8      8.5        49351        59635      300      2.3    274.7

// === Cluster 38 (10 stops, vol=15.9m3, center=(18.98,17.89)) ===
S0483        18.7     18.4        27307        47499      300      1.2    164.0
S1343        19.5     17.8        26019        40178      300      1.3     68.2
S1483        18.7     16.0        36552        57434      300      1.4    126.0
S0878        19.0     18.9        28608        45873      300      0.9    380.3
S1209        19.3     17.5        50139        64800      300      0.9    269.2
S0566        18.3     17.3        22382        32579      300      0.9    379.8
S1261        19.4     18.1        49503        64800      300      2.7    232.6
S0542        19.0     18.5        26672        43624      300      1.5     51.4
S0155        19.0     18.3        24646        42620      300      2.3    141.0
S1711        18.9     18.1        39657        51385      300      2.8    315.2

// === Cluster 39 (10 stops, vol=15.8m3, center=(15.02,14.10)) ===
S0960        15.1     14.1        50093        64800      300      1.2    224.8
S0269        15.4     13.5        44031        57242      300      0.9    394.1
S0007        14.9     15.9        32284        43485      300      1.1    109.6
S1598        16.2     14.0        33732        50567      300      1.1    228.3
S0033        14.3     13.0        48292        63440      300      0.5    108.3
S1539        14.0     13.8        56169        64800      300      2.6     59.3
S0616        14.5     15.3        22532        41906      300      2.6    316.3
S0212        15.7     14.3        49303        64800      300      2.0     79.2
S0590        14.0     13.7        31191        49855      300      2.0    383.6
S2050        16.1     13.4        45468        59250      300      1.8    109.8

// === Cluster 40 (10 stops, vol=16.0m3, center=(8.16,19.27)) ===
S0617         7.9     19.7        40388        52653      300      0.6    297.2
S1093         8.2     19.8        45284        54011      300      2.5    231.8
S1670         7.6     19.2        44525        53049      300      2.5    323.1
S1303         7.0     19.6        47862        58745      300      1.5    140.2
S1479         6.1     19.6        23008        35966      300      1.1    182.2
S0156         9.2     19.1        48533        60277      300      0.8    332.7
S0807         9.5     19.6        37315        54358      300      0.7    106.9
S1768         9.0     19.2        36398        56478      300      0.7    109.4
S1426         8.2     18.5        34507        54895      300      2.7    307.0
S1919         8.9     18.4        46897        55564      300      2.9    284.4

// === Cluster 41 (10 stops, vol=17.3m3, center=(-2.77,15.40)) ===
S1308        -3.0     17.6        34983        48820      300      1.0    189.7
S0448        -2.7     17.6        23124        31456      300      0.5    197.8
S1574        -2.9     17.4        52123        63645      300      1.7    196.1
S1650        -4.0     16.9        33751        53317      300      1.6    323.0
S1478        -2.9     16.6        33000        42081      300      1.3    128.2
S0438        -2.9     16.4        21994        40776      300      1.6    317.5
S0995        -1.8     20.0        47226        59958      300      2.5    185.1
S1152        -1.1     -2.2        55611        64800      300      2.3    113.4
S1328        -4.1     16.5        46903        60390      300      2.6    305.4
S0713        -2.3     17.2        34627        48752      300      2.2    131.0

// === Cluster 42 (10 stops, vol=15.7m3, center=(-1.12,6.13)) ===
S1989        -0.7      6.0        29062        41648      300      0.9    367.4
S0166        -2.3      7.1        42798        58903      300      0.5    186.6
S1075        -2.6      6.9        26781        41669      300      0.6     57.9
S0671        -0.9      6.0        46431        57069      300      3.0    396.6
S1176        -0.6      6.3        43918        59430      300      0.7    395.8
S0867        -1.6      4.1        33556        46122      300      0.7    394.1
S0711        -1.9      5.9        42705        60884      300      2.5    269.5
S0804        -0.8      6.1        51102        59179      300      2.5    310.7
S0374        -0.2      4.8        26172        44276      300      1.5    119.3
S0950         0.4      8.1        44263        54590      300      2.8    125.0

// === Cluster 43 (10 stops, vol=16.0m3, center=(4.30,0.30)) ===
S1884         4.0      0.3        22453        39038      300      2.1    188.0
S1149         2.9     -0.9        35613        52822      300      1.3    181.4
S0916         5.9      2.4        39602        53394      300      1.4    155.7
S0093         4.8      1.8        46564        57410      300      1.0    317.5
S1123         1.2      1.6        54643        64800      300      0.7     94.6
S0053         4.8     -2.4        47272        64800      300      0.7    132.4
S1333         4.7      1.2        22898        31796      300      2.0    195.6
S0670         5.0      0.0        24272        36450      300      1.6    167.6
S0519         5.2      0.0        37671        45963      300      2.3    397.4
S0176         4.5     -1.0        46046        61127      300      2.9    200.1

// === Cluster 44 (10 stops, vol=15.8m3, center=(-4.02,0.53)) ===
S1439        -4.5     -0.1        35904        47887      300      1.0    372.6
S1647        -3.4      0.6        23907        34853      300      0.6    247.6
S1818        -3.5      1.2        47368        63239      300      0.8    270.5
S1624        -4.7      0.6        52037        64800      300      2.5    339.4
S1750        -3.6      0.0        23817        33538      300      1.9     57.4
S0667        -5.9      0.2        57444        64800      300      1.9    113.8
S0272        -4.2     -0.1        51552        64800      300      2.4     91.2
S1766        -3.8      0.5        27999        41302      300      1.5    157.1
S1181        -2.0      1.6        35294        50649      300      1.5    342.9
S1374        -4.6      0.8        57513        64800      300      1.7    324.1

// === Cluster 45 (10 stops, vol=15.9m3, center=(-1.35,3.64)) ===
S0895        -2.3      2.2        57059        64800      300      0.5    194.2
S1003        -2.0      4.8        38521        57219      300      1.3    267.5
S0245        -1.8      4.7        49159        64800      300      1.3    250.0
S1395        -2.2      1.8        43223        52726      300      1.4    217.6
S0332        -1.4      3.6        53471        64065      300      2.1     88.1
S0388        -0.7      2.6        49314        63555      300      1.1    398.3
S0142        -4.5      4.5        30082        41738      300      1.1    246.9
S0818        -1.1      4.3        38000        55213      300      2.4    282.3
S0113         1.9      3.5        36440        55293      300      1.8    292.4
S0736         0.6      4.4        31952        46677      300      2.9    284.1

// === Cluster 46 (10 stops, vol=15.9m3, center=(-5.15,2.08)) ===
S0309        -3.1      1.6        52538        64800      300      1.4    372.3
S1000        -4.4      2.5        44160        60698      300      0.7    188.0
S1910        -3.2      1.9        28426        49584      300      0.7     83.6
S1195        -5.0      2.0        56728        64800      300      0.6     85.0
S1671        -5.0      1.5        28269        41179      300      2.0     93.6
S0530        -5.0      2.0        21662        39107      300      2.0    100.3
S1369        -6.8      0.7        51338        64800      300      2.0    260.7
S2051        -7.4      1.3        29834        48252      300      2.0    276.6
S1991        -5.8      4.2        22088        33494      300      1.6    242.2
S0014        -5.8      3.1        36774        47715      300      2.9    237.1

// === Cluster 47 (10 stops, vol=15.9m3, center=(-12.31,15.13)) ===
S0627       -11.8     15.9        46163        55032      300      0.5    325.3
S0281       -12.0     14.0        38504        58045      300      0.9    195.0
S1466       -11.9     15.1        41113        56867      300      1.0    285.6
S1110       -12.8     14.4        44210        60577      300      2.1    244.8
S1467       -14.4     17.2        54641        64800      300      2.5    238.3
S0225       -13.4     14.1        26491        39628      300      1.7    155.0
S0049       -12.0     14.0        42849        51873      300      0.6     59.4
S2019       -10.8     15.8        23960        31917      300      2.4    185.5
S0184       -12.3     16.3        44071        63421      300      1.9    178.1
S1530       -11.7     14.5        37453        55829      300      2.3    169.2

// === Cluster 48 (10 stops, vol=15.7m3, center=(-11.96,3.25)) ===
S1542       -10.4      3.3        51900        64800      300      0.9    382.1
S1314       -12.1      3.1        43577        51017      300      1.1    248.0
S1350        -7.2      5.3        37385        47678      300      1.1    284.7
S0562       -12.6      2.2        42118        53224      300      0.8     86.8
S0502       -14.8      3.5        39984        56834      300      2.5    311.5
S0948       -11.9      1.4        21751        30048      300      2.0    360.8
S2025       -13.6      2.9        46440        55235      300      1.8     89.5
S1944       -13.2      3.7        53261        64800      300      1.5    194.6
S1161       -12.2      3.5        41991        53532      300      1.6    330.2
S0442       -11.6      3.6        26012        45119      300      2.4    283.8

// === Cluster 49 (10 stops, vol=16.0m3, center=(-13.06,-1.51)) ===
S1413       -12.5     -0.8        21639        40622      300      0.9    359.7
S0283       -13.6     -1.8        36178        46799      300      0.9    394.5
S2094       -13.2     -1.2        40729        54720      300      2.1     88.4
S0135       -13.8     -2.1        44148        57951      300      1.8    256.7
S1848       -11.7     -0.5        38261        50269      300      1.3    298.3
S0266       -12.8     -2.2        45651        54855      300      1.1    156.5
S1182       -13.6     -1.4        55877        64516      300      0.8    288.6
S0615       -12.9     -1.9        49480        57649      300      1.9    393.5
S0141       -12.0     -1.4        21618        31950      300      2.3    198.4
S0507       -14.5     -1.8        35241        49379      300      2.9    315.3

// === Cluster 50 (10 stops, vol=15.5m3, center=(-17.93,-9.16)) ===
S1578       -16.3     -9.3        24089        39935      300      0.5    327.7
S1456       -17.8     -8.8        52736        64800      300      0.8    301.9
S0674       -18.7     -9.2        39067        47360      300      1.4    121.1
S1096       -18.3     -8.8        56933        64800      300      1.4    263.6
S0945       -18.0     -9.1        45021        63607      300      1.5     53.1
S0211       -18.3     -9.8        32963        44802      300      1.1     86.7
S0406       -18.5     -9.4        35844        49573      300      1.7    121.9
S1358       -17.6     -8.6        52786        64800      300      2.6    337.0
S1222       -18.7     -8.9        45580        61366      300      2.3    379.7
S0877       -17.1     -9.7        45725        58393      300      2.2    121.8

// === Cluster 51 (10 stops, vol=17.4m3, center=(-14.90,-2.79)) ===
S0335       -18.1     -2.3        27817        35659      300      1.6    113.5
S1234       -17.7     -2.9        33356        54537      300      1.7    323.0
S1214       -17.1     -2.5        28534        44171      300      0.7    317.0
S1970       -16.3     -2.6        45988        56176      300      1.8    366.1
S1555       -16.1     -2.3        25109        36401      300      0.8     56.2
S1287       -15.9     -3.5        27604        39162      300      0.8    231.7
S0685       -15.4     -3.0        27697        45347      300      2.1    216.8
S0553       -15.6     -2.1        53384        64800      300      2.3    112.0
S0613       -15.2     -3.7        29351        49299      300      2.8    196.4
S1301        -1.6     -3.0        54466        64800      300      2.8    310.9

// === Cluster 52 (10 stops, vol=15.7m3, center=(-5.44,-6.21)) ===
S0108        -4.0     -6.4        43662        52127      300      1.1    362.0
S1210        -4.5     -4.4        24702        41922      300      0.5    300.8
S1932        -6.2     -5.5        31993        48710      300      0.7    137.8
S0595        -4.4     -5.6        34060        52202      300      2.5    181.8
S1773        -6.4     -5.4        34515        49634      300      1.3    343.7
S1788        -4.8     -5.3        54239        64800      300      2.2    245.3
S0250        -5.7     -7.2        55947        64800      300      1.7    215.7
S0868        -6.5     -6.0        27737        44950      300      1.7    112.0
S1373        -6.0     -8.0        52790        60091      300      1.7    238.0
S0306        -5.9     -8.3        33891        43154      300      2.3    258.8

// === Cluster 53 (10 stops, vol=15.8m3, center=(-12.95,-9.92)) ===
S0554       -11.7    -10.5        36655        56152      300      1.0    362.1
S1416       -13.3     -8.6        26777        36298      300      1.1    103.6
S1657       -12.6    -10.7        49780        59071      300      0.7    397.5
S0257       -11.3    -10.4        36776        55404      300      0.7    297.8
S0605       -14.4     -9.1        26278        36891      300      1.4    190.0
S1972       -13.4     -9.8        31153        50390      300      2.0    109.6
S0763       -12.6    -10.8        37191        52335      300      2.2     75.7
S0926       -13.5     -8.7        44919        62187      300      2.3    384.9
S1935       -14.5     -8.8        55094        64800      300      1.6    372.8
S1132       -12.2    -11.8        32479        44919      300      2.8     68.7

// === Cluster 54 (10 stops, vol=16.0m3, center=(-18.65,-15.66)) ===
S0485       -18.9    -15.2        47267        64800      300      2.5    296.1
S1113       -17.3    -16.9        47168        55839      300      2.5    316.4
S1147       -17.5    -17.2        43979        63491      300      1.3    126.0
S0962       -17.6    -15.3        25459        40612      300      1.0    293.4
S1327       -17.8    -16.6        42832        50578      300      0.8    266.3
S0042       -18.7    -15.1        46986        64740      300      0.8    170.6
S1329       -19.8    -15.7        37284        45833      300      0.7    109.8
S1120       -19.7    -15.4        54470        64800      300      1.6    329.7
S0584       -19.4    -14.8        41171        52716      300      1.9    380.4
S0802       -19.8    -14.4        56957        64800      300      2.9    219.4

// === Cluster 55 (10 stops, vol=17.5m3, center=(-13.03,-8.86)) ===
S1447       -14.8    -11.0        52888        64800      300      0.8    120.2
S1755       -14.4    -10.5        54029        64800      300      1.4     77.5
S1645       -15.2     -8.6        28579        40021      300      0.6    361.3
S1952       -14.3    -10.1        34280        55798      300      0.7     65.0
S1756       -14.6     -8.8        53456        61068      300      1.0    397.0
S1995       -15.3     -9.1        31586        51337      300      2.2    288.4
S0555       -13.6    -10.6        55239        64800      300      2.3    305.4
S1383       -15.3     -9.8        42102        63629      300      2.7    264.4
S1129       -15.7     -9.3        44490        64407      300      3.0    381.9
S1733         2.9     -0.8        36235        55801      300      2.8    101.1

// === Cluster 56 (10 stops, vol=16.0m3, center=(-13.51,-11.71)) ===
S1912       -12.7    -11.0        37895        59298      300      0.6    101.0
S1411       -14.5    -12.2        24174        45625      300      1.3    228.6
S1095       -14.0    -12.4        22376        42796      300      1.3     80.4
S1202       -13.7    -12.6        44688        56904      300      1.2    272.5
S1529       -13.4    -10.6        50637        61715      300      1.5    138.7
S1684       -13.0    -12.3        29934        40552      300      2.2    203.3
S0133       -13.3    -11.2        35740        51785      300      1.7    333.5
S0467       -13.4    -11.2        37954        54497      300      0.7    162.2
S0400       -13.9    -11.8        47992        56795      300      2.7    162.0
S0755       -13.2    -11.8        35292        51516      300      2.8     86.6

// === Cluster 57 (10 stops, vol=15.7m3, center=(-10.80,-14.03)) ===
S1914        -9.8    -15.3        41847        57394      300      1.2    170.0
S1807       -11.1    -14.9        44767        61196      300      0.9    372.6
S0136       -10.1    -13.0        46742        64127      300      0.6    208.1
S0929        -9.0    -14.5        29824        44705      300      1.3    144.1
S2048       -10.9    -14.7        27298        39294      300      1.9    229.2
S0800       -12.5    -14.5        49768        64800      300      2.1    212.0
S0587       -12.7    -13.6        49225        64800      300      1.5    359.9
S0578       -10.2    -14.1        31283        50615      300      1.6    318.7
S1521       -12.5    -13.8        43556        55724      300      2.3    341.2
S1633        -9.2    -11.9        37925        59437      300      2.3    295.5

// === Cluster 58 (10 stops, vol=17.5m3, center=(-13.52,-17.24)) ===
S0515       -15.9    -19.7        54471        64800      300      2.0    230.5
S1659       -16.8    -18.4        45400        63068      300      1.3    239.9
S1869       -15.8    -19.1        43873        54970      300      0.7    259.1
S0380       -14.4    -19.4        43097        60068      300      1.9    169.5
S1690       -14.0    -19.3        32732        49388      300      0.6    104.3
S1998       -13.3    -19.2        57386        64800      300      2.4    371.2
S1049       -13.8    -18.5        49409        64800      300      0.9     60.6
S0597       -15.7    -17.4        50126        59898      300      2.1    350.6
S1792        -0.3     -2.9        23935        31279      300      2.7     65.7
S0545       -15.2    -18.5        51409        64800      300      2.9    338.1

// === Cluster 59 (10 stops, vol=15.9m3, center=(-6.34,-14.84)) ===
S0643        -6.9    -15.3        29348        47805      300      1.2    133.3
S0376        -5.7    -17.0        43128        62223      300      2.5     91.1
S1432        -6.2    -13.1        47654        55392      300      1.7    105.9
S1065        -5.7    -14.9        42185        57804      300      0.7    121.7
S1407        -7.0    -14.0        50650        62859      300      0.6     59.1
S1754        -5.1    -14.7        54094        64800      300      0.6    263.9
S1701        -7.8    -15.8        29007        44831      300      2.4    346.2
S1082        -6.2    -15.0        48723        62379      300      1.5    150.5
S0249        -5.2    -14.2        39881        49442      300      1.9    228.5
S1868        -7.6    -14.4        31218        43345      300      2.8    281.5

// === Cluster 60 (10 stops, vol=15.9m3, center=(-5.39,-3.78)) ===
S0045        -5.0     -3.7        36595        45077      300      1.2    314.5
S0003        -6.2     -4.0        41350        51102      300      0.9    259.9
S0869        -7.0     -2.9        38919        50480      300      2.1     50.2
S0330        -4.9     -4.3        56480        64800      300      0.7    110.3
S1455        -6.0     -2.3        33116        51011      300      0.6    285.7
S0610        -7.0     -3.5        37190        58187      300      3.0    179.3
S1579        -3.6     -4.6        48838        64800      300      2.4    344.4
S0603        -3.9     -3.4        43149        63806      300      1.5    353.9
S1088        -7.1     -4.6        22849        34537      300      1.9    139.4
S1667        -3.2     -4.5        24438        33676      300      1.6    168.0

// === Cluster 61 (10 stops, vol=15.8m3, center=(-1.39,-3.50)) ===
S0820        -0.0     -2.0        42585        64007      300      1.3    132.7
S1398        -1.2     -2.0        37712        53937      300      1.0    337.4
S1079        -2.0     -1.7        23711        40684      300      1.1    195.0
S1812        -2.6     -4.3        46633        55757      300      1.1    300.0
S1458        -0.8     -4.1        33647        42885      300      0.6    249.2
S1622        -1.6     -5.6        31770        47427      300      2.6    118.6
S0149        -2.0     -4.2        24368        34203      300      2.0    205.1
S0894         0.4     -2.9        31228        41811      300      2.0    353.4
S1033        -3.0     -5.4        29095        40810      300      2.4     73.4
S1471        -1.1     -2.8        27789        35395      300      1.7    314.7

// === Cluster 62 (10 stops, vol=15.8m3, center=(-2.83,-6.38)) ===
S0596        -1.8     -6.8        36875        47129      300      1.2    213.7
S1053        -3.3     -5.5        22633        34466      300      1.0    302.9
S0988        -2.3     -4.8        35933        56560      300      1.0     78.0
S1562        -3.3     -7.9        35314        45900      300      0.6    258.0
S0169        -3.8     -4.5        26012        34670      300      0.6    321.1
S0773        -4.0     -6.8        39809        51582      300      2.5    303.4
S0612        -2.8     -7.6        50289        64800      300      2.6    190.4
S0958        -2.3     -8.0        33399        44644      300      2.1    309.5
S0192        -3.2     -6.7        50019        63821      300      2.4    380.9
S1335        -1.5     -5.2        49270        64800      300      1.8    231.0

// === Cluster 63 (10 stops, vol=15.9m3, center=(0.02,-11.70)) ===
S1566         0.3    -12.2        25865        38187      300      1.3    260.0
S0110         0.4    -12.2        47937        64800      300      1.4     52.8
S0930        -0.0    -11.3        30081        41046      300      2.1    346.3
S0708        -0.8    -12.3        32309        48917      300      1.7    169.1
S1276         1.4    -11.6        51230        64800      300      0.7    164.1
S1229        -0.4    -11.8        31058        40885      300      0.6     70.1
S0454         0.4    -12.2        28842        41816      300      2.6    167.6
S0529        -0.8    -10.6        55235        64800      300      1.5    160.5
S0413        -0.8    -11.4        48944        63894      300      2.2    325.7
S1190         0.5    -11.4        26920        34697      300      1.8    357.7

// === Cluster 64 (10 stops, vol=15.8m3, center=(-0.60,-15.77)) ===
S1916        -1.4    -17.1        26261        46225      300      1.2    233.5
S0241        -1.3    -16.3        54772        64800      300      0.9    218.2
S1915         0.3    -14.9        40986        55040      300      0.9    170.7
S1767        -0.3    -16.4        36848        50854      300      0.5    325.1
S2044        -0.3    -15.7        30732        40277      300      3.0    156.8
S0117         0.1    -14.4        50014        64800      300      0.8    323.9
S1106        -0.6    -16.3        41271        56573      300      1.9     58.6
S1610        -0.9    -14.7        44022        58478      300      1.9    297.0
S0159        -1.3    -15.9        28838        42897      300      2.3    142.5
S0261        -0.3    -16.0        24288        37193      300      2.4    202.0

// === Cluster 65 (10 stops, vol=15.8m3, center=(-0.73,-18.34)) ===
S0472        -0.7    -18.8        37391        51307      300      1.3    388.7
S0008        -1.7    -17.3        44173        60824      300      1.3    264.0
S0513        -0.7    -19.9        25018        32792      300      0.9    153.4
S1782        -0.6    -17.9        37152        53486      300      0.9     74.4
S1618         0.4    -16.4        35607        52372      300      0.6    193.1
S1880        -0.4    -17.5        34410        48673      300      1.9    241.2
S0848        -1.0    -19.1        44126        63785      300      2.0    217.6
S1284         0.1    -17.9        37849        53087      300      2.0    209.9
S0992        -1.2    -19.4        56338        64800      300      2.1    118.3
S1593        -1.5    -19.2        41214        53793      300      2.8    286.5

// === Cluster 66 (10 stops, vol=15.6m3, center=(-0.34,-9.36)) ===
S2052         0.4     -8.9        23271        41383      300      1.1    101.0
S1080        -0.2     -8.3        38239        58047      300      0.6    349.8
S1595        -0.4    -10.0        53887        64800      300      0.7    355.5
S0839        -0.4    -10.3        55932        64800      300      1.4    143.2
S0922        -1.0     -8.4        32446        48051      300      1.4    210.0
S1781         0.8     -7.5        42895        51145      300      1.5    310.7
S1604        -1.2    -10.7        38254        48763      300      1.7    170.4
S0589        -0.0     -8.6        22789        36172      300      1.8    344.9
S1961        -0.6    -10.8        40553        58536      300      2.7    161.4
S0177        -0.8    -10.1        47988        64800      300      2.7    104.2

// === Cluster 67 (10 stops, vol=15.8m3, center=(5.85,-10.03)) ===
S0098         2.6     -9.7        27478        49063      300      1.2    255.5
S0493         6.0    -10.0        31102        51541      300      0.9    305.0
S1764         5.8    -10.3        51219        62368      300      0.9     50.3
S2008         7.9     -9.3        33616        52506      300      0.9    282.5
S1780         5.5     -8.8        31652        51587      300      0.5    287.6
S1736         7.5    -11.2        56185        64800      300      2.5    358.7
S2045         6.5     -9.3        47766        64800      300      1.8    340.2
S0494         6.0     -9.9        55863        64109      300      1.7    167.0
S1084         5.9    -10.5        22102        30663      300      2.7    120.5
S1344         4.8    -11.3        25678        40708      300      2.7     94.0

// === Cluster 68 (10 stops, vol=15.7m3, center=(6.45,-7.87)) ===
S1674         5.0     -7.7        48085        60679      300      1.0    334.9
S1843         6.5     -8.8        28731        39984      300      1.1    270.6
S0740         7.0     -8.4        32116        41367      300      0.5     99.1
S1305         7.5     -5.8        51449        64800      300      0.6     67.2
S2076         7.1     -6.3        33400        51253      300      0.7     94.1
S0027         3.8     -7.3        44683        58757      300      0.7    153.1
S1854         7.1     -9.1        46999        58438      300      2.9    178.6
S1499         7.1     -7.6        52328        64800      300      2.8    349.9
S0475         7.0     -8.5        41155        53492      300      2.7    285.6
S0310         6.4     -9.2        37511        55912      300      2.7     71.0

// === Cluster 69 (10 stops, vol=16.0m3, center=(-0.26,-5.75)) ===
S1491         0.3     -3.9        54702        64800      300      1.2    328.0
S1034        -0.0     -4.9        31004        52259      300      1.4    199.0
S0128        -0.9     -6.6        30800        42922      300      1.4    158.2
S0167        -0.5     -6.5        54607        62318      300      2.2    375.2
S0185        -0.7     -8.0        22519        37903      300      2.2     81.8
S1721        -2.0     -5.5        49678        64800      300      2.2    390.6
S1230         0.7     -4.0        38099        47567      300      0.8    266.5
S0782        -0.2     -5.7        38123        55632      300      0.7    324.9
S0666         2.0     -5.1        54628        64800      300      1.6    138.8
S1797        -1.3     -7.3        31011        49384      300      2.3    375.7

// === Cluster 70 (10 stops, vol=16.0m3, center=(2.13,-8.78)) ===
S1475         2.8     -8.7        54021        64800      300      0.6    370.5
S0762         1.9     -9.6        52014        62574      300      2.1     85.4
S0418         1.4     -8.9        22876        41528      300      1.3    179.5
S1957         1.0     -7.5        30592        45015      300      1.3    253.1
S1221         2.1     -9.5        28622        46204      300      1.5    113.3
S1676         3.0     -9.0        53056        60731      300      1.0    231.9
S1611         1.8     -8.8        32204        43380      300      2.2    371.1
S0546         1.1     -7.1        53530        64800      300      1.1     82.1
S0101         4.2     -8.8        35168        45962      300      2.6    169.3
S0789         2.0     -9.9        54840        64800      300      2.3    323.4

// === Cluster 71 (10 stops, vol=15.9m3, center=(5.56,-12.04)) ===
S1707         6.7    -10.0        54767        64800      300      0.5    207.9
S1864         6.7    -12.5        34300        45867      300      1.3     68.3
S1473         4.8    -12.8        45628        64800      300      1.3    251.7
S0774         4.5    -11.9        40571        52809      300      1.3    399.4
S0832         4.6    -13.2        41372        50654      300      0.8    178.8
S1387         7.1    -10.9        21607        30481      300      0.8    171.0
S1700         4.4    -12.5        45074        57299      300      1.9    193.7
S0455         6.6    -12.4        28306        37041      300      2.3    286.4
S0523         5.3    -12.6        40969        60075      300      2.9    381.9
S0132         4.9    -11.6        53674        64800      300      2.8    283.4

// === Cluster 72 (10 stops, vol=16.0m3, center=(13.55,-14.54)) ===
S0347        13.9    -14.8        52267        64800      300      0.9    243.4
S0678        13.5    -15.1        41099        56960      300      0.9    185.9
S1111        14.2    -13.5        32037        52540      300      0.9    354.1
S1885        12.2    -14.4        57033        64800      300      1.2    387.1
S0180        13.0    -14.6        41952        52016      300      1.0    220.2
S0680        14.3    -15.5        52556        64800      300      2.2     69.9
S0162        12.2    -14.3        55238        63618      300      1.1    276.8
S0717        14.1    -15.4        40752        50153      300      2.6    281.5
S1580        13.8    -14.1        22731        40213      300      2.3    388.8
S2034        14.3    -13.7        55149        64800      300      2.9    152.8

// === Cluster 73 (10 stops, vol=16.0m3, center=(13.63,-16.77)) ===
S0872        15.0    -17.1        26410        42630      300      0.9     65.8
S0723        12.1    -16.9        52425        64800      300      2.5    106.4
S1775        14.2    -16.1        39179        53451      300      1.4    211.7
S0427        12.4    -12.2        27168        44154      300      0.8    157.4
S1435        14.0    -17.8        24654        42247      300      0.7    237.5
S2075        14.3    -17.4        34021        43862      300      2.7    312.2
S0031        13.9    -18.2        34189        43608      300      1.6    129.7
S0994        12.8    -17.1        44128        56909      300      1.6    220.2
S1459        14.4    -18.0        41339        55677      300      1.9    207.5
S1304        13.2    -16.9        44873        63621      300      1.9    323.4

// === Cluster 74 (10 stops, vol=16.0m3, center=(9.54,-12.89)) ===
S1177        10.4    -13.0        54404        61820      300      0.9    160.4
S0669         9.2    -12.4        28599        39846      300      0.6    394.5
S0879         9.4    -12.0        54218        64800      300      1.5    234.2
S0535         9.0    -11.3        27252        41486      300      1.5    245.8
S1299        10.0    -13.6        31588        49398      300      1.4    119.5
S1048         9.2    -13.2        54485        64800      300      1.4    257.6
S0302        10.3    -14.1        54958        64800      300      2.2    192.9
S1943         9.1    -12.6        37548        48015      300      1.1    182.8
S1900         9.3    -13.9        25967        40864      300      3.0    217.5
S1747         9.5    -12.8        22293        39530      300      2.4    338.6

// === Cluster 75 (10 stops, vol=16.0m3, center=(18.26,-4.72)) ===
S0308        20.0     -3.7        39508        52252      300      0.6    398.3
S1918        18.0     -5.0        24097        34783      300      1.0    152.0
S1228        17.8     -5.9        47447        64299      300      2.2    211.7
S1705        16.2     -5.6        56344        64800      300      1.1    371.0
S0411        18.6     -4.2        25233        42334      300      0.8    157.2
S1019        19.3     -3.4        30573        45675      300      0.7    269.0
S0240        18.1     -4.5        43146        61732      300      3.0     53.3
S0357        17.9     -4.0        22864        34023      300      2.0    103.8
S1509        17.5     -5.8        27425        38306      300      2.3     75.4
S1504        19.2     -5.1        24270        37351      300      2.3    258.0

// === Cluster 76 (10 stops, vol=15.9m3, center=(15.12,-5.97)) ===
S0231        15.3     -6.7        47924        62541      300      1.3    119.3
S0391        14.5     -6.3        38937        47093      300      0.9    216.3
S0256        14.0     -6.2        34999        51624      300      1.1    383.3
S0582        17.4     -7.4        28027        41623      300      1.7    171.6
S1847        13.3     -1.7        22396        36977      300      1.7    212.4
S0932        15.0     -6.8        29668        41112      300      0.7     55.9
S0831        14.5     -6.4        43921        60203      300      2.7    331.6
S0543        15.2     -5.2        57374        64800      300      2.2    288.6
S1789        16.7     -6.5        48364        64800      300      1.8    138.5
S0966        15.3     -6.5        37721        54684      300      1.8     65.4

// === Cluster 77 (10 stops, vol=16.0m3, center=(11.43,-12.48)) ===
S2061        10.8    -14.2        51950        64800      300      0.6    225.3
S1131        11.4    -13.1        32161        53484      300      1.3    190.6
S1125        11.3    -10.9        28495        44701      300      1.2    148.8
S1858        12.1    -14.3        41828        53078      300      1.4    325.2
S0761        11.8    -11.3        50016        60985      300      2.2    344.0
S1263        10.6    -11.8        35573        47865      300      1.1    201.4
S1941        10.6    -12.5        29204        36911      300      2.6    371.7
S0883        10.7    -13.2        49015        63709      300      1.7    249.2
S1996        11.6    -10.7        34353        47635      300      2.0    320.5
S0264        13.4    -12.8        32480        44482      300      1.9    162.7

// === Cluster 78 (10 stops, vol=15.6m3, center=(9.20,-5.72)) ===
S0606         8.6     -5.8        54052        62834      300      0.9    351.2
S0954         9.6     -5.1        36011        56337      300      0.5     95.4
S0747         7.9     -4.6        25791        39845      300      0.7     73.7
S0856         9.6     -6.0        51684        59692      300      1.2    369.7
S1828         8.1     -5.5        27557        45572      300      1.2    182.6
S0694         9.8     -6.9        55061        63131      300      2.0     94.1
S1355         9.6     -5.5        29559        45949      300      1.4    250.0
S1763         9.6     -5.3        33949        48144      300      2.5    365.2
S0059         9.3     -5.3        42053        54759      300      2.6    341.3
S1072         9.9     -7.2        36842        47202      300      2.6    310.9

// === Cluster 79 (9 stops, vol=17.9m3, center=(15.44,4.46)) ===
S0588        18.4      5.3        49518        59585      300      2.8    107.5
S0120        18.7      3.7        23650        43621      300      2.1    190.1
S0390        18.2      4.2        24662        34050      300      2.9    246.6
S0989        17.5      4.5        50461        64800      300      0.9     65.9
S1097        16.3      7.4        39957        60348      300      2.7    293.4
S0881        17.4      4.4        22443        40696      300      1.1    348.9
S1930        17.3      4.7        57510        64800      300      0.7    148.4
S1198        16.4      5.2        41219        62351      300      2.0    134.8
S2058        -1.2      0.7        34274        49139      300      2.7    295.7

// === Cluster 80 (9 stops, vol=15.9m3, center=(16.72,2.86)) ===
S0712        17.3      3.2        57445        64800      300      1.3    150.0
S1725        15.1      3.3        51652        60910      300      1.7     56.0
S0429        17.2      3.4        46422        64800      300      0.8    187.8
S0473        16.8      1.7        23410        40536      300      2.7    352.7
S1693        18.1      3.4        51044        63307      300      2.4    381.0
S0114        16.8      3.4        25874        38412      300      1.5    356.1
S0298        17.1      2.6        22232        35557      300      2.3    161.0
S0369        18.4      2.9        55457        64800      300      1.6    332.2
S1012        13.7      1.8        57055        64800      300      1.6    130.8

// === Cluster 81 (9 stops, vol=15.6m3, center=(9.54,1.03)) ===
S1841         9.8      0.7        32106        43049      300      0.9    272.6
S1286         7.7     -0.2        30558        44998      300      0.5    249.7
S0228         9.8      1.2        57044        64800      300      0.6    384.2
S1191        10.6      1.9        28954        41028      300      2.0    355.2
S1967         9.3      1.9        32573        47261      300      2.1    165.8
S2036         8.0      1.2        57377        64800      300      2.1    373.7
S0672         9.3      0.4        53945        64800      300      1.6     99.2
S0478        11.3      1.4        46325        64800      300      2.9    233.7
S0356        10.1      0.8        51185        61857      300      2.9     58.1

// === Cluster 82 (9 stops, vol=15.9m3, center=(14.61,-0.77)) ===
S0461        14.4      0.1        35595        54218      300      0.5     98.7
S1503        15.4     -0.7        24865        40806      300      1.3    198.9
S0719        14.8      0.2        31047        38894      300      0.6    279.5
S0860        14.6      0.5        35399        46659      300      3.0    107.9
S0207        14.3     -1.2        46083        59576      300      1.5     95.4
S2087        15.1     -1.1        36176        43833      300      2.2    107.6
S1300        14.1     -2.0        25607        38687      300      2.2    331.6
S0687        15.1     -1.2        34085        45892      300      2.3    349.9
S0236        13.7     -1.5        45762        60305      300      2.3    153.7

// === Cluster 83 (9 stops, vol=15.9m3, center=(19.39,4.74)) ===
S1929        19.5      2.3        49479        64800      300      1.0    261.5
S0686        20.0      3.0        36061        43871      300      2.1    251.6
S0825        19.7      4.0        46491        64800      300      2.1    246.8
S1174        19.1      5.8        46026        64800      300      1.1    243.2
S0251        19.0      5.7        42067        58567      300      1.1    150.8
S1055        18.3      5.0        56271        64800      300      1.1    380.5
S1116        19.7      4.9        42582        54809      300      2.7    336.0
S0537        19.8      6.2        36232        57055      300      2.4    181.2
S0905        19.4      5.8        52472        64800      300      2.3    267.7

// === Cluster 84 (9 stops, vol=16.0m3, center=(9.41,6.86)) ===
S0274        10.7      8.3        29708        39163      300      2.5     51.7
S1008         9.7      6.7        33913        46715      300      1.5    240.2
S0146         8.0      5.2        54614        64800      300      1.5    214.9
S0943         7.1      4.2        38522        55945      300      1.0    192.4
S0198         9.4      9.1        22254        35565      300      2.2    258.6
S1108        11.4      5.9        48034        63296      300      2.2    173.8
S0282         8.9      7.3        51388        64800      300      1.1    247.5
S1397         8.1      7.2        56482        64800      300      2.4    309.6
S0744        11.4      7.8        56726        64800      300      1.6     88.5

// === Cluster 85 (9 stops, vol=15.8m3, center=(8.80,4.51)) ===
S1452         7.9      3.7        53922        64800      300      0.9    311.7
S0947         6.7      4.7        43063        60651      300      0.7    112.5
S0148         8.5      6.6        42941        62443      300      0.7    294.7
S0043         9.6      5.3        46328        53747      300      2.2    165.9
S0748        10.7      2.6        28066        47340      300      2.3    198.1
S0087         8.8      4.0        29332        44946      300      1.6    185.7
S0486         8.3      4.1        31145        49613      300      1.6    334.2
S0489         9.7      5.1        31824        49881      300      2.9    361.8
S0641         9.0      4.5        33214        49671      300      2.9    209.0

// === Cluster 86 (9 stops, vol=16.0m3, center=(7.44,9.73)) ===
S0102         8.9      9.0        31705        51042      300      0.9     68.2
S1617         6.6     10.6        46572        64800      300      1.8    310.7
S0312         6.8      9.8        36402        50866      300      1.8    161.8
S1826         7.3      9.5        52598        62743      300      1.3    218.2
S1883         7.5      9.7        26059        44828      300      1.3    329.6
S0863         9.2      9.9        53015        60884      300      2.2    320.6
S1724         7.3      9.6        33630        53895      300      0.8    369.3
S0468         6.1      9.6        49858        64800      300      3.0    163.3
S2063         7.3      9.9        28415        49355      300      2.9    166.6

// === Cluster 87 (9 stops, vol=17.4m3, center=(12.61,10.71)) ===
S1551        15.4     12.4        28519        38237      300      1.5    304.5
S2070        14.5     12.6        26907        36281      300      1.6    283.0
S0289        14.0     12.0        26647        34121      300      1.2    255.9
S1465        14.8     10.2        44993        63348      300      1.4    383.4
S2047        13.7     11.9        23707        37641      300      1.9    160.9
S0153        14.2     12.9        51907        64800      300      2.2    247.4
S0420        14.7     12.3        55064        64800      300      2.4    392.7
S0144        -2.3     -0.8        47625        64142      300      2.5    372.7
S1522        14.5     12.9        37236        46526      300      2.7     70.9

// === Cluster 88 (9 stops, vol=15.8m3, center=(19.36,8.42)) ===
S1408        19.8      9.0        25162        36187      300      1.2    271.7
S1829        19.6      6.5        34047        47934      300      1.3    113.6
S0837        19.1      9.6        25253        45132      300      0.6    224.8
S0534        18.9      7.7        31824        49818      300      0.6    350.9
S1769        19.6      9.1        25029        45487      300      3.0     72.8
S1565        19.9     10.6        46344        61189      300      2.6    309.2
S2066        19.0      8.4        51441        59616      300      2.4    229.8
S0325        19.8      6.3        25952        40414      300      2.4    158.4
S1160        18.5      8.6        32866        45672      300      1.7    234.7

// === Cluster 89 (9 stops, vol=16.9m3, center=(15.80,10.08)) ===
S0215        18.7     10.6        54099        64561      300      0.7    283.7
S0986        18.7     11.6        53290        64800      300      1.4    393.7
S1179        17.4     13.0        38147        49733      300      2.1    349.7
S0914        16.3     11.9        22488        31329      300      1.6    132.1
S1720        18.6     10.8        24274        31960      300      1.9     51.0
S1376        16.8     11.9        50420        58601      300      1.9    382.6
S1810         0.3     -2.6        24463        36760      300      1.9    276.1
S0158        18.2     10.6        48956        64800      300      2.6    222.5
S1602        17.2     12.9        55249        64800      300      2.8    240.6

// === Cluster 90 (9 stops, vol=15.9m3, center=(7.24,-1.26)) ===
S0865         8.1      0.6        48599        59310      300      1.3    174.1
S1528         8.1     -1.4        49889        64800      300      1.0    159.2
S1400         7.6     -0.4        38466        48700      300      1.0    130.6
S1727         7.4     -2.0        21623        37911      300      1.7    350.7
S1069         6.8     -1.6        28578        37206      300      2.7     82.2
S0474         6.7     -1.9        34297        43883      300      2.0    271.8
S0405         6.9     -2.0        45469        64800      300      2.4    228.2
S1757         8.4     -1.2        31569        48436      300      2.2     57.0
S0392         5.2     -1.4        46925        62017      300      1.6    286.9

// === Cluster 91 (9 stops, vol=16.0m3, center=(11.31,15.39)) ===
S1227        12.2     14.7        46616        64668      300      0.6    359.6
S1137        11.0     15.0        48460        60172      300      1.8    333.8
S0557        11.3     13.5        37818        50389      300      1.3    277.2
S1384        11.1     16.6        51822        64800      300      2.2    347.3
S0292        11.5     15.8        39258        58318      300      2.2    219.9
S0910        11.0     16.6        27635        37120      300      2.0    296.3
S0826        10.7     16.5        54084        64800      300      2.0     54.6
S1607        11.8     14.9        43959        55602      300      1.6     76.7
S1997        11.2     14.9        22336        42607      300      2.3    352.8

// === Cluster 92 (9 stops, vol=15.9m3, center=(16.56,17.18)) ===
S2046        16.8     16.7        29727        38023      300      1.1    166.7
S1087        14.2     17.8        27654        48551      300      2.5    273.6
S1348        16.9     17.4        28047        37974      300      1.7    271.8
S2039        17.3     17.4        36565        54892      300      0.8    323.5
S0841        16.3     15.4        47863        60429      300      0.7    118.3
S0020        17.2     17.0        36348        46162      300      2.7    126.5
S1192        17.8     16.2        30532        37924      300      2.0    303.5
S0076        16.4     17.3        37816        54738      300      1.5    247.5
S1866        16.1     19.4        22309        38014      300      2.9    336.9

// === Cluster 93 (9 stops, vol=16.0m3, center=(14.68,19.06)) ===
S1172        13.8     19.0        56115        64800      300      0.6    396.4
S0125        14.9     19.4        32244        51593      300      2.1    379.1
S0608        12.4     17.7        49058        57822      300      1.8    131.9
S2000        15.9     19.8        43701        55043      300      1.5    297.2
S0738        14.8     19.2        42231        61882      300      1.4    164.5
S1412        16.5     19.4        50134        58725      300      1.1    199.8
S0622        14.5     19.2        22307        30941      300      2.7    163.9
S0173        15.1     19.1        26754        35284      300      1.9     70.2
S0827        14.2     18.7        22654        40336      300      2.9    329.7

// === Cluster 94 (9 stops, vol=15.1m3, center=(13.97,16.99)) ===
S0996        13.9     17.6        49024        63153      300      1.5    292.7
S0170        15.0     17.0        44176        59878      300      1.4    315.8
S1021        12.4     16.3        40349        50478      300      2.8    233.9
S0558        14.1     17.0        33889        43394      300      2.8    343.5
S1135        13.5     18.3        45109        60259      300      2.5    142.1
S1057        14.8     17.0        32830        54323      300      1.3    222.9
S0220        14.1     16.8        36563        54372      300      1.3    262.7
S0399        13.8     17.2        28583        49428      300      0.8    257.6
S1500        14.1     15.7        46637        59358      300      0.7     72.5

// === Cluster 95 (9 stops, vol=15.8m3, center=(3.27,6.76)) ===
S1293         2.7      6.9        50890        64800      300      1.2    363.5
S0777         3.2      6.9        47323        64800      300      1.0    123.6
S1274         2.9      6.8        33360        53400      300      0.8    190.9
S0722         3.8      7.5        30180        43042      300      2.5    389.4
S1119         2.6      6.5        28773        47534      300      2.3    259.8
S1297         4.9      6.3        55989        64800      300      2.3    143.4
S0835         3.6      9.1        42606        54522      300      2.3    337.2
S0254         3.5      5.4        30326        51315      300      1.7    340.7
S0757         2.2      5.4        31615        39835      300      1.7    355.9

// === Cluster 96 (9 stops, vol=17.2m3, center=(4.47,13.42)) ===
S1842         4.8     16.2        39020        56932      300      1.1    335.5
S1454         5.8     14.8        33457        44926      300      0.9     58.2
S1164         3.9     13.6        42246        58003      300      0.7    102.3
S0032         5.3     15.9        30989        44845      300      1.7    367.5
S1323         5.3     15.4        34250        46112      300      2.5    186.8
S0633         0.7     -3.0        38551        49489      300      2.4    268.1
S1719         4.9     16.3        54288        64800      300      2.9    321.6
S0598         5.8     15.8        57194        64800      300      2.7    121.2
S1185         3.7     15.8        54990        64706      300      2.3    163.2

// === Cluster 97 (9 stops, vol=15.4m3, center=(5.18,17.29)) ===
S1336         4.6     16.7        32372        44207      300      0.9    262.7
S0767         5.6     17.0        34075        41482      300      3.0    320.4
S1993         6.2     17.8        47956        64800      300      0.5    300.5
S0978         4.5     17.2        36932        48781      300      1.4    131.5
S1425         6.2     17.2        30871        39453      300      1.3    247.9
S1011         5.5     17.0        33348        43449      300      1.6     65.3
S1870         3.9     17.5        25409        39675      300      1.7     99.8
S0842         5.5     17.9        26423        46398      300      2.7    396.7
S1043         4.6     17.3        26011        42891      300      2.3     69.3

// === Cluster 98 (9 stops, vol=17.6m3, center=(6.43,11.04)) ===
S0196         6.7     15.0        25047        41836      300      1.9    192.7
S0123         7.9     14.2        55186        64800      300      2.0    391.8
S1124         7.4     14.2        47337        63401      300      1.7    210.4
S0797         8.0     13.6        50134        59465      300      1.3    340.5
S0440         7.3     13.7        49663        59524      300      1.8     57.1
S1025         7.5     12.6        57173        64800      300      2.1     72.8
S0407         4.1      0.7        38808        53177      300      1.7    139.5
S1779         1.2      0.8        38860        53615      300      2.4    294.5
S0770         7.8     14.6        45453        62223      300      2.7    322.3

// === Cluster 99 (9 stops, vol=15.6m3, center=(9.94,16.76)) ===
S0734         8.8     16.0        35573        45114      300      1.2    164.3
S0840        10.3     16.4        47864        63890      300      1.2    101.3
S0183         8.5     17.3        25717        43226      300      0.8    307.9
S1271         9.4     17.5        44053        60394      300      2.1    371.5
S2053        10.9     17.6        32559        42778      300      1.6    232.2
S0696         9.9     16.2        32928        42619      300      1.6    300.7
S0809         9.6     17.7        26324        42204      300      1.8    127.7
S1853        11.2     14.6        30631        51647      300      2.9     51.2
S1173        10.9     17.5        50196        59042      300      2.4    134.3

// === Cluster 100 (9 stops, vol=15.9m3, center=(5.81,12.69)) ===
S0639         7.2     12.4        40580        54852      300      1.2     51.9
S0957         6.2     11.7        45835        56080      300      2.1    255.1
S1167         7.4     11.9        37018        51144      300      1.1     69.6
S1062         5.4     12.7        45126        55653      300      1.7    109.9
S1811         5.3     11.7        38030        48092      300      0.8    375.3
S2013         5.7     13.1        29043        48210      300      2.6    168.3
S2098         4.7     15.0        57247        64800      300      2.3    284.4
S1954         4.7     13.0        33226        42736      300      2.3    199.1
S0522         5.7     12.7        38521        54795      300      1.8    331.1

// === Cluster 101 (9 stops, vol=17.4m3, center=(11.87,11.64)) ===
S0111        13.3     14.5        45625        61598      300      1.8    383.1
S0157        13.4     13.0        39888        56404      300      1.3    136.1
S1207        12.7     12.5        49489        60171      300      0.9    109.8
S0379        12.9     11.7        33797        53047      300      0.9     80.7
S1889        13.0     14.9        30073        49825      300      2.4    399.4
S0006        12.8     14.5        21699        39639      300      2.6    196.8
S1902        12.6     12.6        31202        39680      300      2.6    181.9
S1356        13.8     11.1        53996        64800      300      2.4    310.6
S1971         2.3      0.0        36415        47918      300      2.5     76.7

// === Cluster 102 (9 stops, vol=15.2m3, center=(1.10,18.52)) ===
S1666         2.7     18.8        21721        41563      300      1.6    331.7
S1464         0.7     19.2        21905        30496      300      1.1    179.7
S0200        -0.1     18.5        42635        57125      300      2.9    206.9
S1741         0.2     19.5        27539        42881      300      2.8    240.7
S0026         1.4     17.7        54645        64800      300      2.0    221.3
S1516         0.4     19.6        27950        46526      300      1.3     58.2
S0451         0.5     18.4        49739        64800      300      0.9    373.6
S1366         2.2     17.6        51810        64800      300      1.8     92.4
S1614         1.9     17.4        28822        47830      300      0.8     60.6

// === Cluster 103 (9 stops, vol=15.9m3, center=(0.46,15.76)) ===
S0252         0.8     15.4        44540        55180      300      1.2    385.7
S1409         2.3     17.5        50382        64591      300      2.1    193.4
S0665         1.0     14.1        35939        44537      300      1.1    100.7
S1646        -0.8     15.1        30310        51885      300      0.6    321.5
S0779         0.4     14.8        30452        51127      300      0.6    289.5
S0189        -0.1     16.2        24282        43555      300      2.7    356.0
S0656         0.5     16.3        34255        48569      300      2.4    181.0
S1490         1.6     17.1        43420        54581      300      2.3    331.8
S1130        -1.6     15.3        37131        58106      300      2.9    300.2

// === Cluster 104 (9 stops, vol=16.0m3, center=(-1.56,14.57)) ===
S0815        -3.0     15.1        35511        49481      300      0.9    396.9
S1270        -2.1     15.1        37198        52095      300      0.6    189.6
S1816        -1.1     13.5        42760        55511      300      1.8    209.2
S2026        -0.2     15.3        53896        62973      300      2.5    177.3
S1582         0.2     15.0        30876        46817      300      2.0    259.5
S0291        -1.5     14.7        23424        37006      300      2.4    376.4
S1094        -2.8     14.6        30609        50027      300      1.6    110.9
S0642        -1.7     13.7        29043        49464      300      1.9     59.4
S1005        -1.8     14.1        24225        31485      300      2.3     54.0

// === Cluster 105 (9 stops, vol=17.1m3, center=(-4.84,15.97)) ===
S0600        -5.8     18.2        55198        64800      300      1.4     59.3
S1206        -5.2     17.6        54786        64529      300      0.6    255.5
S1389        -4.6     17.6        40473        60369      300      1.1    243.8
S0733        -5.5     17.9        38460        56512      300      1.6    159.5
S0284        -4.1     17.9        37441        48297      300      2.8    294.0
S0599        -6.7     18.5        28317        43735      300      2.1    351.3
S0704         0.5      0.6        47149        61571      300      1.8     81.8
S1823        -5.9     17.2        34196        51883      300      2.7    253.8
S0888        -6.3     18.2        35069        55990      300      3.0    281.6

// === Cluster 106 (9 stops, vol=16.0m3, center=(-3.74,10.21)) ===
S0903        -3.8     10.3        32732        48020      300      0.9    350.1
S0129        -4.9      8.7        42843        57969      300      1.3     66.1
S1686        -4.0     11.0        23830        40384      300      1.2    302.5
S1609        -2.8     10.7        50056        64800      300      1.2    221.3
S1017        -5.0     10.4        40231        56764      300      1.1    346.0
S1698        -4.2     10.3        45348        64800      300      2.7    308.5
S1722        -3.3      8.4        54524        64800      300      2.4    145.9
S0828        -0.8     12.1        22119        31581      300      2.3    234.6
S1340        -4.9     10.0        31789        48960      300      2.9    229.4

// === Cluster 107 (9 stops, vol=15.4m3, center=(-12.09,18.49)) ===
S0805       -11.8     17.6        24920        41082      300      1.3    195.5
S0925       -12.7     20.0        26502        45415      300      1.3    340.8
S0726       -11.5     17.5        37033        44989      300      1.3    318.1
S1482       -11.1     18.7        38929        53360      300      1.3    119.7
S0190       -13.3     17.1        35369        56079      300      1.1    209.8
S0721       -12.6     17.5        53051        62786      300      2.6    252.3
S1801       -12.8     19.8        27386        44961      300      2.1    122.3
S1649       -11.7     19.7        41414        52516      300      2.2    142.1
S0901       -11.3     18.5        55742        64800      300      2.2    251.7

// === Cluster 108 (9 stops, vol=16.0m3, center=(-13.79,15.44)) ===
S0913       -13.5     15.7        43323        51274      300      2.1    373.6
S1905       -13.3     16.2        23167        36232      300      1.2    356.2
S1827       -13.1     15.9        23881        41113      300      1.4    384.2
S0336       -14.3     14.8        31948        49046      300      2.2    367.7
S0317       -14.6     15.8        46182        55269      300      0.8    396.8
S0715       -13.1     15.3        24110        45197      300      2.0     54.1
S1739       -14.4     15.6        46785        64800      300      2.4    281.1
S1030       -13.7     14.4        39177        53520      300      1.6    323.8
S1629       -14.1     15.3        44076        63152      300      2.3    202.8

// === Cluster 109 (9 stops, vol=15.6m3, center=(-12.41,12.48)) ===
S0649       -12.2     13.2        55824        64800      300      0.7    273.6
S0786       -10.6     12.0        29240        43579      300      0.8     72.7
S0518       -12.8     12.6        45654        64800      300      1.9    145.5
S1734       -12.2     11.9        53643        64800      300      2.1    384.2
S1560       -12.4     12.6        45156        63285      300      1.4    200.2
S0813       -12.9     12.2        33274        51885      300      1.5    237.8
S0946       -11.2     11.3        53721        63770      300      2.2     69.1
S0334       -12.0     12.8        56211        64800      300      2.7    367.2
S1126       -15.4     13.7        41387        51459      300      2.3    300.0

// === Cluster 110 (9 stops, vol=16.0m3, center=(-15.30,17.42)) ===
S0692       -14.6     17.4        57469        64800      300      0.6     99.3
S0801       -14.7     16.4        56308        63915      300      1.5    245.3
S0821       -15.0     17.5        43542        50949      300      1.4    235.7
S0549       -15.2     17.3        30411        50330      300      2.2     57.8
S0296       -16.7     16.5        22079        38557      300      2.6    252.8
S0579       -16.2     16.7        25007        36658      300      0.7    159.0
S0022       -14.9     19.2        57196        64800      300      2.4    330.9
S0276       -15.7     17.7        50849        64800      300      2.3    299.6
S0891       -14.7     18.1        57185        64800      300      2.3    160.7

// === Cluster 111 (9 stops, vol=15.8m3, center=(-15.87,19.31)) ===
S2007       -14.6     19.1        49608        56898      300      1.2    218.9
S0583       -17.4     19.5        46905        64800      300      1.3    125.6
S2078       -15.7     19.5        23862        43293      300      0.9    205.5
S1821       -14.3     19.7        45971        53453      300      2.5    381.9
S2003       -17.0     19.3        23652        32777      300      1.4    103.6
S1688       -15.2     19.8        56165        64800      300      2.0     54.8
S1247       -15.3     19.7        52263        64800      300      2.3     80.2
S2086       -17.5     18.7        22448        43126      300      1.5    309.0
S1921       -15.8     18.5        38337        49669      300      2.7    386.7

// === Cluster 112 (9 stops, vol=15.9m3, center=(-18.81,14.28)) ===
S2005       -19.3     12.8        49382        63087      300      1.3    262.9
S0976       -19.3     13.9        52800        64800      300      1.7    174.7
S1964       -17.4     15.5        24911        36898      300      1.7    317.1
S0067       -18.8     14.9        42346        58770      300      0.7    252.4
S0897       -19.6     14.8        37275        49914      300      2.6    389.4
S0739       -19.1     14.2        25343        34937      300      2.0    332.3
S0432       -17.9     13.9        26511        41731      300      1.5    160.4
S0011       -19.2     14.5        51563        64800      300      1.6     53.1
S1438       -18.7     14.0        56443        64800      300      2.8    326.2

// === Cluster 113 (9 stops, vol=15.1m3, center=(-9.60,14.98)) ===
S0394        -9.5     15.3        28437        36763      300      3.0    323.8
S0636       -10.0     14.5        24730        36393      300      1.0    121.7
S2016       -11.5     16.6        33673        51448      300      1.0    347.4
S0892        -9.7     13.7        35234        47773      300      1.4    221.4
S1675        -7.9     14.6        32832        42063      300      2.4    204.3
S0265       -10.2     15.4        56124        64800      300      2.2    398.2
S0938        -7.6     14.3        32576        51717      300      2.2    305.6
S1532        -9.5     14.3        28251        42188      300      1.2    371.1
S1151       -10.5     16.1        28011        42596      300      0.7    200.1

// === Cluster 114 (9 stops, vol=15.9m3, center=(-18.91,12.07)) ===
S0614       -19.0     12.3        46770        64800      300      1.2    282.5
S1443       -18.1     12.2        26588        46772      300      1.0    172.1
S1876       -17.8     12.6        49616        64800      300      1.0     99.1
S0784       -19.6     11.5        23822        31746      300      1.5    244.7
S0051       -19.4     11.9        27557        47299      300      2.2    265.4
S0689       -19.3     11.4        22162        37879      300      1.8    141.0
S0900       -19.4     12.7        49452        60532      300      1.6    302.2
S0936       -19.1     12.1        56084        64800      300      2.8    332.1
S1010       -18.5     11.9        47258        55771      300      2.8    330.0

// === Cluster 115 (9 stops, vol=16.0m3, center=(-16.12,8.69)) ===
S0304       -16.1      9.1        49558        62936      300      1.2     86.2
S1178       -16.0      7.7        35392        50006      300      1.5    396.8
S1388       -17.3      8.5        29063        44373      300      1.1    228.6
S1139       -15.9     10.3        43587        60497      300      2.6    171.2
S1035       -16.9      9.4        46630        56305      300      0.7    331.5
S1922       -15.9      8.9        55118        64800      300      2.8    286.6
S1531       -13.5     10.1        57234        64800      300      1.6    167.9
S1171       -16.9      6.6        31110        48706      300      1.6    335.5
S1834       -16.6      7.6        46776        64800      300      2.9     66.3

// === Cluster 116 (9 stops, vol=16.0m3, center=(-14.03,6.38)) ===
S2004       -14.6      3.8        31791        45922      300      2.1    179.5
S0728       -13.1      8.4        43568        64800      300      1.3    282.7
S1081       -14.3      6.4        26804        38483      300      1.5    248.9
S0568       -14.8      5.2        37966        56113      300      1.7    186.3
S0628       -14.2      6.5        36871        47438      300      1.7    264.8
S0810       -14.5      7.7        25550        34746      300      1.7    257.1
S1592       -13.7      6.5        21872        33709      300      2.0    198.4
S1515       -14.5      7.0        31748        46029      300      2.4    149.8
S1290       -12.6      5.9        24601        43767      300      1.6    306.7

// === Cluster 117 (9 stops, vol=15.6m3, center=(-16.00,5.51)) ===
S1014       -15.9      5.8        41937        51728      300      0.9    327.5
S0898       -15.0      6.7        47785        62689      300      0.9    127.8
S2067       -16.1      4.6        32239        44438      300      0.6    265.7
S0161       -16.5      5.3        25444        46974      300      2.1    270.6
S0521       -16.1      5.3        34423        46741      300      1.3    322.7
S1893       -17.0      5.3        53877        64800      300      1.8    355.6
S2057       -15.8      5.9        24581        42930      300      2.9    351.2
S1236       -16.5      4.7        32436        53511      300      2.7    306.5
S0525       -15.1      6.0        39822        56164      300      2.4     58.5

// === Cluster 118 (9 stops, vol=15.7m3, center=(-13.79,0.91)) ===
S1469       -12.9      1.2        26932        43135      300      1.0    289.7
S1558       -13.8      0.5        43192        57647      300      0.6    170.8
S1148       -13.7      0.6        31891        41186      300      0.8    360.6
S0163       -15.7      0.6        52716        62635      300      2.5    145.2
S0342       -14.0      0.3        35443        52598      300      2.5     98.8
S2018       -14.0     -0.1        24529        40887      300      1.5    373.5
S1938       -13.5      2.5        27903        46430      300      1.5    133.6
S1378       -13.9      1.1        39979        57674      300      2.9    283.4
S0315       -12.6      1.5        25477        46927      300      2.4    367.2

// === Cluster 119 (9 stops, vol=17.3m3, center=(-12.33,9.14)) ===
S0262       -15.4     10.4        30840        51085      300      0.8    155.4
S1787       -15.3     10.1        44688        61120      300      0.9    262.4
S1658       -12.6     11.4        26350        47565      300      1.6    225.6
S0050       -12.9     10.9        53192        64800      300      1.6     71.7
S1216       -14.8     10.9        35318        55256      300      1.9     80.4
S0164       -15.0     10.6        43262        60556      300      2.2    211.9
S1879       -14.1     10.1        37645        48027      300      2.8    292.2
S0181       -13.4     10.3        39464        48672      300      2.8    134.5
S0658         2.5     -2.4        51322        60593      300      2.7    120.2

// === Cluster 120 (9 stops, vol=15.7m3, center=(-14.58,-5.17)) ===
S0814       -14.6     -4.8        54428        63738      300      0.8    135.5
S1860       -13.6     -4.8        25237        45135      300      0.7    298.0
S0727       -15.1     -5.4        41444        57959      300      2.0     78.7
S1220       -14.8     -4.7        42451        55006      300      2.1    273.9
S0716       -14.0     -5.7        39769        51564      300      2.2    123.0
S0693       -15.5     -5.8        23388        31007      300      2.3    399.2
S0037       -14.6     -5.3        42888        58601      300      1.6    126.8
S1984       -14.3     -4.4        51233        64800      300      1.6    286.5
S1974       -14.7     -5.6        35299        45579      300      2.4    259.2

// === Cluster 121 (9 stops, vol=15.9m3, center=(-11.67,0.37)) ===
S1790       -12.0      1.9        27238        38004      300      1.2     59.6
S0199       -10.9      1.3        25466        46045      300      1.0    120.6
S1956       -12.5     -0.3        24059        37329      300      2.5    255.2
S1865        -9.9      1.4        54142        64800      300      0.7    373.9
S0505       -11.4      0.9        26720        45989      300      0.6    366.3
S0305       -12.2     -0.3        48248        64800      300      2.6    266.4
S1322       -11.4     -0.3        37059        45230      300      2.2    108.6
S0324       -11.9     -1.4        32067        47364      300      2.2     79.3
S0503       -12.8      0.1        28126        48217      300      2.9    221.6

// === Cluster 122 (9 stops, vol=15.5m3, center=(-18.92,-1.26)) ===
S0387       -19.4     -1.9        28316        39178      300      0.9    211.4
S0213       -18.6     -1.3        34437        46200      300      0.6    177.4
S1339       -18.7     -0.2        51574        59888      300      1.9    387.2
S0756       -18.2     -3.2        37827        50078      300      1.1    131.7
S0209       -19.7      1.5        22411        40374      300      1.8    149.9
S0015       -19.3     -1.7        28704        47251      300      1.8     56.9
S2022       -19.2     -3.3        24316        34095      300      2.7    292.7
S1906       -18.7     -1.1        37092        47302      300      2.5    240.9
S0016       -18.5     -0.1        34516        54673      300      2.2    253.6

// === Cluster 123 (9 stops, vol=16.0m3, center=(-9.24,1.59)) ===
S1153        -9.4      1.4        31232        44828      300      0.5    153.9
S1341       -10.2      1.3        33287        45473      300      2.5    300.3
S1245        -9.4      0.7        50407        60235      300      2.2    243.1
S1896        -7.1      3.5        44562        59574      300      1.1     55.9
S0974        -9.5      2.5        44219        61569      300      0.8    352.5
S0816       -11.1      2.1        45414        56207      300      2.7    344.7
S1316        -9.1      0.3        35970        46152      300      2.7    325.6
S1031        -9.2     -0.6        48754        56090      300      1.6    225.3
S1653        -8.2      3.1        38734        50177      300      1.9    273.9

// === Cluster 124 (9 stops, vol=15.9m3, center=(-18.74,-7.04)) ===
S0735       -19.3     -6.4        43082        64432      300      1.3    300.4
S0526       -19.4     -7.5        47681        64800      300      1.4     76.7
S0367       -19.6     -7.8        37740        58471      300      1.0    341.2
S1254       -18.6     -5.9        36318        56661      300      2.1    123.3
S1295       -18.3     -6.1        27735        43838      300      2.0    358.1
S1634       -19.5     -7.0        42440        56278      300      2.2    250.3
S0182       -18.2     -7.4        25383        41285      300      2.2    124.3
S0707       -17.7     -7.7        54470        64616      300      1.9    391.5
S1527       -18.1     -7.6        51587        64800      300      1.8    395.9

// === Cluster 125 (9 stops, vol=15.9m3, center=(-11.74,-3.82)) ===
S0699       -11.6     -3.9        40221        60206      300      1.2    139.6
S0571       -11.6     -2.6        45518        60840      300      2.1    340.8
S1679       -11.6     -5.5        36154        55110      300      2.5    146.5
S1682       -12.3     -4.5        41729        58479      300      0.8    280.4
S0290       -11.6     -4.8        51744        64800      300      2.0    187.4
S1002       -12.5     -3.2        46918        56229      300      1.9    361.2
S0259       -12.2     -4.3        51426        62377      300      1.9    195.0
S0561       -11.4     -3.3        34647        56033      300      1.9    372.3
S2029       -10.9     -2.3        30761        48430      300      1.6    335.9

// === Cluster 126 (9 stops, vol=16.0m3, center=(-16.10,-15.51)) ===
S0242       -15.8    -15.8        55103        64800      300      0.6    239.4
S0096       -17.3    -15.6        28447        47421      300      2.1    213.2
S0836       -16.8    -15.8        32617        45981      300      1.4    100.4
S0968       -15.9    -14.4        31182        51472      300      2.2    251.0
S0912       -15.9    -14.7        29743        50887      300      2.6    191.5
S1497       -14.1    -14.9        26970        42541      300      0.8    282.0
S0514       -15.9    -16.3        56252        64800      300      2.7     70.2
S1511       -16.5    -16.2        52663        59940      300      2.0    326.8
S1451       -16.7    -15.9        51151        61151      300      1.6    284.4

// === Cluster 127 (9 stops, vol=15.3m3, center=(-14.01,-14.86)) ===
S1871       -13.1    -13.7        48172        64800      300      0.6    311.9
S1856       -14.5    -15.9        53983        64800      300      1.0    331.8
S0683       -14.1    -14.8        52448        60908      300      1.6    115.9
S0944       -13.5    -15.8        31495        44874      300      0.9    102.2
S0201       -14.7    -14.0        49032        62387      300      0.9     59.3
S1267       -14.0    -15.9        54772        64800      300      2.8    137.3
S0187       -14.0    -14.8        41196        61085      300      2.8    350.4
S0079       -15.2    -14.2        32975        47136      300      2.7    267.1
S0386       -13.0    -14.6        38918        47232      300      2.0    345.2

// === Cluster 128 (9 stops, vol=15.9m3, center=(-16.29,-5.70)) ===
S1224       -15.3     -6.2        38143        52766      300      0.5    151.2
S0563       -16.2     -4.8        23697        42212      300      1.4    106.6
S1223       -15.7     -6.3        44393        51948      300      0.6    193.5
S0637       -17.1     -6.4        53960        62367      300      2.7    252.2
S0395       -16.9     -6.0        34222        50991      300      2.6    111.5
S1802       -15.9     -4.9        50669        64800      300      1.5    350.2
S0871       -16.4     -5.3        35749        43915      300      2.2    138.2
S0343       -15.7     -5.1        32996        41388      300      1.6    337.2
S1257       -17.4     -6.3        37944        58550      300      2.8    339.5

// === Cluster 129 (9 stops, vol=16.0m3, center=(-8.92,-4.74)) ===
S0682        -9.9     -3.6        30109        50538      300      2.5     63.8
S1656       -10.0     -6.0        36417        48087      300      1.3    161.3
S1077        -7.4     -4.3        51360        64800      300      1.3    359.5
S1291        -9.3     -4.4        30209        48637      300      1.5    240.5
S0106        -9.5     -4.5        35065        51970      300      1.4    369.4
S1352        -6.9     -5.8        26618        40078      300      0.7    273.4
S1277        -9.1     -4.3        26319        41753      300      2.8    301.6
S1326        -8.6     -4.8        27721        37145      300      1.6     69.4
S0817        -9.6     -5.0        56254        64800      300      2.9    377.1

// === Cluster 130 (9 stops, vol=16.0m3, center=(-18.93,-17.84)) ===
S0288       -19.1    -17.6        27321        45402      300      0.5    348.0
S1406       -19.1    -17.5        43359        64800      300      0.6    323.8
S0360       -18.8    -18.7        46310        64800      300      2.1    304.4
S1784       -17.7    -19.1        32643        51919      300      2.2     64.7
S1544       -19.3    -18.1        41047        57093      300      2.6    281.7
S1844       -19.6    -16.9        29923        40253      300      2.6     87.1
S1101       -19.3    -17.4        41086        53191      300      0.8     91.6
S1109       -19.1    -17.6        31084        43589      300      2.7    355.9
S0695       -18.4    -17.7        37971        50579      300      1.9    124.3

// === Cluster 131 (9 stops, vol=15.8m3, center=(-19.12,-19.20)) ===
S0025       -19.8    -18.5        22000        33324      300      1.1    227.8
S0937       -17.7    -18.8        26998        41799      300      0.6    318.0
S1457       -19.8    -19.6        52778        64800      300      2.5     54.8
S0145       -18.4    -19.9        29485        43732      300      1.4    380.8
S1321       -19.0    -19.5        22918        36077      300      2.0    153.7
S1259       -19.2    -19.1        53211        60976      300      2.0    296.4
S1311       -18.8    -19.5        49107        60254      300      2.1    321.5
S1606       -20.0    -18.9        34216        48287      300      2.3     51.3
S1825       -19.4    -19.0        48141        64800      300      1.8    316.2

// === Cluster 132 (9 stops, vol=16.0m3, center=(-5.59,-7.61)) ===
S2084        -6.2     -6.8        25683        39866      300      1.2     77.4
S0029        -3.1     -6.6        44716        59198      300      1.5    382.3
S1965        -5.7     -8.6        51668        60404      300      1.7    121.2
S1669        -5.6     -8.3        43944        51705      300      1.7     72.2
S0575        -7.2     -7.5        39491        57215      300      0.7    144.4
S1194        -5.5     -8.3        46378        54862      300      0.7    302.4
S0552        -6.5     -8.9        23003        43237      300      2.8    277.3
S1778        -5.1     -6.8        27484        37287      300      2.8    120.4
S0896        -5.4     -6.7        31605        41823      300      2.9    359.6

// === Cluster 133 (9 stops, vol=16.0m3, center=(-6.59,-12.47)) ===
S1687        -8.6    -10.3        23098        43929      300      1.8    195.5
S1845        -7.6    -12.2        33134        41635      300      1.3    240.5
S0024        -6.0    -13.8        53783        64800      300      1.5    145.5
S1252        -4.4    -10.6        30003        39899      300      0.8    339.6
S0679        -7.3    -12.5        48117        60649      300      0.7    308.5
S1039        -6.5    -12.8        39439        58831      300      2.8    147.0
S1141        -6.8    -12.3        37982        59290      300      2.8    262.4
S0311        -6.3    -13.7        56073        64800      300      2.4    383.3
S0875        -5.8    -14.0        52579        64800      300      1.9    290.8

// === Cluster 134 (9 stops, vol=16.0m3, center=(-11.66,-18.20)) ===
S0823       -12.8    -18.9        37744        56703      300      0.9    197.7
S1589       -11.4    -19.1        30732        46643      300      0.5     95.3
S0280       -11.1    -18.3        52011        64800      300      0.5    392.6
S0363       -10.0    -17.1        55104        64800      300      2.6    355.5
S0035       -10.8    -18.6        34731        44965      300      1.7    194.5
S0040       -10.9    -16.5        30987        50405      300      2.7    372.0
S1572       -12.3    -17.8        28704        37150      300      1.9    302.9
S1396       -13.2    -18.7        44905        62571      300      2.3    191.0
S1434       -12.4    -18.8        31914        43081      300      2.9     83.7

// === Cluster 135 (9 stops, vol=16.0m3, center=(4.77,-5.93)) ===
S1642         5.2     -4.8        38260        47205      300      2.1    301.9
S1402         4.4     -6.2        28205        35544      300      1.3    140.8
S0127         2.6     -3.1        38045        51459      300      1.0    389.5
S0034         6.9     -6.3        45870        56145      300      2.6    315.3
S1165         4.5     -6.1        43694        59223      300      0.8    253.7
S1641         4.9     -6.3        35855        51039      300      0.8    381.3
S1758         4.6     -7.9        27558        39565      300      2.7    158.0
S0210         4.7     -6.6        45053        53915      300      2.8    127.5
S2096         5.1     -6.1        55659        64800      300      1.9    292.2

// === Cluster 136 (9 stops, vol=15.6m3, center=(0.86,-16.78)) ===
S0803         2.0    -17.0        52163        63858      300      0.9    251.5
S1949        -0.3    -16.7        23412        40876      300      1.1    276.5
S0983         1.7    -16.5        54984        64800      300      1.0    255.8
S1625         0.6    -15.6        56124        64800      300      1.2     63.4
S0631         0.7    -17.3        32176        45547      300      1.9    149.3
S1968         2.7    -17.1        25496        36697      300      1.9    149.0
S0235         1.7    -17.4        28932        49691      300      2.8     50.1
S0621        -0.8    -17.0        54604        64800      300      2.4    249.0
S0706        -0.6    -16.4        56316        63808      300      2.4    202.7

// === Cluster 137 (9 stops, vol=15.6m3, center=(9.07,-16.84)) ===
S0060         8.5    -17.8        45227        54563      300      0.5    205.1
S1892         9.6    -16.1        53800        64800      300      3.0    143.9
S1729         9.6    -16.3        22052        37520      300      0.7    143.2
S1345         9.8    -18.7        27716        41660      300      2.1    150.5
S0126         8.5    -16.0        53109        64800      300      1.7    228.9
S1484         8.9    -15.6        46818        57491      300      1.7    353.9
S1933         9.0    -17.5        37798        56221      300      1.3    278.4
S1498         9.2    -17.5        32794        44711      300      2.3     86.6
S1338         8.5    -16.1        33866        46132      300      2.3    302.3

// === Cluster 138 (9 stops, vol=15.9m3, center=(2.39,-10.59)) ===
S0981         2.5    -10.9        37050        46872      300      1.3    184.8
S0229         1.8    -11.2        25775        34779      300      1.1    309.2
S1990         4.2    -10.6        53623        64800      300      0.7    345.3
S1219         2.4    -11.0        25459        38008      300      2.4    281.4
S1706         3.0    -10.1        32504        46483      300      2.3    135.7
S1042         3.2    -10.4        40026        57058      300      1.8    300.8
S1897         0.3    -10.4        37902        54268      300      1.8    300.3
S0731         2.5    -10.1        57256        64800      300      1.6    362.6
S1959         1.6    -10.6        53710        64800      300      2.9    351.5

// === Cluster 139 (9 stops, vol=16.0m3, center=(-1.52,-15.02)) ===
S0300        -1.6    -14.6        26676        47804      300      1.8    305.4
S0787        -0.8    -14.7        28058        46865      300      2.5    202.8
S0224        -2.6    -14.6        23077        42276      300      1.3    298.6
S0880        -1.8    -16.5        30614        40209      300      1.5    136.9
S1772        -0.9    -13.6        23586        40899      300      1.7    190.6
S0675        -1.3    -14.4        22023        32127      300      2.0    275.0
S0090        -0.9    -14.4        23978        34686      300      2.0    187.9
S0746        -1.6    -16.8        45025        64800      300      1.6    236.8
S1806        -2.2    -15.6        22210        32440      300      1.6    138.2

// === Cluster 140 (9 stops, vol=16.0m3, center=(8.39,-11.68)) ===
S0070         9.7     -9.6        35236        56674      300      0.9    134.5
S0644         8.9    -11.2        30595        50147      300      2.1    154.9
S0698         6.6    -11.2        29439        44783      300      2.1    322.3
S0055         7.1    -11.6        36338        50937      300      1.2    393.4
S1099         8.5    -11.9        43722        52374      300      1.4    383.3
S1506         9.0    -12.8        32488        50338      300      2.2    366.1
S1441         8.3    -12.1        32549        52115      300      0.8    281.4
S0861         9.1    -12.4        38180        45537      300      2.4    198.2
S1992         8.3    -12.3        22594        39848      300      2.9    374.9

// === Cluster 141 (9 stops, vol=15.7m3, center=(3.67,-18.14)) ===
S0536         4.4    -17.0        54022        64800      300      1.2    184.0
S1597         1.7    -18.6        26803        34200      300      1.1    396.1
S1887         3.9    -17.6        48608        64800      300      3.0    290.6
S1307         3.8    -17.6        51743        59703      300      1.9    135.1
S0403         3.9    -18.5        43567        52666      300      1.5     54.0
S1423         2.2    -18.5        52614        64800      300      1.5    335.6
S1054         4.8    -18.7        46237        62618      300      1.4    366.9
S2021         4.3    -18.8        38880        56603      300      1.7    342.1
S0378         4.0    -18.0        50585        64800      300      2.4    324.3

// === Cluster 142 (9 stops, vol=16.0m3, center=(11.01,-19.27)) ===
S0481        11.5    -19.2        42404        55097      300      2.5    247.8
S1394         9.6    -19.9        52498        62515      300      1.0     76.9
S1799         9.4    -19.8        40463        49705      300      1.7     65.8
S0337         9.3    -18.9        54900        62375      300      0.8    133.7
S1654        11.9    -18.5        49273        64169      300      0.7    287.7
S0253        11.8    -18.6        57494        64800      300      3.0    281.1
S0700        10.5    -19.3        46947        55299      300      2.4    131.1
S0550        12.2    -19.6        43761        64800      300      1.6     88.4
S1695        12.9    -19.6        36272        55525      300      2.3    290.7

// === Cluster 143 (9 stops, vol=15.9m3, center=(18.73,-18.46)) ===
S0885        19.5    -19.1        55970        63390      300      1.0     85.9
S0870        18.7    -17.5        53674        63219      300      0.7    161.0
S1571        18.0    -18.2        21604        37807      300      0.7     83.4
S0116        17.1    -18.9        24015        43468      300      2.6    255.3
S0075        19.7    -18.3        29255        41657      300      1.5    174.7
S1046        18.4    -18.2        38420        47109      300      1.9    201.7
S2041        19.7    -18.8        45812        54858      300      2.3    280.5
S1846        19.5    -17.6        42281        62492      300      2.3    323.6
S0459        18.0    -19.5        23157        33981      300      2.9    352.9

// === Cluster 144 (9 stops, vol=15.9m3, center=(15.31,-15.33)) ===
S2055        16.3    -16.2        48425        64800      300      1.3    272.4
S0323        16.3    -15.2        29977        38651      300      0.9    396.7
S1001        14.6    -14.4        26701        41362      300      1.0    303.7
S0964        16.8    -16.1        46432        64800      300      1.1    331.2
S1804        12.2    -15.0        27003        40082      300      1.1    300.3
S1554        15.2    -15.4        32789        41953      300      2.5    297.7
S0565        15.2    -15.3        28564        39829      300      2.3    353.4
S1163        16.1    -15.2        57307        64800      300      2.9    146.1
S0361        15.1    -15.2        29358        42946      300      2.8    117.0

// === Cluster 145 (9 stops, vol=16.0m3, center=(18.80,-14.42)) ===
S1217        17.7    -14.2        56381        64800      300      0.5    324.9
S0548        18.9    -15.1        26456        44708      300      2.5    381.1
S0370        19.7    -14.2        28207        49581      300      1.5    240.4
S1730        19.5    -13.4        37673        55570      300      1.1    259.7
S0760        18.5    -14.6        41481        50242      300      3.0    289.3
S1849        19.8    -13.4        42127        52304      300      1.6    196.4
S0094        18.4    -14.8        54388        64800      300      1.6    117.3
S0806        17.7    -15.1        29832        42193      300      1.9    123.5
S1822        19.0    -15.0        22283        36347      300      2.3    143.9

// === Cluster 146 (9 stops, vol=16.0m3, center=(18.13,-12.38)) ===
S0299        17.3    -12.7        38347        57020      300      0.9    227.5
S0586        17.9    -13.9        35783        50637      300      2.5     50.1
S0973        17.7    -12.0        42109        58007      300      1.3     84.5
S0191        17.9    -13.8        55222        64800      300      1.5    369.7
S0742        17.8    -13.3        21789        29813      300      1.5    157.1
S0140        18.4    -11.0        35281        50595      300      1.5    350.2
S0082        17.8    -11.3        30296        49679      300      1.6    263.8
S1103        19.8    -12.1        24551        43309      300      2.3    172.0
S0852        18.6    -11.3        38914        49860      300      2.9    175.8

// === Cluster 147 (9 stops, vol=16.0m3, center=(19.41,-8.56)) ===
S0100        19.9     -9.1        37209        48511      300      0.5    164.2
S2080        19.6     -7.5        28747        50258      300      1.8    343.6
S2012        20.0     -7.1        55260        64800      300      1.3     81.7
S0710        19.6     -7.4        29261        42002      300      1.3     86.3
S1685        19.7     -8.9        22583        40742      300      1.5    267.2
S0918        19.1     -9.3        42560        52320      300      2.6     73.5
S1067        19.4    -10.1        34519        47384      300      2.6    237.1
S0150        18.9     -8.4        45458        61648      300      2.8    229.8
S0383        18.5     -9.2        56909        64800      300      1.6     51.5

// === Cluster 148 (9 stops, vol=15.6m3, center=(14.14,-7.90)) ===
S0850        14.1     -8.1        37523        50969      300      1.1    140.9
S1512        13.7     -7.3        25388        34050      300      0.6    398.0
S0601        15.4     -7.5        55556        64800      300      1.2     93.5
S1774        14.0     -8.8        46819        64800      300      1.9    306.5
S1926        14.4     -7.9        37303        52968      300      1.4    284.1
S0593        13.2     -7.9        40124        55037      300      1.4    119.2
S1037        14.1     -9.0        28579        37671      300      2.9    138.5
S1114        13.5     -7.2        30299        50331      300      2.5    280.7
S0423        14.9     -7.4        27566        42819      300      2.6    133.6

// === Cluster 149 (9 stops, vol=16.0m3, center=(5.97,-3.12)) ===
S0355         1.9     -2.0        29837        41518      300      0.9    204.6
S1460         5.6     -3.3        35812        54331      300      2.5    223.0
S0915         6.9     -1.8        24417        38672      300      1.3     93.6
S1718         7.2     -2.0        31120        42184      300      2.2    266.8
S0095         5.4     -4.5        26907        48101      300      0.7    282.1
S0065         4.0     -4.1        51819        64800      300      0.7    226.4
S1196        10.1     -3.2        25592        45540      300      2.7    325.2
S0219         5.3     -3.5        36070        55670      300      2.7    143.8
S1495         7.3     -3.7        50568        64800      300      2.3     90.3

// === Cluster 150 (9 stops, vol=17.4m3, center=(13.03,-2.80)) ===
S0443        14.7     -4.5        30256        43421      300      0.7    347.5
S0970        14.3     -3.5        49906        59504      300      1.7    374.1
S1652        14.3     -1.9        32761        46260      300      1.3    212.7
S1570        15.4     -1.5        36756        50456      300      1.9    125.6
S0632        14.4     -4.2        54391        64800      300      2.4     85.0
S0702        13.5     -4.9        48416        63694      300      2.4    390.2
S1168        15.6     -2.4        50550        63845      300      2.8    266.8
S1824        16.3     -2.0        45479        53333      300      2.1    232.4
S0208        -1.2     -0.3        28660        50031      300      2.1    237.5

// === Cluster 151 (9 stops, vol=15.7m3, center=(18.60,-6.18)) ===
S1420        19.3     -6.6        27983        41183      300      1.2     68.3
S0574        19.1     -5.4        27943        48524      300      1.0    299.7
S1699        17.5     -7.0        35389        47173      300      1.0    294.3
S1370        17.6     -6.2        52227        64800      300      2.0    297.9
S0134        18.6     -6.0        22365        34388      300      1.9    156.1
S1976        19.5     -5.0        42490        49822      300      1.5    230.1
S0139        18.5     -6.8        47760        59884      300      1.4    365.9
S1798        18.6     -5.7        22241        36227      300      2.9    100.4
S1445        18.7     -6.9        46245        60822      300      2.8     67.5

// === Cluster 152 (9 stops, vol=15.9m3, center=(10.68,-2.63)) ===
S0846        11.2     -2.6        46403        61893      300      1.4    331.9
S2092        10.4     -2.8        32415        41449      300      1.4     52.3
S0980        11.5     -2.7        28881        44372      300      1.4    335.4
S0570         8.3     -0.7        37661        57737      300      1.4    167.3
S1038        11.7     -3.8        37629        57323      300      1.7    205.3
S0573        11.8     -2.5        36818        48444      300      0.6    235.8
S0278        10.4     -2.7        38586        46893      300      2.7    393.0
S1927        10.2     -2.9        28931        46994      300      2.7    143.7
S2093        10.6     -3.0        38385        46582      300      2.6    130.3

// === Cluster 153 (9 stops, vol=15.9m3, center=(11.54,-5.83)) ===
S1269        11.3     -6.6        51031        58930      300      1.4    150.3
S0436        12.4     -4.8        48426        62405      300      1.3    339.9
S0279        11.4     -6.3        56206        64800      300      1.1    113.2
S0893        11.8     -5.6        33102        42146      300      2.5    176.3
S1189         9.7     -5.2        36132        48734      300      0.7    272.2
S1197        11.4     -6.0        40577        51828      300      2.7     52.3
S0776        12.1     -5.4        28126        37862      300      2.6    253.6
S1052        11.8     -6.8        41074        55402      300      2.0    321.2
S1588        12.0     -5.8        47052        58399      300      1.6    219.1

// === Cluster 154 (9 stops, vol=15.7m3, center=(12.79,0.36)) ===
S0906        13.6     -1.7        43600        60067      300      1.0    290.6
S0081        13.2     -0.5        53044        64800      300      1.1    303.8
S1007        10.2      2.3        57030        64800      300      0.5    193.9
S1980        12.9      0.0        38504        60023      300      3.0    114.5
S1334        13.7      1.2        24403        33589      300      2.5    332.7
S0344        13.2      0.5        44673        63810      300      2.0     76.6
S1540        14.0      0.5        38613        50310      300      1.5    106.1
S0023        11.9      0.4        39280        56545      300      1.5    260.3
S2081        12.4      0.5        43000        56823      300      2.6    340.9

// === Cluster 155 (9 stops, vol=16.0m3, center=(18.74,0.26)) ===
S0808        19.7      0.9        32511        52573      300      2.2    370.3
S1156        17.1      0.6        24061        35668      300      2.2    326.3
S1090        18.8     -0.5        22786        41761      300      1.0     93.7
S0508        18.4     -1.3        34936        53208      300      1.0     93.2
S0426        18.8     -0.3        51395        64800      300      1.1    194.8
S1166        19.6      2.2        40328        55761      300      1.7    148.5
S0572        18.5     -0.0        39617        48805      300      2.6    227.4
S0073        19.1     -0.1        50734        64800      300      1.9    313.3
S1820        18.7      0.8        47819        59578      300      2.3    194.6

// === Cluster 156 (8 stops, vol=15.9m3, center=(18.01,1.16)) ===
S0005        17.6      3.0        49771        64800      300      1.2    358.9
S1960        18.0      0.8        31780        41028      300      1.7     72.8
S1963        18.2      0.1        27895        44690      300      2.7    182.2
S0154        17.9      1.1        34407        54185      300      2.7    250.7
S0984        18.5      2.0        41850        58693      300      1.9    197.4
S0577        18.2      1.0        38377        56423      300      1.9    284.5
S1013        17.9      1.6        36055        49822      300      1.9    120.5
S1891        17.8     -0.3        48578        64800      300      1.9    215.3

// === Cluster 157 (8 stops, vol=15.6m3, center=(17.23,7.34)) ===
S1886        16.5      8.8        31433        46961      300      3.0    393.2
S0178        16.2      7.9        33988        51601      300      0.6    352.0
S1710        17.8      6.0        25672        38719      300      1.9    342.6
S1817        18.1      6.6        40545        61717      300      1.4    364.1
S1575        17.7      7.4        47603        63694      300      1.7    279.1
S0105        17.1      7.4        34975        43525      300      1.7    359.5
S1761        16.8      8.3        23398        33961      300      2.7    392.5
S0401        17.6      6.3        42719        51286      300      2.6    200.6

// === Cluster 158 (8 stops, vol=15.7m3, center=(11.41,4.75)) ===
S2072         9.1      5.1        29523        45576      300      1.2    283.1
S0904        10.9      5.4        47827        62870      300      0.9    146.3
S0993        11.0      5.2        46093        55971      300      1.1    320.3
S1212        13.1      4.9        33056        48629      300      3.0    339.0
S1112        12.9      4.7        32433        44889      300      3.0    209.3
S1353        11.3      3.5        52986        64800      300      2.5    320.4
S1717        11.2      3.9        24804        45277      300      1.6    271.9
S0491        11.8      5.3        32270        50425      300      2.4    168.9

// === Cluster 159 (8 stops, vol=15.3m3, center=(7.78,2.83)) ===
S1549         7.5      3.2        32761        43084      300      1.4    185.6
S0226         7.6      2.8        22623        33158      300      1.2    131.5
S1215         7.1      3.3        45324        58495      300      1.1    342.3
S0339         8.5      3.2        38537        52467      300      2.6    135.6
S1170         8.9      3.2        29533        39967      300      2.5     59.2
S0482         7.9      1.4        48599        64800      300      2.4    395.6
S0354         8.4      3.4        38026        46593      300      2.0    257.5
S0887         6.3      2.1        47305        54884      300      2.1    154.8

// === Cluster 160 (8 stops, vol=15.9m3, center=(17.51,13.65)) ===
S0788        17.6     14.0        22244        36880      300      0.9    281.3
S0999        17.2     13.6        53726        64800      300      2.1    222.4
S1036        17.9     12.8        55828        64800      300      1.7    214.3
S1354        18.2     12.5        27566        40878      300      0.8    338.9
S1712        17.5     14.4        37528        58013      300      2.6     91.0
S1975        17.6     13.1        24091        40249      300      2.6    237.0
S1786        16.0     15.1        40946        52642      300      2.4    109.4
S1463        18.1     13.7        44236        64800      300      2.8     82.0

// === Cluster 161 (8 stops, vol=15.8m3, center=(16.83,8.94)) ===
S1981        16.6      9.7        30941        46477      300      1.3     59.7
S0097        17.0      8.2        46866        56352      300      0.9     54.8
S0942        16.8      7.6        40252        59823      300      1.1    149.0
S1518        15.4      9.8        48266        62780      300      2.2    285.1
S0975        18.2      8.4        38933        47409      300      2.3     54.2
S1636        18.2      8.8        37664        47261      300      2.4    372.0
S0859        16.6      9.8        28374        37540      300      2.9     57.0
S1362        15.8      9.2        27363        47761      300      2.7    278.5

// === Cluster 162 (8 stops, vol=15.6m3, center=(10.94,10.04)) ===
S1104        10.9     11.2        25667        34570      300      1.0    148.9
S0524        10.3      8.2        55522        64800      300      0.8    212.9
S1028        11.7     10.9        56068        64800      300      2.1    331.8
S1809        12.2      8.5        35753        49266      300      1.6    308.0
S2009        10.1      9.1        46671        58504      300      2.2     51.8
S0301        10.1     10.3        29411        37134      300      2.2    144.5
S1651        11.6     11.8        28755        49899      300      2.9    257.2
S1047        10.6     10.3        28856        42907      300      2.8     69.7

// === Cluster 163 (8 stops, vol=15.9m3, center=(6.06,18.94)) ===
S1169         5.6     18.9        51973        60699      300      1.0    386.1
S1586         7.5     17.3        47137        63518      300      2.0    223.7
S0941         6.1     18.8        40533        56755      300      2.4    298.0
S0477         6.9     18.7        31811        46483      300      1.5    213.0
S0953         4.2     19.8        39358        60309      300      2.2    110.9
S0021         4.6     19.1        41797        61009      300      2.2     77.0
S1862         6.9     19.0        32112        47570      300      2.3    246.1
S0504         6.7     19.9        24262        36239      300      2.3    117.9

// === Cluster 164 (8 stops, vol=15.4m3, center=(4.10,18.64)) ===
S0465         4.4     18.7        44591        61396      300      1.9    298.4
S0083         3.6     18.7        53806        64140      300      1.9    246.3
S0630         4.0     18.3        21797        36491      300      1.9    263.1
S1519         4.3     17.8        48652        60442      300      1.9    352.2
S0952         4.1     19.8        29512        39202      300      1.3    134.1
S0724         4.5     18.2        42518        53937      300      2.0    116.0
S0920         3.0     19.9        41215        61661      300      2.0    234.5
S1838         4.9     17.7        44086        52376      300      2.5    187.7

// === Cluster 165 (8 stops, vol=15.6m3, center=(1.91,12.94)) ===
S0609         2.7     12.4        30787        38937      300      0.9    387.5
S2085         2.7     12.8        42324        54574      300      1.9    358.0
S1958         0.8     13.0        33472        42030      300      2.2    194.7
S0705         3.2     12.9        22966        31541      300      1.5    380.6
S0435         1.3     13.0        36723        48762      300      1.3    326.0
S1264         0.6     13.3        22275        29667      300      2.7    177.2
S1150         2.6     12.1        48794        64800      300      2.7    290.7
S0434         1.4     14.0        28003        36719      300      2.4    184.4

// === Cluster 166 (8 stops, vol=15.9m3, center=(10.34,14.00)) ===
S1855        10.2     14.8        34294        47451      300      1.4    244.7
S0152         9.5     13.6        28928        40674      300      1.4     67.3
S0602        11.8     12.7        27650        36700      300      2.1    379.7
S0328        10.3     13.3        47030        55542      300      0.8    256.7
S0997         9.7     14.1        42370        58857      300      2.7    212.1
S0080        10.1     15.1        47742        63300      300      2.6     69.7
S2077         9.8     14.9        39846        52998      300      2.0    237.7
S1547        11.3     13.5        21732        29368      300      2.9    192.2

// === Cluster 167 (8 stops, vol=15.7m3, center=(-1.30,17.69)) ===
S0019        -1.3     17.4        51719        64800      300      3.0    121.4
S1282        -1.2     19.7        27240        41440      300      0.8     77.3
S1342        -2.0     15.4        47705        59928      300      0.8    203.9
S0039        -1.5     18.3        47803        62509      300      2.2    356.5
S1785        -1.0     17.4        50060        64800      300      1.8    325.9
S1692        -1.2     19.0        38951        46743      300      1.6     59.8
S0333        -0.6     17.5        24932        40326      300      2.9     58.4
S0175        -1.6     16.8        39827        50570      300      2.6    311.0

// === Cluster 168 (8 stops, vol=15.6m3, center=(1.93,4.51)) ===
S1621        -0.4      5.6        47083        64800      300      0.9    183.3
S1380         2.5      2.5        50784        59594      300      1.0    310.1
S1385         2.5      5.2        49528        63698      300      3.0    228.4
S0329         1.8      4.4        30260        40993      300      1.4    311.8
S0462         2.5      4.6        31076        52470      300      2.2    319.1
S1740         0.9      4.9        28885        39755      300      2.5    238.8
S2074         3.3      4.2        26566        37970      300      2.3    341.0
S1744         2.3      4.7        39572        58489      300      2.3     62.8

// === Cluster 169 (8 stops, vol=15.7m3, center=(-3.75,19.31)) ===
S0501        -2.4     19.6        41167        57831      300      0.7    380.8
S1310        -2.7     19.2        45839        64138      300      2.1     70.7
S1428        -5.4     19.5        25148        42032      300      1.5    125.1
S2065        -4.3     19.6        41935        54380      300      1.5    366.2
S0084        -3.8     18.5        37396        50034      300      1.7     67.6
S1962        -4.6     19.9        26170        36333      300      2.8    382.6
S1064        -2.4     20.0        29419        42950      300      2.7     68.6
S1157        -4.4     18.2        29519        47092      300      2.7    358.5

// === Cluster 170 (8 stops, vol=15.7m3, center=(-6.10,12.94)) ===
S0730        -5.8     11.6        22253        43178      300      1.1    110.1
S1777        -6.3     14.0        33561        48056      300      0.8    102.2
S0293        -6.8     12.6        33541        45225      300      2.5    179.2
S0829        -4.9     13.9        40518        55043      300      2.5    382.9
S0498        -7.0     12.6        28352        45656      300      1.4    140.3
S1235        -6.5     13.5        48687        64800      300      1.7    118.6
S1523        -7.2     12.5        24652        37218      300      2.9    300.2
S0121        -4.3     12.8        45609        61195      300      2.8    122.6

// === Cluster 171 (8 stops, vol=16.0m3, center=(-0.13,9.21)) ===
S0684         0.8     10.3        28124        46688      300      2.1    283.4
S0624        -0.6      8.7        46904        56689      300      1.3     72.7
S0673        -0.3      8.1        43577        62768      300      0.7    320.3
S1639        -0.4     10.3        36043        52439      300      2.8     66.2
S0321         0.2      9.1        54438        64800      300      2.8     70.9
S1987        -0.9      9.7        31394        49638      300      2.4    327.5
S0985         0.1      8.5        27334        46291      300      1.6     92.5
S0629         0.1      9.0        57230        64800      300      2.3    264.2

// === Cluster 172 (8 stops, vol=15.7m3, center=(-4.74,-2.74)) ===
S1496        -4.7     -2.7        54021        64800      300      0.5    279.4
S0977        -2.8     -3.5        54319        64800      300      0.8    189.7
S0206        -4.0     -3.4        30404        43928      300      2.5    155.5
S1100        -4.8     -2.5        50917        59858      300      1.4    174.8
S1697        -4.6     -3.7        31139        49523      300      2.3     57.9
S1145        -5.1     -2.8        25829        36120      300      2.9    319.6
S1204        -7.6     -2.4        35482        44678      300      2.9    373.4
S1240        -4.3     -0.9        50219        64650      300      2.4    365.0

// === Cluster 173 (8 stops, vol=15.2m3, center=(-9.10,18.34)) ===
S0527       -10.7     18.0        56632        64800      300      0.6    124.9
S1517        -9.1     17.5        45797        57253      300      0.7    116.0
S1128        -7.9     18.4        28600        45162      300      1.5    129.9
S0447        -8.9     18.6        27832        45779      300      2.9    302.5
S1783        -7.8     18.5        52184        62364      300      2.7    175.7
S1510        -9.8     18.4        22571        33614      300      2.6    221.7
S1619        -9.2     19.6        35528        52741      300      2.3    322.3
S1715        -9.4     17.7        40233        53293      300      1.9    189.3

// === Cluster 174 (8 stops, vol=16.0m3, center=(-10.71,9.98)) ===
S0866       -11.7     10.7        26443        33990      300      2.1     78.3
S0441       -10.1      9.8        22332        29590      300      1.3    290.6
S0594       -11.7      9.5        32344        39751      300      2.2    132.1
S0544       -11.3     10.1        25676        42070      300      2.6    297.2
S1985        -8.8     10.8        23571        41823      300      0.7    352.1
S1440       -10.9      8.3        27920        39356      300      2.8    395.8
S1716        -9.2     10.2        41078        51552      300      2.0    132.0
S0410       -12.0     10.4        56114        64800      300      2.3    147.7

// === Cluster 175 (8 stops, vol=15.8m3, center=(-6.05,-0.76)) ===
S1924        -4.7      1.0        30016        41398      300      1.3     69.1
S1231        -5.9     -0.8        25771        34980      300      0.7    289.4
S0843        -7.2     -1.8        53125        64800      300      2.5    396.9
S1969        -7.1     -0.7        41496        58774      300      2.6    177.3
S1800        -5.6     -0.3        45658        59407      300      2.0    399.8
S1505        -5.4     -1.1        53781        64800      300      2.3    381.3
S1661        -7.1     -1.4        46577        63147      300      1.5    386.2
S0424        -5.4     -1.0        57452        64800      300      2.9    349.3

// === Cluster 176 (8 stops, vol=16.0m3, center=(-17.80,16.66)) ===
S0785       -16.7     15.3        30913        42891      300      0.6    115.2
S1899       -17.3     17.2        26826        43051      300      2.1    259.2
S0559       -18.2     17.1        36550        48508      300      2.5    102.2
S1318       -18.7     16.0        55629        64800      300      1.4    143.8
S1027       -17.4     18.2        48264        56653      300      1.0    293.4
S0794       -18.4     15.6        39776        49212      300      3.0    138.7
S2068       -17.7     18.0        26215        47149      300      2.7    126.5
S1533       -18.0     15.9        35817        51924      300      2.7    344.5

// === Cluster 177 (8 stops, vol=15.9m3, center=(-17.86,10.68)) ===
S1436       -17.5     12.0        35941        52068      300      0.8    195.7
S0221       -19.3     10.6        41618        56727      300      2.7     95.5
S0664       -18.5     10.0        28567        39716      300      2.0    293.6
S0967       -18.7     11.1        27065        46792      300      2.4    391.9
S1158       -17.9      9.9        42995        52142      300      2.4    388.4
S1660       -18.2     11.1        39756        57788      300      1.9    308.0
S2049       -16.4     10.4        50410        64680      300      1.9     93.2
S0353       -16.4     10.3        29079        46357      300      1.8    311.5

// === Cluster 178 (8 stops, vol=15.5m3, center=(-13.09,13.06)) ===
S0581       -14.1     12.6        37455        49582      300      1.9    179.0
S2054       -13.1     13.0        28367        39050      300      2.0     58.2
S1022       -13.1     12.7        33866        48187      300      1.3    352.5
S1507       -13.0     12.9        42921        54241      300      1.7    207.1
S0377       -12.8     12.9        27932        47894      300      1.8    123.7
S1945       -13.0     12.9        30576        45704      300      2.4    126.5
S1275       -13.0     13.8        49180        56408      300      2.2     75.4
S1044       -12.6     13.7        25921        38255      300      2.2    292.9

// === Cluster 179 (8 stops, vol=15.7m3, center=(-18.81,18.11)) ===
S0969       -17.9     17.9        26589        43526      300      0.9    102.5
S1086       -18.3     18.4        46806        55162      300      1.3    124.7
S1903       -18.5     18.6        28933        47821      300      2.0    276.0
S1332       -19.6     18.1        36862        53362      300      2.2    266.9
S0652       -18.6     17.4        23883        35979      300      2.2    116.6
S0520       -19.7     16.7        40923        59708      300      1.7    211.9
S0046       -18.7     19.2        53315        64800      300      2.7    220.2
S0138       -19.2     18.6        37875        46031      300      2.7     87.5

// === Cluster 180 (8 stops, vol=15.7m3, center=(-11.55,6.21)) ===
S1461       -11.5      6.2        56230        64800      300      1.2    152.2
S2082       -12.8      8.0        23360        33765      300      1.0    292.1
S0248       -10.3      5.8        36460        50412      300      2.2    361.5
S0556       -13.7      6.9        43682        54669      300      1.8    218.6
S0528        -9.7      3.2        28595        45613      300      1.5    219.7
S0512       -12.3      5.7        54857        63798      300      2.3    117.7
S0017       -10.8      6.6        47103        55709      300      2.9    346.9
S0409       -11.3      7.3        52991        64800      300      2.8    349.6

// === Cluster 181 (8 stops, vol=15.8m3, center=(-17.34,4.14)) ===
S0638       -16.7      4.0        40391        61017      300      1.3    311.0
S2001       -15.6      3.6        55631        64800      300      1.0    381.1
S1474       -18.1      4.3        36346        49406      300      3.0    298.0
S0845       -17.7      4.7        31757        52257      300      1.9    257.0
S1908       -18.1      5.1        23857        39629      300      2.3    189.4
S1738       -18.3      3.9        32509        50376      300      2.3    171.3
S0322       -17.3      2.6        41064        58459      300      2.4     96.0
S0626       -16.9      4.9        27924        48191      300      1.6    161.4

// === Cluster 182 (8 stops, vol=16.0m3, center=(-9.40,3.48)) ===
S1832        -9.3      2.5        22367        35550      300      0.6    336.4
S1470        -8.3      2.6        39261        57409      300      1.4    232.2
S1449        -8.4      3.6        28655        40775      300      1.1    223.4
S0764        -9.4      3.8        27389        36053      300      2.6     53.7
S0838        -9.1      2.3        26626        46505      300      1.7    318.9
S2079       -10.2      3.1        47376        62984      300      3.0    313.1
S0990       -10.4      4.0        35805        51838      300      2.8     63.0
S1379       -10.1      5.9        32091        46917      300      2.8    303.2

// === Cluster 183 (8 stops, vol=15.4m3, center=(-8.01,-6.35)) ===
S1587        -8.2     -5.6        25193        32775      300      3.0    219.7
S0246        -9.2     -6.6        54027        64800      300      1.5    229.3
S1689        -7.9     -6.6        41156        48639      300      1.4    202.2
S1791        -8.3     -5.2        29368        38985      300      1.2     50.1
S1568        -7.4     -6.7        28171        44936      300      1.3    198.5
S1640        -7.5     -7.1        26860        46978      300      1.6    168.6
S1060        -8.4     -6.8        30444        51937      300      2.7    274.7
S0069        -7.2     -6.2        23801        32575      300      2.7     57.3

// === Cluster 184 (8 stops, vol=15.8m3, center=(-16.01,1.73)) ===
S1487       -16.3      0.6        49864        64326      300      1.2    336.4
S1127       -17.1      1.2        30729        45524      300      3.0    236.5
S0791       -14.9      3.1        47554        58796      300      2.0    271.1
S2033       -16.1      1.6        27926        46387      300      2.1    207.9
S1850       -15.5      1.9        36048        44246      300      2.3     59.2
S0833       -15.6      2.0        24661        32831      300      1.8    145.6
S1346       -15.2      1.6        46373        64461      300      1.8    246.1
S0131       -17.4      1.8        35963        46118      300      1.6    153.0

// === Cluster 185 (8 stops, vol=15.0m3, center=(-17.84,-4.59)) ===
S1615       -18.2     -3.5        41730        54802      300      2.8    258.4
S0186       -17.5     -3.9        54081        64800      300      2.5    381.5
S0647       -17.1     -4.2        22599        41725      300      2.2    249.9
S1753       -19.4     -4.7        35472        45890      300      1.9     95.3
S1681       -17.1     -5.5        25457        38479      300      1.9    327.2
S0366       -16.9     -4.5        30286        43449      300      1.6    157.1
S0263       -18.2     -5.4        46077        61275      300      1.3     55.0
S0238       -18.3     -5.0        30183        42498      300      0.8    201.4

// === Cluster 186 (8 stops, vol=15.7m3, center=(-19.45,-10.36)) ===
S0109       -20.0    -10.7        21856        31629      300      2.5    112.6
S1117       -19.7    -10.4        51753        60054      300      1.3    255.4
S0348       -19.3    -11.9        51583        64228      300      1.9    361.8
S1302       -19.9     -9.7        40418        60706      300      2.0     79.0
S0618       -18.7     -9.4        43138        50830      300      1.4    224.5
S0437       -18.8    -10.9        37406        47559      300      1.7    280.0
S1325       -19.8    -10.0        29170        39374      300      2.3    396.7
S1760       -19.4     -9.9        41831        53399      300      2.6    134.0

// === Cluster 187 (8 stops, vol=15.9m3, center=(-13.34,-3.89)) ===
S1559       -13.5     -4.5        32828        48903      300      1.4    199.2
S0002       -13.6     -4.4        56401        64800      300      2.5    300.8
S2099       -12.6     -4.5        21877        30696      300      2.5     79.6
S0822       -13.0     -4.5        38301        54094      300      0.8    316.9
S1564       -13.5     -2.1        52613        64800      300      0.8    268.1
S1091       -14.0     -3.8        38964        58033      300      2.2     71.7
S1232       -13.5     -4.1        22601        43605      300      2.9     57.1
S0107       -13.0     -3.2        52218        64343      300      2.8    363.7

// === Cluster 188 (8 stops, vol=15.8m3, center=(-10.06,-3.99)) ===
S1357       -10.0     -4.0        57015        64800      300      1.3    326.3
S0940       -10.0     -4.4        56086        64800      300      0.9    253.6
S1041        -9.3     -4.2        53895        64800      300      3.0    339.5
S0307       -10.1     -3.0        47527        56235      300      0.8    317.3
S1752       -10.0     -5.1        54662        64800      300      2.0     96.1
S0795       -10.4     -3.8        52825        64800      300      2.0    223.8
S1424       -10.5     -3.6        31429        45938      300      2.9     92.0
S0058       -10.2     -3.8        45543        58952      300      2.9    125.4

// === Cluster 189 (8 stops, vol=16.0m3, center=(-14.43,-13.18)) ===
S0041       -14.0    -13.3        40998        49899      300      1.8    153.2
S1260       -15.6    -13.2        38754        57288      300      1.3    215.5
S0063       -13.9    -13.2        24161        41815      300      0.8    334.4
S0232       -13.7    -13.7        37018        46917      300      2.7    260.9
S1050       -14.6    -12.1        49118        62374      300      2.7    325.9
S0165       -15.1    -12.3        29645        47739      300      2.4    287.7
S1561       -13.5    -13.7        33305        53636      300      2.4    319.9
S1875       -15.0    -13.9        23731        45099      300      1.9     57.0

// === Cluster 190 (8 stops, vol=15.9m3, center=(-11.73,-9.19)) ===
S1742       -12.4     -8.6        33050        49978      300      2.1    281.1
S0884       -11.1     -8.5        22144        30792      300      1.7    249.5
S0203       -11.0     -9.4        46437        60159      300      1.7    266.5
S0453       -11.9     -9.9        26174        37400      300      0.8    236.5
S0056       -12.3     -8.6        27709        43971      300      2.7    262.4
S0275       -11.9     -8.8        33680        45771      300      2.4    224.3
S0659       -12.0     -9.7        31204        40237      300      1.6    262.5
S0959       -11.2    -10.0        38162        55531      300      2.9    284.2

// === Cluster 191 (8 stops, vol=15.9m3, center=(-18.25,-13.69)) ===
S1144       -17.3    -13.0        26508        35281      300      0.9     52.4
S1283       -19.0    -12.5        56900        64800      300      1.1    223.4
S1898       -19.5    -13.4        53461        64800      300      1.7    289.0
S0452       -18.8    -15.0        43346        64473      300      2.6    179.9
S1888       -17.1    -12.8        33319        52618      300      2.6    372.9
S1319       -19.0    -13.4        25648        37856      300      2.0    341.5
S1569       -18.4    -15.1        37931        46037      300      2.2    349.1
S0697       -16.9    -14.3        46761        64800      300      2.8    326.7

// === Cluster 192 (8 stops, vol=15.5m3, center=(-13.08,-16.81)) ===
S0381       -13.2    -15.7        36202        53484      300      0.6    209.6
S0077       -13.2    -16.6        29931        47759      300      1.9    330.7
S1493       -12.2    -16.2        46544        64800      300      2.0    193.4
S0899       -12.3    -16.1        56693        64800      300      1.6    127.0
S1819       -13.4    -17.0        49670        61660      300      2.1    334.0
S1309       -14.4    -17.9        40740        52107      300      2.1     84.4
S1183       -12.9    -17.5        45336        63274      300      2.7    391.9
S1051       -13.0    -17.5        48344        60429      300      2.5    191.2

// === Cluster 193 (8 stops, vol=15.7m3, center=(-8.99,-8.26)) ===
S1023        -8.8     -7.8        49374        59849      300      1.0    368.8
S1256        -8.0     -7.6        27346        40182      300      1.0    351.3
S0640        -9.2     -7.4        42294        63560      300      1.1     97.7
S0676        -9.2     -7.9        24058        44793      300      2.5    216.5
S1525       -10.4     -8.5        30783        46293      300      2.3     51.5
S1251        -9.8    -10.3        32798        42884      300      2.7    277.4
S1045        -7.9     -8.1        41977        61335      300      2.7    121.1
S1225        -8.6     -8.5        30623        38573      300      2.4    398.0

// === Cluster 194 (8 stops, vol=15.8m3, center=(-7.84,-16.66)) ===
S1392        -7.3    -16.3        54507        64800      300      1.2    289.6
S1244        -8.7    -15.8        21649        31967      300      0.9     67.5
S1894        -6.6    -16.0        46492        63188      300      0.8    376.3
S0497        -7.8    -18.1        29025        41117      300      2.2    109.0
S0844        -7.1    -17.2        52869        64800      300      2.4    144.5
S1472        -9.3    -15.9        22247        29451      300      2.9    114.2
S0414        -9.3    -16.6        44850        63433      300      2.7    113.2
S0463        -6.6    -17.4        47361        56475      300      2.7    131.7

// === Cluster 195 (8 stops, vol=15.6m3, center=(-2.51,-11.67)) ===
S0854        -1.7    -11.1        33194        40695      300      0.9    366.2
S1401        -2.0    -12.7        30809        38276      300      1.2    256.8
S1253        -3.6    -11.1        42893        53741      300      1.9     58.3
S0061        -2.8    -11.7        37921        50718      300      2.1    279.3
S0368        -1.6    -12.7        56290        64800      300      2.1    100.2
S0271        -2.2    -11.2        37096        53666      300      2.5    181.2
S1009        -4.3    -11.4        48434        62212      300      2.6    355.2
S1268        -1.9    -11.5        27331        37808      300      2.3     53.7

// === Cluster 196 (8 stops, vol=15.6m3, center=(-2.90,-13.24)) ===
S0416        -3.2    -12.8        47681        57737      300      0.6    361.3
S1059        -1.3    -13.4        29873        41132      300      2.0    297.2
S1947        -1.6    -14.1        42908        62587      300      1.4    320.9
S0585        -3.7    -13.7        52769        64800      300      1.7    128.2
S1851        -3.3    -13.7        23407        34417      300      2.2    138.3
S1006        -2.6    -12.7        34257        54325      300      2.7    295.0
S1040        -2.9    -13.2        26769        44711      300      2.5     83.9
S1024        -4.6    -12.3        30471        41380      300      2.5     91.7

// === Cluster 197 (8 stops, vol=15.6m3, center=(-8.04,-2.48)) ===
S0202        -7.9     -1.7        22351        37032      300      3.0    330.1
S1746        -7.8     -2.7        37012        56112      300      0.7    275.2
S0506        -8.4     -1.6        28520        49184      300      1.2     63.9
S1056        -8.3     -4.1        32428        48383      300      1.7     51.5
S1668        -7.3     -3.2        53623        61989      300      2.2    382.0
S1450        -8.7     -2.9        42077        51337      300      2.2    185.6
S1489        -8.1     -2.4        29327        37932      300      2.3     55.4
S1492        -7.8     -1.2        27616        48363      300      2.3    350.9

// === Cluster 198 (8 stops, vol=16.0m3, center=(4.50,-15.36)) ===
S1796         5.0    -16.0        25434        35359      300      1.8    373.4
S1534         2.6    -15.7        53556        64800      300      1.8    350.0
S0078         4.6    -16.4        35383        52515      300      1.4    310.0
S0469         5.3    -14.6        46948        58365      300      2.2    396.5
S1403         4.6    -15.0        31454        50408      300      2.8    379.2
S1765         3.1    -15.2        29660        44134      300      2.0    148.3
S1677         5.7    -14.5        48459        57003      300      2.4    205.6
S1881         5.1    -15.5        23063        39192      300      1.6    234.0

// === Cluster 199 (8 stops, vol=17.3m3, center=(2.88,-9.30)) ===
S1058         6.9    -17.7        39079        57771      300      1.1    168.5
S1643         5.8    -16.3        43316        64422      300      1.7    267.7
S1743        -1.6     -4.0        34830        45753      300      2.1    164.6
S0653        -2.0     -3.2        48880        63554      300      1.9    354.5
S1446        -0.5     -3.8        27507        47429      300      2.2    346.7
S1770         7.0    -15.9        54468        64800      300      2.9    254.7
S1430         5.9    -15.3        51260        64800      300      2.8    172.7
S0924         1.5      1.8        22778        33038      300      2.6     58.3

// === Cluster 200 (8 stops, vol=16.0m3, center=(8.56,-9.79)) ===
S0769         8.3     -7.1        25811        38834      300      2.2    317.6
S1994         8.5    -10.1        37360        48336      300      2.6    231.9
S0758         9.0    -10.1        21661        29074      300      0.7    276.9
S0928         8.0    -10.1        28249        39747      300      2.8    180.8
S1381         8.9    -11.1        52350        64800      300      1.6    106.1
S1664         8.7     -9.3        22817        42114      300      1.9    308.6
S1281         9.3    -10.6        28638        38008      300      1.9    106.8
S0576         7.8     -9.9        28031        44675      300      2.3    252.6

// === Cluster 201 (8 stops, vol=16.0m3, center=(12.51,-11.41)) ===
S1726        12.0    -11.2        47117        59177      300      2.6     98.6
S1920        12.9    -12.8        39200        59065      300      2.6    360.1
S1917        13.7    -13.4        25720        47247      300      1.7    137.6
S1375        11.4    -10.5        56603        64800      300      0.8    273.8
S0009        12.1    -11.4        56968        64800      300      0.7     83.2
S0772        12.7    -10.4        28439        44222      300      2.7    256.0
S1068        12.5    -10.3        45366        61473      300      2.0     78.3
S1372        12.8    -11.3        32526        44416      300      2.9    303.8

// === Cluster 202 (8 stops, vol=16.0m3, center=(4.90,-5.13)) ===
S1315         4.7     -4.9        53990        64800      300      2.5    221.6
S1702         6.3     -5.2        54245        64800      300      2.5     73.4
S1852         4.4     -3.9        56978        64800      300      1.3    377.2
S0759         2.6     -6.2        26227        34233      300      1.5    227.2
S0359         4.0     -5.8        25908        38408      300      1.4    294.1
S1237         8.1     -5.5        33873        44110      300      2.8    304.8
S0195         7.2     -6.1        45529        55993      300      2.4    317.3
S0830         1.9     -3.4        49722        64800      300      1.6    234.0

// === Cluster 203 (8 stops, vol=15.9m3, center=(11.43,-17.21)) ===
S0327        12.1    -15.6        25885        45177      300      1.4     96.5
S1481        11.1    -18.0        22248        31811      300      2.1    161.9
S1138        11.3    -18.4        31381        42257      300      1.1    317.2
S2083        10.5    -18.1        47479        57075      300      0.8    318.6
S0285        11.9    -16.9        48999        64583      300      2.7    378.2
S1594        11.3    -17.2        40777        55277      300      2.6     56.6
S1524        11.4    -17.3        49840        64800      300      2.4    282.9
S1476        11.8    -16.2        22285        30634      300      2.8     91.3

// === Cluster 204 (8 stops, vol=16.0m3, center=(8.86,-14.99)) ===
S0088         8.6    -15.0        27275        38436      300      2.1    132.1
S0890         9.4    -15.2        37603        53790      300      2.5    116.9
S1895         8.7    -14.8        49447        64800      300      2.5    103.8
S0480        10.3    -15.0        49815        64800      300      1.1    246.2
S0793         8.2    -15.3        52081        64800      300      1.7     60.1
S1648         8.9    -14.2        52737        64800      300      1.7    157.2
S2089         8.0    -15.1        57260        64800      300      2.8    108.5
S0834         8.8    -15.3        34343        54053      300      1.6    284.4

// === Cluster 205 (8 stops, vol=15.7m3, center=(15.03,-18.89)) ===
S1978        16.4    -18.9        27783        49301      300      1.2    377.1
S1414        13.3    -19.9        57452        64800      300      0.9     71.6
S0753        16.0    -17.9        28022        42089      300      3.0     95.0
S1831        16.0    -18.7        22013        37611      300      1.3    300.9
S1208        14.4    -18.3        43481        54490      300      1.5    144.2
S2011        14.9    -19.3        25850        42169      300      2.8    160.1
S1630        15.1    -19.8        43525        54949      300      2.4    226.3
S1836        14.1    -18.3        46945        63191      300      2.6    328.4

// === Cluster 206 (8 stops, vol=16.0m3, center=(16.40,-13.00)) ===
S1907        16.0    -13.1        54391        64800      300      0.9    252.0
S1543        16.3    -13.5        36381        46057      300      2.5    276.7
S1632        15.9    -13.6        53738        64800      300      2.6    248.1
S0765        16.1    -13.2        56082        64800      300      0.7    196.2
S1078        15.9    -13.7        35348        44042      300      2.8    315.4
S0341        17.6    -12.0        43627        51612      300      1.9    391.9
S0372        17.6    -12.1        22807        43781      300      2.3    105.3
S0071        15.8    -12.8        32777        44861      300      2.3    393.1

// === Cluster 207 (8 stops, vol=16.8m3, center=(14.06,-8.89)) ===
S0349        15.4     -9.8        48305        64800      300      1.5    184.9
S1233         2.3     -0.1        56555        64800      300      1.9    294.3
S0965        16.7    -10.3        48843        59061      300      1.7    137.2
S1709        14.4     -8.7        41137        53124      300      1.8     66.6
S0047        17.4    -11.1        25564        45074      300      2.4    100.6
S1948        15.2    -10.2        26640        45081      300      2.6    167.4
S0541        14.4     -9.2        43754        56704      300      2.2    103.4
S1377        16.7    -11.7        27640        40328      300      2.7    223.0

// === Cluster 208 (8 stops, vol=15.9m3, center=(11.48,-1.18)) ===
S1146        12.7     -1.0        27636        42387      300      1.0    220.0
S1272        13.1     -2.6        26534        37944      300      2.5    101.7
S1928        11.8     -1.3        42559        55934      300      0.6     77.5
S1186        11.4     -0.7        35407        44796      300      3.0     99.0
S0690        10.7     -0.6        22474        33980      300      2.6    189.8
S1242        11.4     -1.6        33710        41976      300      2.4    207.7
S1942        11.8     -1.1        51512        64800      300      2.2    247.4
S0373         8.9     -0.5        41538        53751      300      1.6     61.9

// === Cluster 209 (8 stops, vol=15.7m3, center=(14.24,-10.83)) ===
S0124        13.2    -10.1        23648        35342      300      0.9    259.9
S1073        13.8     -9.6        35501        50913      300      3.0    286.0
S0701        12.3    -10.3        55315        64800      300      1.3    180.7
S1468        15.8    -12.2        55227        64800      300      2.1    206.2
S1485        15.1    -11.1        53038        60738      300      1.6    281.0
S0657        15.0    -10.9        43705        57384      300      1.6    197.6
S1289        15.1    -12.0        34234        51851      300      2.8    100.0
S0654        13.6    -10.4        43557        62749      300      2.4    318.3

// === Cluster 210 (8 stops, vol=15.9m3, center=(15.08,1.93)) ===
S1203        15.6      2.6        22773        32732      300      0.7    233.4
S0168        13.9      1.8        51284        64800      300      0.7    214.7
S1793        13.4      4.0        51273        62654      300      0.7    290.5
S0531        16.1      1.1        34433        45414      300      2.7    210.1
S0750        15.5      2.4        51376        64800      300      2.7    116.7
S0663        15.3      0.9        30082        51039      300      2.7    272.0
S0907        15.1      1.0        34020        42534      300      2.9    186.8
S0103        15.7      1.6        35271        54190      300      2.8     99.9

// === Cluster 211 (7 stops, vol=15.9m3, center=(15.94,10.71)) ===
S1085        14.4     11.3        45666        55770      300      2.1    205.2
S1638        16.1      8.8        54884        64788      300      1.1     93.9
S1878        16.6     11.4        31258        49117      300      2.5     57.0
S1142        16.1     11.1        49359        60874      300      3.0    295.9
S0297        17.0     10.7        32579        40267      300      2.6    370.1
S1105        14.9     11.2        50788        64800      300      2.4    214.8
S1026        16.5     10.5        49542        64800      300      2.2    103.9

// === Cluster 212 (7 stops, vol=15.9m3, center=(4.37,3.69)) ===
S0160         4.0      3.5        42834        56357      300      1.4    114.2
S0430         4.4      3.0        21895        29504      300      1.0    117.9
S1292         5.0      2.9        28665        38459      300      2.5    262.0
S0402         5.3      4.0        40612        49905      300      2.6    366.8
S1018         4.2      4.4        54907        63979      300      2.8    328.6
S1386         4.3      3.9        43868        54296      300      2.8     57.3
S1391         3.4      4.1        27528        43948      300      2.8    336.1

// === Cluster 213 (7 stops, vol=15.9m3, center=(1.73,8.13)) ===
S1133         1.7      7.1        36727        53021      300      2.1    172.1
S1872         0.8      8.3        21923        41359      300      2.0    389.0
S0949         2.5      8.6        25922        37126      300      2.4    392.2
S0074         3.3      8.3        36096        50813      300      1.5    343.8
S0464         1.7      8.1        46469        56120      300      2.3     85.3
S0540         0.4      8.5        31966        41123      300      2.8    194.7
S0709         1.7      8.0        21681        31359      300      2.8     70.3

// === Cluster 214 (7 stops, vol=15.9m3, center=(9.50,11.71)) ===
S1248        11.0     11.3        34236        51430      300      2.1    116.4
S0048         9.4     12.9        57193        64787      300      2.7    367.7
S2069         9.7     10.6        49613        61821      300      2.6    247.4
S0331         7.5     10.0        50260        64800      300      2.0     84.2
S1431         9.9     12.5        47248        60882      300      1.8    230.3
S0243         9.6     11.6        37796        55571      300      1.8    184.4
S1273         9.4     13.1        48054        64800      300      2.9    212.3

// === Cluster 215 (7 stops, vol=15.7m3, center=(7.57,7.40)) ===
S1728         7.2      7.5        46368        62382      300      1.1     53.3
S0660         8.0      6.4        22264        39306      300      2.5     77.8
S0749         7.0      8.5        37548        53937      300      1.9    171.0
S2042         7.6      7.0        23871        40895      300      2.4    256.7
S0247         7.4      7.8        23121        37928      300      2.6    199.8
S0171         9.0      8.5        52233        64800      300      2.6    245.4
S0487         6.8      6.1        54597        64800      300      2.6    293.4

// === Cluster 216 (7 stops, vol=16.0m3, center=(-4.99,7.31)) ===
S0909        -5.4      7.9        31499        52501      300      2.5    362.6
S1442        -5.0      7.9        54214        64800      300      2.5     72.3
S0517        -3.4      7.2        25724        34395      300      1.0    338.3
S0396        -4.9      7.7        42938        61359      300      2.6    290.9
S1102        -6.0      5.8        44374        63322      300      2.6     59.3
S1121        -5.6      6.8        53236        64800      300      1.9    268.5
S0273        -4.6      7.9        26221        36295      300      2.9    120.8

// === Cluster 217 (7 stops, vol=15.9m3, center=(-6.64,8.40)) ===
S1324        -6.7      8.8        28124        43107      300      2.5     78.4
S0174        -5.7     10.0        41208        51216      300      1.7    347.1
S1603        -6.4      9.1        49465        64800      300      0.6    137.0
S0858        -7.0      7.6        49978        60371      300      3.0    186.2
S1612        -7.0      6.1        57275        64800      300      2.4    100.9
S0030        -6.0      7.8        33540        43030      300      2.9    326.4
S0115        -7.7      9.4        54883        64702      300      2.8     83.2

// === Cluster 218 (7 stops, vol=15.6m3, center=(-2.99,4.51)) ===
S1032        -2.7      4.9        28073        36416      300      2.1     91.8
S1115        -3.4      3.5        36775        55481      300      1.5    137.1
S2071        -3.3      4.4        41408        62932      300      1.5    139.2
S1982        -2.4      8.3        35140        43775      300      2.9    184.0
S0303        -3.6      4.8        57533        64800      300      2.4    340.3
S0688        -2.3      3.3        47495        62767      300      2.6    106.7
S0492        -3.2      2.4        34958        46567      300      2.6    114.8

// === Cluster 219 (7 stops, vol=16.0m3, center=(-9.89,7.81)) ===
S0495       -10.1      8.2        45409        64182      300      0.6    187.2
S0857       -10.3      6.7        56190        64800      300      2.1     76.8
S1061        -8.2      7.9        49838        64800      300      2.5    155.8
S0732       -10.4      7.7        48114        58865      300      2.7    286.6
S0533        -8.7      8.3        21727        34084      300      2.3    331.9
S1863        -9.8      7.8        43195        54286      300      2.9    287.6
S1015       -11.7      8.1        47120        64800      300      2.9    107.6

// === Cluster 220 (7 stops, vol=15.3m3, center=(-15.67,11.46)) ===
S1199       -16.5     11.0        46903        59230      300      0.7    310.9
S1563       -14.9     12.0        48463        61490      300      1.7    302.6
S1262       -15.5     10.9        22490        36113      300      2.9    120.2
S1448       -16.2     11.8        50812        63156      300      2.8    163.2
S0955       -15.6     10.9        53137        64800      300      2.6    190.3
S1526       -16.5     12.1        52275        63359      300      2.3    163.7
S0193       -14.5     11.5        22831        34727      300      2.3    396.3

// === Cluster 221 (7 stops, vol=15.1m3, center=(-14.79,8.24)) ===
S1317       -15.1      8.1        23627        36875      300      1.0    382.6
S1940       -14.9      8.3        31591        41167      300      2.8    229.3
S1601       -15.4      8.7        24839        32867      300      2.5    278.4
S1029       -13.5      8.1        34317        49424      300      2.4    163.1
S1462       -15.4      8.4        55909        64800      300      2.3    204.8
S0470       -15.0      8.1        47630        60188      300      2.3     53.0
S0982       -14.2      8.0        55821        64800      300      1.8    395.8

// === Cluster 222 (7 stops, vol=17.2m3, center=(-16.54,3.64)) ===
S1939       -20.0      4.8        34789        47610      300      2.0    205.2
S0417         0.2      0.6        25595        37039      300      1.9     93.4
S1946       -19.2      5.6        32598        50175      300      3.0    291.8
S1713       -19.1      4.1        23565        39542      300      3.0    176.9
S1999       -19.2      4.4        32188        46332      300      2.2    361.3
S0364       -19.4      2.8        38327        59102      300      2.5    344.0
S2040       -19.1      3.2        49070        61170      300      2.6    105.7

// === Cluster 223 (7 stops, vol=15.9m3, center=(-9.91,2.54)) ===
S1280       -10.0      2.6        27794        47523      300      1.2    132.9
S0751        -9.5      2.9        35424        48583      300      2.1    332.3
S1193        -8.6      2.2        24559        39183      300      2.5    170.0
S0352       -11.4      2.8        37069        51846      300      2.7    301.7
S0479       -10.5      2.6        35432        46527      300      2.6    377.3
S0089        -9.8      2.4        26823        43306      300      1.9    329.8
S1835        -9.6      2.3        25738        34179      300      2.9    290.4

// === Cluster 224 (7 stops, vol=15.8m3, center=(-10.39,-1.21)) ===
S0267        -9.2     -1.6        30854        46448      300      0.8    268.6
S1211        -9.3     -0.4        30189        44222      300      2.5    356.6
S1663       -11.1     -0.9        38801        50787      300      2.3    378.7
S0796       -11.4     -1.3        54212        63182      300      2.4    111.2
S1415        -9.2     -1.8        37152        49044      300      2.4    309.6
S0294       -11.4     -2.1        49379        60792      300      2.7    132.2
S0592       -11.1     -0.4        45217        64151      300      2.7    172.4

// === Cluster 225 (7 stops, vol=17.4m3, center=(-12.50,-8.17)) ===
S0661       -18.5    -11.9        28178        44958      300      2.4    392.3
S0179       -17.1    -12.2        30253        49401      300      2.2    115.7
S1623       -17.4    -10.7        34093        52801      300      2.2    147.6
S0466       -18.5    -10.9        44109        58087      300      2.5    377.9
S0935       -16.1    -11.4        27171        42846      300      2.5    269.9
S1882         1.0     -2.8        25547        34032      300      2.6    285.6
S1020        -0.9      2.7        27529        48577      300      3.0     90.6

// === Cluster 226 (7 stops, vol=15.6m3, center=(-2.64,-9.29)) ===
S1673        -3.3     -9.3        47839        64033      300      3.0    388.3
S1608        -1.7     -9.0        26519        46949      300      0.8    198.5
S0085        -2.4     -9.7        27088        47471      300      1.5    392.4
S1591        -2.8    -10.1        26901        43668      300      2.8    187.0
S1513        -1.9     -8.6        45771        57451      300      2.7    385.2
S0510        -3.6     -9.2        22912        31910      300      2.4    273.6
S0204        -2.8     -9.1        22683        35660      300      2.4    124.6

// === Cluster 227 (7 stops, vol=16.0m3, center=(2.31,-6.23)) ===
S1070         3.1     -6.7        50046        64800      300      2.5    306.8
S0488         2.2     -6.3        26004        38993      300      1.2    194.8
S1118         0.8     -5.1        43668        58523      300      1.4    109.0
S1155         2.2     -6.3        35117        50837      300      2.6    144.0
S1584         1.3     -8.2        31371        52058      300      2.7    120.8
S0013         4.3     -5.0        57112        64800      300      2.7    357.8
S1393         2.3     -6.0        50293        60496      300      2.9     83.9

// === Cluster 228 (7 stops, vol=15.6m3, center=(11.01,-7.97)) ===
S0471        10.0     -8.2        40071        52163      300      1.2    346.7
S1453        10.6     -7.3        23765        41540      300      1.4    331.1
S1359        11.7     -9.2        41536        50807      300      2.8    246.2
S0428        11.2     -7.9        50666        64800      300      2.7    387.7
S0340        11.7     -7.9        35196        43262      300      2.5    345.9
S0729        10.0     -7.2        39112        55086      300      2.4    108.7
S1662        11.9     -8.1        27052        42308      300      2.6    177.9

// === Cluster 229 (7 stops, vol=16.0m3, center=(9.29,-1.97)) ===
S1140         9.7     -2.1        52800        61361      300      2.0     61.9
S1239         9.4     -1.2        25364        32923      300      1.6    172.3
S1159        10.1     -1.3        31546        43420      300      2.4     77.2
S1890         9.0     -2.5        26284        41872      300      1.9    216.1
S1979         8.7     -1.7        27666        39919      300      2.3    111.8
S1714         9.2     -3.9        40789        48050      300      2.9    197.8
S1813         8.9     -1.1        21772        34364      300      2.9    212.1

// === Cluster 230 (6 stops, vol=15.9m3, center=(-10.40,13.37)) ===
S1004       -10.2     12.8        43710        63714      300      2.5    153.0
S0057       -10.4     12.8        52735        64800      300      3.0    127.5
S1501       -11.1     14.3        26232        37576      300      2.7    132.8
S1266       -10.6     13.0        55315        64800      300      2.4     94.4
S1548       -10.6     14.3        54726        64800      300      2.4    348.5
S1364        -9.5     13.0        33545        40939      300      2.9    285.9

// === Cluster 231 (6 stops, vol=15.6m3, center=(5.28,-19.67)) ===
S1861         5.9    -20.0        50991        64800      300      2.2    336.8
S1691         4.0    -19.9        34113        44121      300      2.9    332.3
S0230         6.4    -19.6        49180        64800      300      2.8     88.6
S1107         4.3    -19.8        50794        59175      300      2.7    376.0
S0775         4.8    -19.6        34713        50283      300      2.7    120.4
S0655         6.3    -19.1        53819        62443      300      2.3    231.0
